granularity,dataset_setting,table_group,period,display_name,method,selection_variant,inspired_by,uses_cluster,total,updated,review_ratio,f1,tpr,fpr,fpr_at_tpr90,auc_roc,auc_pr,mal_rate_selected,time_sec,source_file
monthly,extended_features_natural,existing_main_baselines,2016-01,Static,Static,Static,,,3820,0,0.0,0.7350407851336704,0.3702623906705539,0.0094909404659188,0.1541558815070463,0.9210580818053832,0.713967937985939,,1.7626,results/proposed_performance/01_main_performance.csv
monthly,extended_features_natural,existing_main_baselines,2016-02,Static,Static,Static,,,4436,0,0.0,0.7325664958532623,0.3647798742138364,0.0090932053548875,0.4508714321798434,0.886052160430577,0.6993526175173296,,1.9932,results/proposed_performance/01_main_performance.csv
monthly,extended_features_natural,existing_main_baselines,2016-03,Static,Static,Static,,,6454,0,0.0,0.7100652587772225,0.321259842519685,0.008248840006874,0.2787420518989517,0.8987583438992277,0.6831521574009712,,3.0615,results/proposed_performance/01_main_performance.csv
monthly,extended_features_natural,existing_main_baselines,2016-04,Static,Static,Static,,,6981,0,0.0,0.6891363446132509,0.2826797385620915,0.0075365049458313,0.3264248704663212,0.8994112875170479,0.664722714926541,,3.4352,results/proposed_performance/01_main_performance.csv
monthly,extended_features_natural,existing_main_baselines,2016-05,Static,Static,Static,,,4502,0,0.0,0.7305445497833962,0.3517699115044247,0.0064197530864197,0.6081481481481481,0.863758057467497,0.6906738210146548,,2.3902,results/proposed_performance/01_main_performance.csv
monthly,extended_features_natural,existing_main_baselines,2016-06,Static,Static,Static,,,3085,0,0.0,0.7280260953892268,0.3525179856115107,0.0081938012112575,0.8692554328464553,0.8376681625842896,0.6298478091298807,,1.6522,results/proposed_performance/01_main_performance.csv
monthly,extended_features_natural,existing_main_baselines,2016-07,Static,Static,Static,,,3377,0,0.0,0.7670272362518347,0.4261363636363636,0.0079338842975206,0.5857851239669422,0.8774121900826447,0.7298336545948032,,1.8815,results/proposed_performance/01_main_performance.csv
monthly,extended_features_natural,existing_main_baselines,2016-08,Static,Static,Static,,,5447,0,0.0,0.7269503952914182,0.3475177304964539,0.0069629326233872,0.5822240425967643,0.873040313549832,0.6957900627503948,,2.9504,results/proposed_performance/01_main_performance.csv
monthly,extended_features_natural,existing_main_baselines,2016-09,Static,Static,Static,,,1526,0,0.0,0.682555317503356,0.2702702702702703,0.0065312046444121,0.7104499274310595,0.857362805476013,0.635199248857438,,0.8988,results/proposed_performance/01_main_performance.csv
monthly,extended_features_natural,existing_main_baselines,2016-10,Static,Static,Static,,,839,0,0.0,0.7200882128417541,0.3333333333333333,0.0065963060686015,0.934036939313984,0.7777452034268216,0.5633883790752097,,0.5065,results/proposed_performance/01_main_performance.csv
monthly,extended_features_natural,existing_main_baselines,2016-11,Static,Static,Static,,,213,0,0.0,0.7207957436965071,0.3478260869565217,0.0105263157894736,0.9263157894736842,0.7475972540045767,0.5197865133482459,,0.1277,results/proposed_performance/01_main_performance.csv
monthly,extended_features_natural,existing_main_baselines,2016-12,Static,Static,Static,,,75,0,0.0,0.5862884160756501,0.125,0.0,0.7611940298507462,0.7705223880597015,0.4408075659587019,,0.0437,results/proposed_performance/01_main_performance.csv
monthly,extended_features_natural,existing_main_baselines,2017-01,Static,Static,Static,,,5600,0,0.0,0.5699219619892225,0.1166666666666666,0.0096,0.7282,0.7417111666666667,0.3337416417942626,,2.4912,results/proposed_performance/01_main_performance.csv
monthly,extended_features_natural,existing_main_baselines,2017-02,Static,Static,Static,,,5600,0,0.0,0.6088577129722844,0.1666666666666666,0.0084,0.8242,0.7620636666666666,0.4051600909422498,,2.9165,results/proposed_performance/01_main_performance.csv
monthly,extended_features_natural,existing_main_baselines,2017-03,Static,Static,Static,,,5600,0,0.0,0.5440727008644707,0.085,0.0102,0.8774,0.7257866666666667,0.3061429697931317,,2.5005,results/proposed_performance/01_main_performance.csv
monthly,extended_features_natural,existing_main_baselines,2017-04,Static,Static,Static,,,5600,0,0.0,0.5372786417562536,0.085,0.0194,0.6792,0.7552653333333335,0.3071888156083066,,2.5101,results/proposed_performance/01_main_performance.csv
monthly,extended_features_natural,existing_main_baselines,2017-05,Static,Static,Static,,,5600,0,0.0,0.5541969175901159,0.1016666666666666,0.0142,0.4808,0.7578391666666667,0.2906175800621652,,2.2154,results/proposed_performance/01_main_performance.csv
monthly,extended_features_natural,existing_main_baselines,2017-06,Static,Static,Static,,,5600,0,0.0,0.6224895023052175,0.185,0.008,0.5518,0.7766886666666667,0.394006674778013,,2.2762,results/proposed_performance/01_main_performance.csv
monthly,extended_features_natural,existing_main_baselines,2017-07,Static,Static,Static,,,5600,0,0.0,0.6950378609178339,0.2966666666666667,0.0082,0.4514,0.8306616666666666,0.5250098289017929,,2.3665,results/proposed_performance/01_main_performance.csv
monthly,extended_features_natural,existing_main_baselines,2017-08,Static,Static,Static,,,5600,0,0.0,0.6733138360885578,0.26,0.0076,0.437,0.8140365,0.4877778937461046,,2.3035,results/proposed_performance/01_main_performance.csv
monthly,extended_features_natural,existing_main_baselines,2017-09,Static,Static,Static,,,5600,0,0.0,0.6813045415490876,0.285,0.0126,0.428,0.8321045,0.4916304159720841,,2.3651,results/proposed_performance/01_main_performance.csv
monthly,extended_features_natural,existing_main_baselines,2017-10,Static,Static,Static,,,5600,0,0.0,0.6853729133596806,0.2933333333333333,0.0132,0.4217189189189189,0.842616,0.5021640715668276,,2.5534,results/proposed_performance/01_main_performance.csv
monthly,extended_features_natural,existing_main_baselines,2017-11,Static,Static,Static,,,5600,0,0.0,0.6711632811600025,0.265,0.0112,0.6134,0.8056426666666667,0.4633796822728936,,2.5303,results/proposed_performance/01_main_performance.csv
monthly,extended_features_natural,existing_main_baselines,2017-12,Static,Static,Static,,,5600,0,0.0,0.6626157161613905,0.2616666666666666,0.0158,0.4322,0.8029468333333334,0.4181786487400739,,2.4465,results/proposed_performance/01_main_performance.csv
monthly,extended_features_natural,existing_main_baselines,2018-01,Static,Static,Static,,,5600,0,0.0,0.6745068060912367,0.2833333333333333,0.0166,0.469,0.7854999999999999,0.4091307179153923,,2.555,results/proposed_performance/01_main_performance.csv
monthly,extended_features_natural,existing_main_baselines,2018-02,Static,Static,Static,,,5600,0,0.0,0.6408918776051371,0.2333333333333333,0.019,0.7674,0.7591816666666668,0.3538989589730208,,2.5411,results/proposed_performance/01_main_performance.csv
monthly,extended_features_natural,existing_main_baselines,2018-03,Static,Static,Static,,,5600,0,0.0,0.5807839320297028,0.3166666666666666,0.1258,0.465,0.7658491666666667,0.2853487270655649,,2.7519,results/proposed_performance/01_main_performance.csv
monthly,extended_features_natural,existing_main_baselines,2018-04,Static,Static,Static,,,5600,0,0.0,0.6347268747663537,0.265,0.0398,0.3272,0.8505148333333333,0.4132989157724301,,2.5163,results/proposed_performance/01_main_performance.csv
monthly,extended_features_natural,existing_main_baselines,2018-05,Static,Static,Static,,,5600,0,0.0,0.6195174853075314,0.2233333333333333,0.032,0.4704,0.7799661666666666,0.3413466480136216,,2.3765,results/proposed_performance/01_main_performance.csv
monthly,extended_features_natural,existing_main_baselines,2018-06,Static,Static,Static,,,5600,0,0.0,0.7000756766381766,0.3083333333333333,0.0094,0.349,0.8871781666666666,0.6044142035399243,,2.4135,results/proposed_performance/01_main_performance.csv
monthly,extended_features_natural,existing_main_baselines,2018-07,Static,Static,Static,,,5600,0,0.0,0.7014522761074334,0.3166666666666666,0.0116,0.3408,0.8884701666666667,0.5864132086961578,,3.1298,results/proposed_performance/01_main_performance.csv
monthly,extended_features_natural,existing_main_baselines,2018-08,Static,Static,Static,,,5600,0,0.0,0.6962248785361178,0.305,0.0106,0.3342,0.8896365,0.613936223117887,,2.7213,results/proposed_performance/01_main_performance.csv
monthly,extended_features_natural,existing_main_baselines,2018-09,Static,Static,Static,,,5600,0,0.0,0.695987794193178,0.2966666666666667,0.0076,0.2486,0.909923,0.6738367357205242,,2.9015,results/proposed_performance/01_main_performance.csv
monthly,extended_features_natural,existing_main_baselines,2018-10,Static,Static,Static,,,5558,0,0.0,0.5673503920551546,0.1111111111111111,0.009,0.6008,0.8059548387096774,0.3953905759172097,,2.8674,results/proposed_performance/01_main_performance.csv
monthly,extended_features_natural,existing_main_baselines,2018-11,Static,Static,Static,,,5437,0,0.0,0.5491402391758383,0.0938215102974828,0.0174,0.459,0.8334594965675057,0.3037033192582754,,2.9731,results/proposed_performance/01_main_performance.csv
monthly,extended_features_natural,existing_main_baselines,2018-12,Static,Static,Static,,,907,0,0.0,0.5177242112725984,0.0526315789473684,0.0211764705882352,0.7270588235294118,0.7509907120743033,0.1633913526208791,,0.718,results/proposed_performance/01_main_performance.csv
monthly,extended_features_natural,existing_main_baselines,2016-01,PeriodicRetraining,PeriodicRetraining,PeriodicRetraining,,,3820,34644,9.069109947643978,0.7709800981715387,0.7638483965014577,0.0793787748058671,0.1872303710094909,0.9197978217541176,0.6310554797830784,,13.9961,results/proposed_performance/01_main_performance.csv
monthly,extended_features_natural,existing_main_baselines,2016-02,PeriodicRetraining,PeriodicRetraining,PeriodicRetraining,,,4436,36936,8.326420198376915,0.7892205826731682,0.4549266247379455,0.0037888355645364,0.3720636524374842,0.9058687500761208,0.773623617071315,,14.9661,results/proposed_performance/01_main_performance.csv
monthly,extended_features_natural,existing_main_baselines,2016-03,PeriodicRetraining,PeriodicRetraining,PeriodicRetraining,,,6454,39597,6.1352649519677716,0.903312057439416,0.8110236220472441,0.0168413816807011,0.0596322392163602,0.9588754189709788,0.8666457246837262,,17.6449,results/proposed_performance/01_main_performance.csv
monthly,extended_features_natural,existing_main_baselines,2016-04,PeriodicRetraining,PeriodicRetraining,PeriodicRetraining,,,6981,43470,6.2269015900300815,0.7651505356050536,0.3905228758169934,0.0006280420788192,0.1653320772491757,0.9459225753419598,0.8230488729220928,,19.3717,results/proposed_performance/01_main_performance.csv
monthly,extended_features_natural,existing_main_baselines,2016-05,PeriodicRetraining,PeriodicRetraining,PeriodicRetraining,,,4502,47658,10.585961794757885,0.8847871150231217,0.6570796460176991,0.0009876543209876,0.1385185185185185,0.9478679121599476,0.884897424351882,,20.3424,results/proposed_performance/01_main_performance.csv
monthly,extended_features_natural,existing_main_baselines,2016-06,PeriodicRetraining,PeriodicRetraining,PeriodicRetraining,,,3085,50359,16.32382495948136,0.8920729839152826,0.7194244604316546,0.0074812967581047,0.2575703598147488,0.9275930164311728,0.8174941935359727,,21.6043,results/proposed_performance/01_main_performance.csv
monthly,extended_features_natural,existing_main_baselines,2016-07,PeriodicRetraining,PeriodicRetraining,PeriodicRetraining,,,3377,52210,15.460467870891323,0.873752014200712,0.6505681818181818,0.0046280991735537,0.1190082644628099,0.9382860631104432,0.8584227455053728,,22.2801,results/proposed_performance/01_main_performance.csv
monthly,extended_features_natural,existing_main_baselines,2016-08,PeriodicRetraining,PeriodicRetraining,PeriodicRetraining,,,5447,54237,9.957224160088122,0.8873154271098449,0.7943262411347518,0.0227319270939995,0.169567888593078,0.9336197518384088,0.8434109470349717,,24.2196,results/proposed_performance/01_main_performance.csv
monthly,extended_features_natural,existing_main_baselines,2016-09,PeriodicRetraining,PeriodicRetraining,PeriodicRetraining,,,1526,57505,37.68348623853211,0.9043979451196592,0.7702702702702703,0.0101596516690856,0.1872278664731494,0.9559560467579336,0.8510704139913386,,24.2557,results/proposed_performance/01_main_performance.csv
monthly,extended_features_natural,existing_main_baselines,2016-10,PeriodicRetraining,PeriodicRetraining,PeriodicRetraining,,,839,58420,69.63051251489868,0.8302599959537544,0.5555555555555556,0.0065963060686015,0.1662269129287599,0.9605931789309098,0.8054756215556163,,23.6987,results/proposed_performance/01_main_performance.csv
monthly,extended_features_natural,existing_main_baselines,2016-11,PeriodicRetraining,PeriodicRetraining,PeriodicRetraining,,,213,58924,276.63849765258215,0.8447624726694494,0.6086956521739131,0.0105263157894736,0.5894736842105263,0.8189931350114417,0.6817130887472801,,23.7668,results/proposed_performance/01_main_performance.csv
monthly,extended_features_natural,existing_main_baselines,2016-12,PeriodicRetraining,PeriodicRetraining,PeriodicRetraining,,,75,59052,787.36,0.5862884160756501,0.125,0.0,0.7164179104477612,0.75,0.4925740203083953,,23.8019,results/proposed_performance/01_main_performance.csv
monthly,extended_features_natural,existing_main_baselines,2017-01,PeriodicRetraining,PeriodicRetraining,PeriodicRetraining,,,5600,59097,10.553035714285715,0.7709229511167898,0.4866666666666667,0.022,0.2874,0.8711258333333333,0.6001211606130301,,26.1787,results/proposed_performance/01_main_performance.csv
monthly,extended_features_natural,existing_main_baselines,2017-02,PeriodicRetraining,PeriodicRetraining,PeriodicRetraining,,,5600,62457,11.153035714285714,0.8897326127314993,0.7083333333333334,0.0074,0.0156,0.9722223333333332,0.9065164441057744,,28.1812,results/proposed_performance/01_main_performance.csv
monthly,extended_features_natural,existing_main_baselines,2017-03,PeriodicRetraining,PeriodicRetraining,PeriodicRetraining,,,5600,65817,11.753035714285714,0.8097330729166667,0.5216666666666666,0.0094,0.0638,0.9401871666666668,0.814610979930055,,30.457,results/proposed_performance/01_main_performance.csv
monthly,extended_features_natural,existing_main_baselines,2017-04,PeriodicRetraining,PeriodicRetraining,PeriodicRetraining,,,5600,69177,12.353035714285713,0.931787366785735,0.8016666666666666,0.0032,0.0138,0.9545913333333332,0.9157598491980744,,31.8272,results/proposed_performance/01_main_performance.csv
monthly,extended_features_natural,existing_main_baselines,2017-05,PeriodicRetraining,PeriodicRetraining,PeriodicRetraining,,,5600,72537,12.953035714285715,0.8642733744356352,0.6383333333333333,0.0068,0.2606,0.9282575,0.8228430422376279,,33.083,results/proposed_performance/01_main_performance.csv
monthly,extended_features_natural,existing_main_baselines,2017-06,PeriodicRetraining,PeriodicRetraining,PeriodicRetraining,,,5600,75897,13.553035714285715,0.733243485029801,0.35,0.004,0.576,0.8481775,0.7142710676258985,,34.0635,results/proposed_performance/01_main_performance.csv
monthly,extended_features_natural,existing_main_baselines,2017-07,PeriodicRetraining,PeriodicRetraining,PeriodicRetraining,,,5600,79257,14.153035714285714,0.8726808094902165,0.7966666666666666,0.0316,0.2688,0.9239265,0.8103408709378743,,35.8856,results/proposed_performance/01_main_performance.csv
monthly,extended_features_natural,existing_main_baselines,2017-08,PeriodicRetraining,PeriodicRetraining,PeriodicRetraining,,,5600,82617,14.753035714285714,0.8586511931454713,0.5983333333333334,0.0018,0.1026,0.9380848333333334,0.871617059113203,,37.188,results/proposed_performance/01_main_performance.csv
monthly,extended_features_natural,existing_main_baselines,2017-09,PeriodicRetraining,PeriodicRetraining,PeriodicRetraining,,,5600,85977,15.353035714285713,0.8271048576885176,0.62,0.022,0.0526,0.9699736666666668,0.8020800208233091,,38.4454,results/proposed_performance/01_main_performance.csv
monthly,extended_features_natural,existing_main_baselines,2017-10,PeriodicRetraining,PeriodicRetraining,PeriodicRetraining,,,5600,89337,15.953035714285715,0.8838906581740976,0.76,0.0192,0.0272,0.9713953333333334,0.8635749716211538,,40.33,results/proposed_performance/01_main_performance.csv
monthly,extended_features_natural,existing_main_baselines,2017-11,PeriodicRetraining,PeriodicRetraining,PeriodicRetraining,,,5600,92697,16.553035714285713,0.9485113622585708,0.8766666666666667,0.0066,0.0104,0.9781795,0.9354007892742564,,41.4851,results/proposed_performance/01_main_performance.csv
monthly,extended_features_natural,existing_main_baselines,2017-12,PeriodicRetraining,PeriodicRetraining,PeriodicRetraining,,,5600,96057,17.153035714285714,0.8665129044375417,0.965,0.0654,0.014,0.974953,0.9139968638136688,,42.4987,results/proposed_performance/01_main_performance.csv
monthly,extended_features_natural,existing_main_baselines,2018-01,PeriodicRetraining,PeriodicRetraining,PeriodicRetraining,,,5600,99417,17.753035714285716,0.8837722349325515,0.845,0.034,0.036,0.9615288333333332,0.7660161250306178,,43.8529,results/proposed_performance/01_main_performance.csv
monthly,extended_features_natural,existing_main_baselines,2018-02,PeriodicRetraining,PeriodicRetraining,PeriodicRetraining,,,5600,102777,18.353035714285713,0.9187154960817412,0.8766666666666667,0.0208,0.0268,0.9783091666666668,0.8704269037713531,,45.2399,results/proposed_performance/01_main_performance.csv
monthly,extended_features_natural,existing_main_baselines,2018-03,PeriodicRetraining,PeriodicRetraining,PeriodicRetraining,,,5600,106137,18.953035714285715,0.7114508453984003,0.8266666666666667,0.1616,0.1812,0.8689023333333332,0.4722620632625758,,46.5542,results/proposed_performance/01_main_performance.csv
monthly,extended_features_natural,existing_main_baselines,2018-04,PeriodicRetraining,PeriodicRetraining,PeriodicRetraining,,,5600,109497,19.553035714285713,0.8776742239958585,0.6816666666666666,0.0084,0.2342,0.9407913333333332,0.8256827128539339,,48.4962,results/proposed_performance/01_main_performance.csv
monthly,extended_features_natural,existing_main_baselines,2018-05,PeriodicRetraining,PeriodicRetraining,PeriodicRetraining,,,5600,112857,20.153035714285714,0.9465199017717312,0.89,0.0094,0.0104,0.9690495,0.9108498921282816,,50.8114,results/proposed_performance/01_main_performance.csv
monthly,extended_features_natural,existing_main_baselines,2018-06,PeriodicRetraining,PeriodicRetraining,PeriodicRetraining,,,5600,116217,20.753035714285716,0.9265199638774612,0.95,0.028,0.0148,0.9819703333333332,0.9169670293595846,,52.4707,results/proposed_performance/01_main_performance.csv
monthly,extended_features_natural,existing_main_baselines,2018-07,PeriodicRetraining,PeriodicRetraining,PeriodicRetraining,,,5600,119577,21.353035714285713,0.9048470569364626,0.8116666666666666,0.0174,0.0376,0.9642626666666668,0.8872221049639694,,50.8426,results/proposed_performance/01_main_performance.csv
monthly,extended_features_natural,existing_main_baselines,2018-08,PeriodicRetraining,PeriodicRetraining,PeriodicRetraining,,,5600,122937,21.953035714285715,0.90235600331087,0.8016666666666666,0.017,0.0542,0.9553556666666668,0.8384908481480539,,51.7104,results/proposed_performance/01_main_performance.csv
monthly,extended_features_natural,existing_main_baselines,2018-09,PeriodicRetraining,PeriodicRetraining,PeriodicRetraining,,,5600,126297,22.553035714285713,0.9394659832268076,0.8783333333333333,0.011,0.0126,0.9769333333333332,0.9252505342245492,,52.9887,results/proposed_performance/01_main_performance.csv
monthly,extended_features_natural,existing_main_baselines,2018-10,PeriodicRetraining,PeriodicRetraining,PeriodicRetraining,,,5558,129657,23.327995681899964,0.8534314539223251,0.7383512544802867,0.0298,0.339,0.9038657706093188,0.7428801209818112,,55.2062,results/proposed_performance/01_main_performance.csv
monthly,extended_features_natural,existing_main_baselines,2018-11,PeriodicRetraining,PeriodicRetraining,PeriodicRetraining,,,5437,132991,24.46036417141806,0.9058330257697498,0.8489702517162472,0.0178,0.0698,0.94543295194508,0.8009847721582004,,56.349,results/proposed_performance/01_main_performance.csv
monthly,extended_features_natural,existing_main_baselines,2018-12,PeriodicRetraining,PeriodicRetraining,PeriodicRetraining,,,907,136254,150.22491730981258,0.8046942291128338,0.4736842105263157,0.0023529411764705,0.1964705882352941,0.9356037151702786,0.7643910865663258,,56.2787,results/proposed_performance/01_main_performance.csv
monthly,extended_features_natural,existing_main_baselines,2016-01,FullLabelUpdate,FullLabelUpdate,FullLabelUpdate,,,3820,3820,1.0,0.7350407851336704,0.3702623906705539,0.0094909404659188,0.1541558815070463,0.9210580818053832,0.713967937985939,,1.6097,results/proposed_performance/01_main_performance.csv
monthly,extended_features_natural,existing_main_baselines,2016-02,FullLabelUpdate,FullLabelUpdate,FullLabelUpdate,,,4436,4436,1.0,0.9044676583069664,0.7610062893081762,0.0093457943925233,0.0391513008335438,0.959091696175103,0.8934866269782816,,1.8972,results/proposed_performance/01_main_performance.csv
monthly,extended_features_natural,existing_main_baselines,2016-03,FullLabelUpdate,FullLabelUpdate,FullLabelUpdate,,,6454,6454,1.0,0.9210895072360225,0.8755905511811024,0.0180443375150369,0.0362605258635504,0.9602400769675228,0.8932427746589323,,2.8671,results/proposed_performance/01_main_performance.csv
monthly,extended_features_natural,existing_main_baselines,2016-04,FullLabelUpdate,FullLabelUpdate,FullLabelUpdate,,,6981,6981,1.0,0.9205723479328376,0.8529411764705882,0.0136599152143193,0.0411367561626629,0.9682035738878164,0.8913146457173103,,3.1984,results/proposed_performance/01_main_performance.csv
monthly,extended_features_natural,existing_main_baselines,2016-05,FullLabelUpdate,FullLabelUpdate,FullLabelUpdate,,,4502,4502,1.0,0.8864292020971515,0.6703539823008849,0.0024691358024691,0.0787654320987654,0.9575950508030152,0.8932111166815052,,2.1923,results/proposed_performance/01_main_performance.csv
monthly,extended_features_natural,existing_main_baselines,2016-06,FullLabelUpdate,FullLabelUpdate,FullLabelUpdate,,,3085,3085,1.0,0.847628327166924,0.9712230215827338,0.067687923049519,0.0321020109823962,0.9725391044485396,0.844599854737875,,1.5306,results/proposed_performance/01_main_performance.csv
monthly,extended_features_natural,existing_main_baselines,2016-07,FullLabelUpdate,FullLabelUpdate,FullLabelUpdate,,,3377,3377,1.0,0.9053929121725732,0.7642045454545454,0.0092561983471074,0.0310743801652892,0.9737894440270474,0.893591444057396,,1.7173,results/proposed_performance/01_main_performance.csv
monthly,extended_features_natural,existing_main_baselines,2016-08,FullLabelUpdate,FullLabelUpdate,FullLabelUpdate,,,5447,5447,1.0,0.8723384878313553,0.8812056737588653,0.0454638541879991,0.0640999385623592,0.953419411389638,0.842867484363456,,2.7028,results/proposed_performance/01_main_performance.csv
monthly,extended_features_natural,existing_main_baselines,2016-09,FullLabelUpdate,FullLabelUpdate,FullLabelUpdate,,,1526,1526,1.0,0.8926475317575173,0.7837837837837838,0.0174165457184325,0.1037735849056603,0.9536392342996116,0.8371349171417212,,0.8375,results/proposed_performance/01_main_performance.csv
monthly,extended_features_natural,existing_main_baselines,2016-10,FullLabelUpdate,FullLabelUpdate,FullLabelUpdate,,,839,839,1.0,0.8784177336493378,0.6666666666666666,0.0052770448548812,0.0580474934036939,0.9747630215967946,0.8682891584232869,,0.4642,results/proposed_performance/01_main_performance.csv
monthly,extended_features_natural,existing_main_baselines,2016-11,FullLabelUpdate,FullLabelUpdate,FullLabelUpdate,,,213,213,1.0,0.8384951881014873,0.6956521739130435,0.031578947368421,0.1736842105263158,0.9264302059496567,0.7594479523589943,,0.1249,results/proposed_performance/01_main_performance.csv
monthly,extended_features_natural,existing_main_baselines,2016-12,FullLabelUpdate,FullLabelUpdate,FullLabelUpdate,,,75,75,1.0,0.5862884160756501,0.125,0.0,0.9104477611940298,0.7304104477611941,0.4536248409538493,,0.0472,results/proposed_performance/01_main_performance.csv
monthly,extended_features_natural,existing_main_baselines,2017-01,FullLabelUpdate,FullLabelUpdate,FullLabelUpdate,,,5600,5600,1.0,0.8098189180991728,0.6016666666666667,0.0276,0.1332,0.9159445,0.6914947917419259,,2.3456,results/proposed_performance/01_main_performance.csv
monthly,extended_features_natural,existing_main_baselines,2017-02,FullLabelUpdate,FullLabelUpdate,FullLabelUpdate,,,5600,5600,1.0,0.9303234555569996,0.7933333333333333,0.0026,0.0146,0.9730795,0.9359545181609176,,2.6883,results/proposed_performance/01_main_performance.csv
monthly,extended_features_natural,existing_main_baselines,2017-03,FullLabelUpdate,FullLabelUpdate,FullLabelUpdate,,,5600,5600,1.0,0.9382517665884504,0.8183333333333334,0.0028,0.075,0.9465373333333332,0.8994017556229347,,2.27,results/proposed_performance/01_main_performance.csv
monthly,extended_features_natural,existing_main_baselines,2017-04,FullLabelUpdate,FullLabelUpdate,FullLabelUpdate,,,5600,5600,1.0,0.8430730860232658,0.925,0.0736,0.0224,0.972902,0.8925836535503282,,2.3128,results/proposed_performance/01_main_performance.csv
monthly,extended_features_natural,existing_main_baselines,2017-05,FullLabelUpdate,FullLabelUpdate,FullLabelUpdate,,,5600,5600,1.0,0.7748725287787788,0.8916666666666667,0.1186,0.1632,0.943368,0.8375563239205466,,2.1259,results/proposed_performance/01_main_performance.csv
monthly,extended_features_natural,existing_main_baselines,2017-06,FullLabelUpdate,FullLabelUpdate,FullLabelUpdate,,,5600,5600,1.0,0.929021682186132,0.82,0.0072,0.0762,0.9663121666666666,0.8917989656154356,,2.1458,results/proposed_performance/01_main_performance.csv
monthly,extended_features_natural,existing_main_baselines,2017-07,FullLabelUpdate,FullLabelUpdate,FullLabelUpdate,,,5600,5600,1.0,0.9507366906005384,0.8866666666666667,0.007,0.007,0.9829525,0.9447928393904724,,2.2454,results/proposed_performance/01_main_performance.csv
monthly,extended_features_natural,existing_main_baselines,2017-08,FullLabelUpdate,FullLabelUpdate,FullLabelUpdate,,,5600,5600,1.0,0.9609872933439496,0.91,0.0056,0.005,0.9842935,0.9509888238916936,,2.1974,results/proposed_performance/01_main_performance.csv
monthly,extended_features_natural,existing_main_baselines,2017-09,FullLabelUpdate,FullLabelUpdate,FullLabelUpdate,,,5600,5600,1.0,0.9469022219236932,0.9533333333333334,0.0182,0.0122,0.9824156666666666,0.9101323248825288,,2.3744,results/proposed_performance/01_main_performance.csv
monthly,extended_features_natural,existing_main_baselines,2017-10,FullLabelUpdate,FullLabelUpdate,FullLabelUpdate,,,5600,5600,1.0,0.9521467685117366,0.8683333333333333,0.0038,0.006,0.9806011666666666,0.9479947796952796,,2.7625,results/proposed_performance/01_main_performance.csv
monthly,extended_features_natural,existing_main_baselines,2017-11,FullLabelUpdate,FullLabelUpdate,FullLabelUpdate,,,5600,5600,1.0,0.9531961558164048,0.8716666666666667,0.0038,0.0052,0.9831195,0.9585816526252376,,2.5832,results/proposed_performance/01_main_performance.csv
monthly,extended_features_natural,existing_main_baselines,2017-12,FullLabelUpdate,FullLabelUpdate,FullLabelUpdate,,,5600,5600,1.0,0.9398251045781448,0.8533333333333334,0.0072,0.0174,0.9838278333333332,0.9092510179908804,,2.287,results/proposed_performance/01_main_performance.csv
monthly,extended_features_natural,existing_main_baselines,2018-01,FullLabelUpdate,FullLabelUpdate,FullLabelUpdate,,,5600,5600,1.0,0.9237244036403024,0.9416666666666668,0.0282,0.0216,0.9689601666666666,0.8921944921191328,,2.3576,results/proposed_performance/01_main_performance.csv
monthly,extended_features_natural,existing_main_baselines,2018-02,FullLabelUpdate,FullLabelUpdate,FullLabelUpdate,,,5600,5600,1.0,0.9129445211881804,0.8416666666666667,0.0182,0.0216,0.9747828333333334,0.8510074321284232,,2.3053,results/proposed_performance/01_main_performance.csv
monthly,extended_features_natural,existing_main_baselines,2018-03,FullLabelUpdate,FullLabelUpdate,FullLabelUpdate,,,5600,5600,1.0,0.7220755257213756,0.8816666666666667,0.1652,0.1664,0.8472696666666666,0.3807525114309855,,2.5316,results/proposed_performance/01_main_performance.csv
monthly,extended_features_natural,existing_main_baselines,2018-04,FullLabelUpdate,FullLabelUpdate,FullLabelUpdate,,,5600,5600,1.0,0.9011339800083198,0.735,0.0066,0.0444,0.9673236666666668,0.8844219820836049,,2.463,results/proposed_performance/01_main_performance.csv
monthly,extended_features_natural,existing_main_baselines,2018-05,FullLabelUpdate,FullLabelUpdate,FullLabelUpdate,,,5600,5600,1.0,0.9537915047095956,0.9066666666666666,0.0084,0.0072,0.9745343333333334,0.9182606096371058,,2.3014,results/proposed_performance/01_main_performance.csv
monthly,extended_features_natural,existing_main_baselines,2018-06,FullLabelUpdate,FullLabelUpdate,FullLabelUpdate,,,5600,5600,1.0,0.9393727465797402,0.9483333333333334,0.0212,0.0114,0.9803445,0.9244616516758536,,2.3827,results/proposed_performance/01_main_performance.csv
monthly,extended_features_natural,existing_main_baselines,2018-07,FullLabelUpdate,FullLabelUpdate,FullLabelUpdate,,,5600,5600,1.0,0.9490569929808306,0.9266666666666666,0.0134,0.0118,0.9720898333333334,0.9242547554774873,,2.9452,results/proposed_performance/01_main_performance.csv
monthly,extended_features_natural,existing_main_baselines,2018-08,FullLabelUpdate,FullLabelUpdate,FullLabelUpdate,,,5600,5600,1.0,0.9390551465752116,0.95,0.0216,0.0144,0.9742718333333332,0.9242876012154208,,2.6676,results/proposed_performance/01_main_performance.csv
monthly,extended_features_natural,existing_main_baselines,2018-09,FullLabelUpdate,FullLabelUpdate,FullLabelUpdate,,,5600,5600,1.0,0.9459250252563016,0.86,0.0054,0.0078,0.973184,0.9283750623460668,,2.8211,results/proposed_performance/01_main_performance.csv
monthly,extended_features_natural,existing_main_baselines,2018-10,FullLabelUpdate,FullLabelUpdate,FullLabelUpdate,,,5558,5558,1.0,0.88755113151467,0.6863799283154122,0.0046,0.3626,0.92766541218638,0.8391822051270508,,2.722,results/proposed_performance/01_main_performance.csv
monthly,extended_features_natural,existing_main_baselines,2018-11,FullLabelUpdate,FullLabelUpdate,FullLabelUpdate,,,5437,5437,1.0,0.8588139157615398,0.8993135011441648,0.045,0.0454,0.9708205949656752,0.8179856762856991,,2.7152,results/proposed_performance/01_main_performance.csv
monthly,extended_features_natural,existing_main_baselines,2018-12,FullLabelUpdate,FullLabelUpdate,FullLabelUpdate,,,907,907,1.0,0.8919214902997736,0.7192982456140351,0.0058823529411764,0.0317647058823529,0.956078431372549,0.8123775892393221,,0.6689,results/proposed_performance/01_main_performance.csv
monthly,extended_features_natural,existing_main_baselines,2016-01,RandomSelectiveUpdate,RandomSelectiveUpdate,RandomSelectiveUpdate,,,3820,1146,0.3,0.7350407851336704,0.3702623906705539,0.0094909404659188,0.1541558815070463,0.9210580818053832,0.713967937985939,0.0872600349040139,1.6267,results/proposed_performance/01_main_performance.csv
monthly,extended_features_natural,existing_main_baselines,2016-02,RandomSelectiveUpdate,RandomSelectiveUpdate,RandomSelectiveUpdate,,,4436,1330,0.29981965734896304,0.8861342848520806,0.7924528301886793,0.023743369537762,0.2028289972215206,0.9349768565956188,0.8121336393592722,0.1037593984962406,1.9239,results/proposed_performance/01_main_performance.csv
monthly,extended_features_natural,existing_main_baselines,2016-03,RandomSelectiveUpdate,RandomSelectiveUpdate,RandomSelectiveUpdate,,,6454,1936,0.29996901146575766,0.916036187325552,0.7921259842519685,0.0084206908403505,0.0369479291974566,0.9574612354586456,0.8946952453206014,0.1017561983471074,2.9103,results/proposed_performance/01_main_performance.csv
monthly,extended_features_natural,existing_main_baselines,2016-04,RandomSelectiveUpdate,RandomSelectiveUpdate,RandomSelectiveUpdate,,,6981,2094,0.29995702621400944,0.907890833860115,0.7565359477124183,0.0062804207881928,0.0949913644214162,0.9596994787866472,0.8709751434965848,0.0802292263610315,3.1847,results/proposed_performance/01_main_performance.csv
monthly,extended_features_natural,existing_main_baselines,2016-05,RandomSelectiveUpdate,RandomSelectiveUpdate,RandomSelectiveUpdate,,,4502,1350,0.2998667258996002,0.9116415417856892,0.7632743362831859,0.0061728395061728,0.0716049382716049,0.9640516770457772,0.8973027217580937,0.0896296296296296,2.2238,results/proposed_performance/01_main_performance.csv
monthly,extended_features_natural,existing_main_baselines,2016-06,RandomSelectiveUpdate,RandomSelectiveUpdate,RandomSelectiveUpdate,,,3085,925,0.29983792544570503,0.9135854341736694,0.8489208633093526,0.0163876024225151,0.0267189169932312,0.9740948246034452,0.876763423096298,0.0918918918918919,1.5404,results/proposed_performance/01_main_performance.csv
monthly,extended_features_natural,existing_main_baselines,2016-07,RandomSelectiveUpdate,RandomSelectiveUpdate,RandomSelectiveUpdate,,,3377,1013,0.29997038791827063,0.9113463749355012,0.8778409090909091,0.0241322314049586,0.0261157024793388,0.9792660593538692,0.879528783389797,0.1016781836130306,1.7651,results/proposed_performance/01_main_performance.csv
monthly,extended_features_natural,existing_main_baselines,2016-08,RandomSelectiveUpdate,RandomSelectiveUpdate,RandomSelectiveUpdate,,,5447,1634,0.2999816412704241,0.9023864702026544,0.8085106382978723,0.0176121236944501,0.0727012082736023,0.9493616948655272,0.8513120228457624,0.1034271725826193,2.7248,results/proposed_performance/01_main_performance.csv
monthly,extended_features_natural,existing_main_baselines,2016-09,RandomSelectiveUpdate,RandomSelectiveUpdate,RandomSelectiveUpdate,,,1526,457,0.299475753604194,0.8912338033472522,0.722972972972973,0.0087082728592162,0.1995645863570392,0.9434526144431804,0.8355121153352028,0.087527352297593,0.8779,results/proposed_performance/01_main_performance.csv
monthly,extended_features_natural,existing_main_baselines,2016-10,RandomSelectiveUpdate,RandomSelectiveUpdate,RandomSelectiveUpdate,,,839,251,0.29916567342073896,0.8519320081738807,0.6296296296296297,0.0105540897097625,0.0831134564643799,0.970365484217727,0.837875392886334,0.1075697211155378,0.4633,results/proposed_performance/01_main_performance.csv
monthly,extended_features_natural,existing_main_baselines,2016-11,RandomSelectiveUpdate,RandomSelectiveUpdate,RandomSelectiveUpdate,,,213,63,0.29577464788732394,0.8679315476190477,0.6956521739130435,0.0157894736842105,0.6105263157894737,0.8874141876430207,0.788213816716045,0.0793650793650793,0.1269,results/proposed_performance/01_main_performance.csv
monthly,extended_features_natural,existing_main_baselines,2016-12,RandomSelectiveUpdate,RandomSelectiveUpdate,RandomSelectiveUpdate,,,75,22,0.29333333333333333,0.6785714285714286,0.25,0.0,0.8656716417910447,0.7257462686567164,0.4766539654609819,0.1363636363636363,0.0523,results/proposed_performance/01_main_performance.csv
monthly,extended_features_natural,existing_main_baselines,2017-01,RandomSelectiveUpdate,RandomSelectiveUpdate,RandomSelectiveUpdate,,,5600,1680,0.3,0.5222933095273521,0.9716666666666668,0.4524,0.404,0.7851984999999999,0.4391032644372643,0.0964285714285714,2.3264,results/proposed_performance/01_main_performance.csv
monthly,extended_features_natural,existing_main_baselines,2017-02,RandomSelectiveUpdate,RandomSelectiveUpdate,RandomSelectiveUpdate,,,5600,1680,0.3,0.8677968370671006,0.9516666666666668,0.0622,0.054,0.9738448333333334,0.8471195239234407,0.1125,2.6776,results/proposed_performance/01_main_performance.csv
monthly,extended_features_natural,existing_main_baselines,2017-03,RandomSelectiveUpdate,RandomSelectiveUpdate,RandomSelectiveUpdate,,,5600,1680,0.3,0.8975863129514193,0.8633333333333333,0.0296,0.0832,0.9428676666666668,0.8271305141989757,0.1023809523809523,2.3613,results/proposed_performance/01_main_performance.csv
monthly,extended_features_natural,existing_main_baselines,2017-04,RandomSelectiveUpdate,RandomSelectiveUpdate,RandomSelectiveUpdate,,,5600,1680,0.3,0.9274517424536856,0.9,0.02,0.019,0.9648038333333332,0.8961369564807498,0.1160714285714285,2.4091,results/proposed_performance/01_main_performance.csv
monthly,extended_features_natural,existing_main_baselines,2017-05,RandomSelectiveUpdate,RandomSelectiveUpdate,RandomSelectiveUpdate,,,5600,1680,0.3,0.9161229916532392,0.8516666666666667,0.0182,0.068,0.9537776666666666,0.8862742604024153,0.1077380952380952,2.1851,results/proposed_performance/01_main_performance.csv
monthly,extended_features_natural,existing_main_baselines,2017-06,RandomSelectiveUpdate,RandomSelectiveUpdate,RandomSelectiveUpdate,,,5600,1680,0.3,0.8759891537626125,0.675,0.008,0.3574,0.9064101666666668,0.7787375715252498,0.106547619047619,2.1618,results/proposed_performance/01_main_performance.csv
monthly,extended_features_natural,existing_main_baselines,2017-07,RandomSelectiveUpdate,RandomSelectiveUpdate,RandomSelectiveUpdate,,,5600,1680,0.3,0.9530576880777256,0.91,0.0092,0.008,0.981417,0.9468761644136724,0.1053571428571428,2.3247,results/proposed_performance/01_main_performance.csv
monthly,extended_features_natural,existing_main_baselines,2017-08,RandomSelectiveUpdate,RandomSelectiveUpdate,RandomSelectiveUpdate,,,5600,1680,0.3,0.945480136410924,0.86,0.0056,0.007,0.9795893333333334,0.933618782307416,0.1023809523809523,2.2726,results/proposed_performance/01_main_performance.csv
monthly,extended_features_natural,existing_main_baselines,2017-09,RandomSelectiveUpdate,RandomSelectiveUpdate,RandomSelectiveUpdate,,,5600,1680,0.3,0.9101432573211852,0.7766666666666666,0.0092,0.0156,0.9805748333333332,0.8997565207859168,0.1059523809523809,2.3669,results/proposed_performance/01_main_performance.csv
monthly,extended_features_natural,existing_main_baselines,2017-10,RandomSelectiveUpdate,RandomSelectiveUpdate,RandomSelectiveUpdate,,,5600,1680,0.3,0.9512407873979598,0.8583333333333333,0.0028,0.005,0.9751216666666668,0.9397438459243058,0.1029761904761904,2.389,results/proposed_performance/01_main_performance.csv
monthly,extended_features_natural,existing_main_baselines,2017-11,RandomSelectiveUpdate,RandomSelectiveUpdate,RandomSelectiveUpdate,,,5600,1680,0.3,0.9353151927938714,0.88,0.0132,0.0194,0.9829873333333332,0.9206013895707056,0.1059523809523809,2.4759,results/proposed_performance/01_main_performance.csv
monthly,extended_features_natural,existing_main_baselines,2017-12,RandomSelectiveUpdate,RandomSelectiveUpdate,RandomSelectiveUpdate,,,5600,1680,0.3,0.9453337635155816,0.91,0.0128,0.0092,0.9667255,0.921519826653754,0.106547619047619,2.3889,results/proposed_performance/01_main_performance.csv
monthly,extended_features_natural,existing_main_baselines,2018-01,RandomSelectiveUpdate,RandomSelectiveUpdate,RandomSelectiveUpdate,,,5600,1680,0.3,0.908128190409146,0.9066666666666666,0.031,0.0306,0.9643788333333332,0.8260673150711633,0.1083333333333333,2.4508,results/proposed_performance/01_main_performance.csv
monthly,extended_features_natural,existing_main_baselines,2018-02,RandomSelectiveUpdate,RandomSelectiveUpdate,RandomSelectiveUpdate,,,5600,1680,0.3,0.9133826872865034,0.9116666666666666,0.029,0.0238,0.9685415,0.8723222531664326,0.1077380952380952,2.3372,results/proposed_performance/01_main_performance.csv
monthly,extended_features_natural,existing_main_baselines,2018-03,RandomSelectiveUpdate,RandomSelectiveUpdate,RandomSelectiveUpdate,,,5600,1680,0.3,0.7042431249984451,0.8066666666666666,0.1636,0.1722,0.8550278333333333,0.454845914313681,0.1041666666666666,2.5848,results/proposed_performance/01_main_performance.csv
monthly,extended_features_natural,existing_main_baselines,2018-04,RandomSelectiveUpdate,RandomSelectiveUpdate,RandomSelectiveUpdate,,,5600,1680,0.3,0.8172283643408264,0.9433333333333334,0.0958,0.0548,0.9568906666666668,0.7834196241678274,0.0994047619047619,2.4875,results/proposed_performance/01_main_performance.csv
monthly,extended_features_natural,existing_main_baselines,2018-05,RandomSelectiveUpdate,RandomSelectiveUpdate,RandomSelectiveUpdate,,,5600,1680,0.3,0.8795797060115078,0.68,0.0072,0.0096,0.9664433333333334,0.907298540719149,0.1107142857142857,2.3531,results/proposed_performance/01_main_performance.csv
monthly,extended_features_natural,existing_main_baselines,2018-06,RandomSelectiveUpdate,RandomSelectiveUpdate,RandomSelectiveUpdate,,,5600,1680,0.3,0.9375865686295692,0.86,0.0092,0.0146,0.9727715,0.9164802547964148,0.1142857142857142,2.4143,results/proposed_performance/01_main_performance.csv
monthly,extended_features_natural,existing_main_baselines,2018-07,RandomSelectiveUpdate,RandomSelectiveUpdate,RandomSelectiveUpdate,,,5600,1680,0.3,0.9250545235117716,0.85,0.0136,0.0222,0.9733726666666668,0.9018852282598352,0.1035714285714285,3.0757,results/proposed_performance/01_main_performance.csv
monthly,extended_features_natural,existing_main_baselines,2018-08,RandomSelectiveUpdate,RandomSelectiveUpdate,RandomSelectiveUpdate,,,5600,1680,0.3,0.907030250298304,0.7466666666666667,0.0058,0.0234,0.9647186666666668,0.907139503270038,0.1077380952380952,2.6854,results/proposed_performance/01_main_performance.csv
monthly,extended_features_natural,existing_main_baselines,2018-09,RandomSelectiveUpdate,RandomSelectiveUpdate,RandomSelectiveUpdate,,,5600,1680,0.3,0.9325113089158032,0.9033333333333332,0.018,0.018,0.9757801666666668,0.906068958125774,0.1077380952380952,2.801,results/proposed_performance/01_main_performance.csv
monthly,extended_features_natural,existing_main_baselines,2018-10,RandomSelectiveUpdate,RandomSelectiveUpdate,RandomSelectiveUpdate,,,5558,1667,0.2999280316660669,0.871609468992399,0.7455197132616488,0.0218,0.467,0.9033550179211468,0.7780948331703892,0.0971805638872225,2.7931,results/proposed_performance/01_main_performance.csv
monthly,extended_features_natural,existing_main_baselines,2018-11,RandomSelectiveUpdate,RandomSelectiveUpdate,RandomSelectiveUpdate,,,5437,1631,0.2999816075041383,0.7719032294430066,0.9221967963386728,0.1006,0.0676,0.9594242562929062,0.7968705507947368,0.0748007357449417,2.8042,results/proposed_performance/01_main_performance.csv
monthly,extended_features_natural,existing_main_baselines,2018-12,RandomSelectiveUpdate,RandomSelectiveUpdate,RandomSelectiveUpdate,,,907,272,0.29988974641675853,0.8287099211012254,0.6666666666666666,0.02,0.28,0.9143034055727554,0.612834480726468,0.0477941176470588,0.6812,results/proposed_performance/01_main_performance.csv
monthly,extended_features_natural,existing_main_baselines,2016-01,UncertaintyOnlyUpdate,UncertaintyOnlyUpdate,UncertaintyOnlyUpdate,,,3820,1146,0.3,0.7350407851336704,0.3702623906705539,0.0094909404659188,0.1541558815070463,0.9210580818053832,0.713967937985939,0.1762652705061082,1.6691,results/proposed_performance/01_main_performance.csv
monthly,extended_features_natural,existing_main_baselines,2016-02,UncertaintyOnlyUpdate,UncertaintyOnlyUpdate,UncertaintyOnlyUpdate,,,4436,1330,0.29981965734896304,0.8706125535251258,0.6750524109014675,0.0106087395807021,0.2028289972215206,0.9338759496579988,0.8295648860802487,0.1864661654135338,1.941,results/proposed_performance/01_main_performance.csv
monthly,extended_features_natural,existing_main_baselines,2016-03,UncertaintyOnlyUpdate,UncertaintyOnlyUpdate,UncertaintyOnlyUpdate,,,6454,1936,0.29996901146575766,0.8953801329363333,0.8960629921259843,0.0335109125279257,0.0335109125279257,0.9708952345899192,0.880383587118818,0.1136363636363636,2.9171,results/proposed_performance/01_main_performance.csv
monthly,extended_features_natural,existing_main_baselines,2016-04,UncertaintyOnlyUpdate,UncertaintyOnlyUpdate,UncertaintyOnlyUpdate,,,6981,2094,0.29995702621400944,0.9041389018652836,0.7728758169934641,0.0098916627414036,0.0460040822735123,0.9632179767809148,0.8821884611834816,0.110792741165234,3.2172,results/proposed_performance/01_main_performance.csv
monthly,extended_features_natural,existing_main_baselines,2016-05,UncertaintyOnlyUpdate,UncertaintyOnlyUpdate,UncertaintyOnlyUpdate,,,4502,1350,0.2998667258996002,0.9161786522840578,0.8827433628318584,0.0217283950617283,0.0377777777777777,0.9707265377471868,0.9055357566769804,0.1111111111111111,2.2203,results/proposed_performance/01_main_performance.csv
monthly,extended_features_natural,existing_main_baselines,2016-06,UncertaintyOnlyUpdate,UncertaintyOnlyUpdate,UncertaintyOnlyUpdate,,,3085,925,0.29983792544570503,0.9151129926846622,0.9028776978417268,0.0228001425008906,0.0217313858211613,0.975068751553798,0.8894911224243388,0.0929729729729729,1.5514,results/proposed_performance/01_main_performance.csv
monthly,extended_features_natural,existing_main_baselines,2016-07,UncertaintyOnlyUpdate,UncertaintyOnlyUpdate,UncertaintyOnlyUpdate,,,3377,1013,0.29997038791827063,0.9245087476507576,0.8835227272727273,0.0185123966942148,0.0195041322314049,0.9696459429000752,0.8978817976216278,0.1204343534057255,1.759,results/proposed_performance/01_main_performance.csv
monthly,extended_features_natural,existing_main_baselines,2016-08,UncertaintyOnlyUpdate,UncertaintyOnlyUpdate,UncertaintyOnlyUpdate,,,5447,1634,0.2999816412704241,0.9023134863701578,0.7695035460992907,0.0114683596149907,0.0382961294286299,0.9563918022143696,0.8754915921853494,0.1334149326805385,2.7489,results/proposed_performance/01_main_performance.csv
monthly,extended_features_natural,existing_main_baselines,2016-09,UncertaintyOnlyUpdate,UncertaintyOnlyUpdate,UncertaintyOnlyUpdate,,,1526,457,0.299475753604194,0.9021375047480922,0.8175675675675675,0.0181422351233671,0.1103047895500725,0.9503393088298748,0.851285721709202,0.111597374179431,0.8427,results/proposed_performance/01_main_performance.csv
monthly,extended_features_natural,existing_main_baselines,2016-10,UncertaintyOnlyUpdate,UncertaintyOnlyUpdate,UncertaintyOnlyUpdate,,,839,251,0.29916567342073896,0.892293867370892,0.7037037037037037,0.0052770448548812,0.2436675461741425,0.9455438287892114,0.8281887209403149,0.1155378486055776,0.4765,results/proposed_performance/01_main_performance.csv
monthly,extended_features_natural,existing_main_baselines,2016-11,UncertaintyOnlyUpdate,UncertaintyOnlyUpdate,UncertaintyOnlyUpdate,,,213,63,0.29577464788732394,0.851567944250871,0.6521739130434783,0.0157894736842105,0.3157894736842105,0.891304347826087,0.7554942028218832,0.0634920634920634,0.1288,results/proposed_performance/01_main_performance.csv
monthly,extended_features_natural,existing_main_baselines,2016-12,UncertaintyOnlyUpdate,UncertaintyOnlyUpdate,UncertaintyOnlyUpdate,,,75,22,0.29333333333333333,0.6785714285714286,0.25,0.0,0.9850746268656716,0.7257462686567164,0.4093019369425007,0.1363636363636363,0.0465,results/proposed_performance/01_main_performance.csv
monthly,extended_features_natural,existing_main_baselines,2017-01,UncertaintyOnlyUpdate,UncertaintyOnlyUpdate,UncertaintyOnlyUpdate,,,5600,1680,0.3,0.7299043041814728,0.5033333333333333,0.0536,0.2596,0.8712966666666667,0.580341859747095,0.1345238095238095,2.4105,results/proposed_performance/01_main_performance.csv
monthly,extended_features_natural,existing_main_baselines,2017-02,UncertaintyOnlyUpdate,UncertaintyOnlyUpdate,UncertaintyOnlyUpdate,,,5600,1680,0.3,0.9308713055577208,0.8416666666666667,0.0096,0.022,0.967364,0.8956382394677554,0.2053571428571428,2.743,results/proposed_performance/01_main_performance.csv
monthly,extended_features_natural,existing_main_baselines,2017-03,UncertaintyOnlyUpdate,UncertaintyOnlyUpdate,UncertaintyOnlyUpdate,,,5600,1680,0.3,0.8892409190595911,0.685,0.0036,0.1754,0.9298866666666666,0.8690760628833096,0.2017857142857143,2.3454,results/proposed_performance/01_main_performance.csv
monthly,extended_features_natural,existing_main_baselines,2017-04,UncertaintyOnlyUpdate,UncertaintyOnlyUpdate,UncertaintyOnlyUpdate,,,5600,1680,0.3,0.9231103126732864,0.9316666666666666,0.027,0.0154,0.9584181666666668,0.8996805673910059,0.1053571428571428,2.4207,results/proposed_performance/01_main_performance.csv
monthly,extended_features_natural,existing_main_baselines,2017-05,UncertaintyOnlyUpdate,UncertaintyOnlyUpdate,UncertaintyOnlyUpdate,,,5600,1680,0.3,0.9261764178168216,0.8416666666666667,0.0118,0.1384,0.9395546666666666,0.8835372769956045,0.131547619047619,2.1486,results/proposed_performance/01_main_performance.csv
monthly,extended_features_natural,existing_main_baselines,2017-06,UncertaintyOnlyUpdate,UncertaintyOnlyUpdate,UncertaintyOnlyUpdate,,,5600,1680,0.3,0.928898113429351,0.8116666666666666,0.006,0.0574,0.9640066666666668,0.9011215505698376,0.1642857142857142,2.211,results/proposed_performance/01_main_performance.csv
monthly,extended_features_natural,existing_main_baselines,2017-07,UncertaintyOnlyUpdate,UncertaintyOnlyUpdate,UncertaintyOnlyUpdate,,,5600,1680,0.3,0.9322430712325992,0.8916666666666667,0.0164,0.0164,0.979843,0.9338148038967464,0.1273809523809523,2.2888,results/proposed_performance/01_main_performance.csv
monthly,extended_features_natural,existing_main_baselines,2017-08,UncertaintyOnlyUpdate,UncertaintyOnlyUpdate,UncertaintyOnlyUpdate,,,5600,1680,0.3,0.9652112593289064,0.93,0.0064,0.0054,0.985333,0.9557796301239768,0.1684523809523809,2.1889,results/proposed_performance/01_main_performance.csv
monthly,extended_features_natural,existing_main_baselines,2017-09,UncertaintyOnlyUpdate,UncertaintyOnlyUpdate,UncertaintyOnlyUpdate,,,5600,1680,0.3,0.9547589555683818,0.9416666666666668,0.0128,0.0088,0.9803946666666666,0.9343194839740206,0.1410714285714285,2.3512,results/proposed_performance/01_main_performance.csv
monthly,extended_features_natural,existing_main_baselines,2017-10,UncertaintyOnlyUpdate,UncertaintyOnlyUpdate,UncertaintyOnlyUpdate,,,5600,1680,0.3,0.8639018870232743,0.9633333333333334,0.0668,0.0183,0.9673473333333332,0.8957479937901928,0.0279761904761904,2.3877,results/proposed_performance/01_main_performance.csv
monthly,extended_features_natural,existing_main_baselines,2017-11,UncertaintyOnlyUpdate,UncertaintyOnlyUpdate,UncertaintyOnlyUpdate,,,5600,1680,0.3,0.950424774281706,0.87,0.0048,0.0074,0.976435,0.935966848218424,0.2166666666666666,2.4646,results/proposed_performance/01_main_performance.csv
monthly,extended_features_natural,existing_main_baselines,2017-12,UncertaintyOnlyUpdate,UncertaintyOnlyUpdate,UncertaintyOnlyUpdate,,,5600,1680,0.3,0.9432234771910952,0.91,0.0138,0.0106,0.9708813333333334,0.9171112130065804,0.1428571428571428,2.3583,results/proposed_performance/01_main_performance.csv
monthly,extended_features_natural,existing_main_baselines,2018-01,UncertaintyOnlyUpdate,UncertaintyOnlyUpdate,UncertaintyOnlyUpdate,,,5600,1680,0.3,0.8943737125555308,0.8183333333333334,0.0238,0.0266,0.9608971666666668,0.8039409386194706,0.2375,2.3731,results/proposed_performance/01_main_performance.csv
monthly,extended_features_natural,existing_main_baselines,2018-02,UncertaintyOnlyUpdate,UncertaintyOnlyUpdate,UncertaintyOnlyUpdate,,,5600,1680,0.3,0.9351638190954774,0.9216666666666666,0.0194,0.0122,0.9679736666666668,0.91122586311507,0.1291666666666666,2.3677,results/proposed_performance/01_main_performance.csv
monthly,extended_features_natural,existing_main_baselines,2018-03,UncertaintyOnlyUpdate,UncertaintyOnlyUpdate,UncertaintyOnlyUpdate,,,5600,1680,0.3,0.7241570095913155,0.8883333333333333,0.1648,0.1662,0.8671013333333334,0.5408132356786153,0.1648809523809523,2.6279,results/proposed_performance/01_main_performance.csv
monthly,extended_features_natural,existing_main_baselines,2018-04,UncertaintyOnlyUpdate,UncertaintyOnlyUpdate,UncertaintyOnlyUpdate,,,5600,1680,0.3,0.923779677958602,0.8133333333333334,0.0086,0.1218,0.9638391666666666,0.8822877583982807,0.1875,2.4935,results/proposed_performance/01_main_performance.csv
monthly,extended_features_natural,existing_main_baselines,2018-05,UncertaintyOnlyUpdate,UncertaintyOnlyUpdate,UncertaintyOnlyUpdate,,,5600,1680,0.3,0.953304807971128,0.895,0.007,0.0082,0.9610658333333334,0.9052048471441232,0.2041666666666666,2.4089,results/proposed_performance/01_main_performance.csv
monthly,extended_features_natural,existing_main_baselines,2018-06,UncertaintyOnlyUpdate,UncertaintyOnlyUpdate,UncertaintyOnlyUpdate,,,5600,1680,0.3,0.9334879459128448,0.835,0.0074,0.0112,0.9732258333333332,0.923688679741234,0.2196428571428571,2.5319,results/proposed_performance/01_main_performance.csv
monthly,extended_features_natural,existing_main_baselines,2018-07,UncertaintyOnlyUpdate,UncertaintyOnlyUpdate,UncertaintyOnlyUpdate,,,5600,1680,0.3,0.928027750042646,0.87,0.0152,0.0232,0.9638806666666668,0.8852277142734933,0.1821428571428571,3.1147,results/proposed_performance/01_main_performance.csv
monthly,extended_features_natural,existing_main_baselines,2018-08,UncertaintyOnlyUpdate,UncertaintyOnlyUpdate,UncertaintyOnlyUpdate,,,5600,1680,0.3,0.9465535018875,0.8816666666666667,0.0082,0.0096,0.9688961666666668,0.91826373423642,0.1869047619047619,2.5892,results/proposed_performance/01_main_performance.csv
monthly,extended_features_natural,existing_main_baselines,2018-09,UncertaintyOnlyUpdate,UncertaintyOnlyUpdate,UncertaintyOnlyUpdate,,,5600,1680,0.3,0.9580663082390533,0.915,0.0076,0.0068,0.9732816666666666,0.9261907127893512,0.1708333333333333,2.6743,results/proposed_performance/01_main_performance.csv
monthly,extended_features_natural,existing_main_baselines,2018-10,UncertaintyOnlyUpdate,UncertaintyOnlyUpdate,UncertaintyOnlyUpdate,,,5558,1667,0.2999280316660669,0.8380865460480442,0.6702508960573477,0.0252,0.2958,0.9212847670250895,0.7780639487763295,0.2057588482303539,2.7881,results/proposed_performance/01_main_performance.csv
monthly,extended_features_natural,existing_main_baselines,2018-11,UncertaintyOnlyUpdate,UncertaintyOnlyUpdate,UncertaintyOnlyUpdate,,,5437,1631,0.2999816075041383,0.907256052152418,0.7734553775743707,0.0082,0.0284,0.960940961098398,0.8562105288121661,0.199877375843041,2.7897,results/proposed_performance/01_main_performance.csv
monthly,extended_features_natural,existing_main_baselines,2018-12,UncertaintyOnlyUpdate,UncertaintyOnlyUpdate,UncertaintyOnlyUpdate,,,907,272,0.29988974641675853,0.883747109142077,0.7192982456140351,0.008235294117647,0.2552941176470588,0.9201651186790508,0.7499754499621157,0.1066176470588235,0.6896,results/proposed_performance/01_main_performance.csv
monthly,extended_features_natural,existing_main_baselines,2016-01,DriftOnlyUpdate,DriftOnlyUpdate,DriftOnlyUpdate,,,3820,1146,0.3,0.7350407851336704,0.3702623906705539,0.0094909404659188,0.1541558815070463,0.9210580818053832,0.713967937985939,0.0872600349040139,1.6467,results/proposed_performance/01_main_performance.csv
monthly,extended_features_natural,existing_main_baselines,2016-02,DriftOnlyUpdate,DriftOnlyUpdate,DriftOnlyUpdate,,,4436,1330,0.29981965734896304,0.8800294454453476,0.8532494758909853,0.0376357666077292,0.1184642586511745,0.9451979752632196,0.8184221607496678,0.1037593984962406,1.9726,results/proposed_performance/01_main_performance.csv
monthly,extended_features_natural,existing_main_baselines,2016-03,DriftOnlyUpdate,DriftOnlyUpdate,DriftOnlyUpdate,,,6454,1936,0.29996901146575766,0.8960975524525412,0.7086614173228346,0.0044681216703901,0.1266540642722117,0.9444944811525644,0.8680344376746831,0.1017561983471074,2.9076,results/proposed_performance/01_main_performance.csv
monthly,extended_features_natural,existing_main_baselines,2016-04,DriftOnlyUpdate,DriftOnlyUpdate,DriftOnlyUpdate,,,6981,2094,0.29995702621400944,0.8922713356907024,0.7973856209150327,0.0180562097660543,0.214790390956194,0.9492097906834268,0.8320927401063141,0.0802292263610315,3.2112,results/proposed_performance/01_main_performance.csv
monthly,extended_features_natural,existing_main_baselines,2016-05,DriftOnlyUpdate,DriftOnlyUpdate,DriftOnlyUpdate,,,4502,1350,0.2998667258996002,0.901887510953895,0.7787610619469026,0.0128395061728395,0.0832098765432098,0.958647164863979,0.8780504921694584,0.0896296296296296,2.2531,results/proposed_performance/01_main_performance.csv
monthly,extended_features_natural,existing_main_baselines,2016-06,DriftOnlyUpdate,DriftOnlyUpdate,DriftOnlyUpdate,,,3085,925,0.29983792544570503,0.9102062057144208,0.8381294964028777,0.0163876024225151,0.0338439615247595,0.9676566548684814,0.8657703665986098,0.0918918918918919,1.6009,results/proposed_performance/01_main_performance.csv
monthly,extended_features_natural,existing_main_baselines,2016-07,DriftOnlyUpdate,DriftOnlyUpdate,DriftOnlyUpdate,,,3377,1013,0.29997038791827063,0.8849066968187905,0.9573863636363636,0.0512396694214876,0.0330545454545454,0.9721929000751316,0.8534280390440571,0.1016781836130306,1.8117,results/proposed_performance/01_main_performance.csv
monthly,extended_features_natural,existing_main_baselines,2016-08,DriftOnlyUpdate,DriftOnlyUpdate,DriftOnlyUpdate,,,5447,1634,0.2999816412704241,0.9087538350555442,0.8546099290780141,0.0217079664140897,0.0397296743805037,0.9540363295439526,0.857062105852452,0.1034271725826193,2.8529,results/proposed_performance/01_main_performance.csv
monthly,extended_features_natural,existing_main_baselines,2016-09,DriftOnlyUpdate,DriftOnlyUpdate,DriftOnlyUpdate,,,1526,457,0.299475753604194,0.8749724761246384,0.7364864864864865,0.0181422351233671,0.2561683599419448,0.918131938179108,0.7786259575530592,0.087527352297593,0.8986,results/proposed_performance/01_main_performance.csv
monthly,extended_features_natural,existing_main_baselines,2016-10,DriftOnlyUpdate,DriftOnlyUpdate,DriftOnlyUpdate,,,839,251,0.29916567342073896,0.8308467741935484,0.5432098765432098,0.0039577836411609,0.1423482849604221,0.9440535522329716,0.8083031771842475,0.1075697211155378,0.4727,results/proposed_performance/01_main_performance.csv
monthly,extended_features_natural,existing_main_baselines,2016-11,DriftOnlyUpdate,DriftOnlyUpdate,DriftOnlyUpdate,,,213,63,0.29577464788732394,0.8881889763779528,0.782608695652174,0.0210526315789473,0.5947368421052631,0.8858123569794051,0.7903696032067786,0.0793650793650793,0.1331,results/proposed_performance/01_main_performance.csv
monthly,extended_features_natural,existing_main_baselines,2016-12,DriftOnlyUpdate,DriftOnlyUpdate,DriftOnlyUpdate,,,75,22,0.29333333333333333,0.6785714285714286,0.25,0.0,0.835820895522388,0.7723880597014925,0.4676552659694107,0.1363636363636363,0.0525,results/proposed_performance/01_main_performance.csv
monthly,extended_features_natural,existing_main_baselines,2017-01,DriftOnlyUpdate,DriftOnlyUpdate,DriftOnlyUpdate,,,5600,1680,0.3,0.4055866646657679,0.985,0.6304,0.4088,0.7343476666666666,0.4550924377605455,0.0964285714285714,2.4068,results/proposed_performance/01_main_performance.csv
monthly,extended_features_natural,existing_main_baselines,2017-02,DriftOnlyUpdate,DriftOnlyUpdate,DriftOnlyUpdate,,,5600,1680,0.3,0.7529767443493649,0.9766666666666668,0.158,0.0679930434782608,0.9537333333333332,0.7894528359275024,0.1125,2.7149,results/proposed_performance/01_main_performance.csv
monthly,extended_features_natural,existing_main_baselines,2017-03,DriftOnlyUpdate,DriftOnlyUpdate,DriftOnlyUpdate,,,5600,1680,0.3,0.911475224730731,0.8383333333333334,0.0184,0.1568,0.9325216666666668,0.8436291136587946,0.1023809523809523,2.3268,results/proposed_performance/01_main_performance.csv
monthly,extended_features_natural,existing_main_baselines,2017-04,DriftOnlyUpdate,DriftOnlyUpdate,DriftOnlyUpdate,,,5600,1680,0.3,0.8818236802591584,0.9233333333333332,0.0486,0.0328,0.9589718333333332,0.8654917552360921,0.1160714285714285,2.3364,results/proposed_performance/01_main_performance.csv
monthly,extended_features_natural,existing_main_baselines,2017-05,DriftOnlyUpdate,DriftOnlyUpdate,DriftOnlyUpdate,,,5600,1680,0.3,0.879326368648212,0.8583333333333333,0.0388,0.1487428571428571,0.9438816666666668,0.8472624800409013,0.1077380952380952,2.0995,results/proposed_performance/01_main_performance.csv
monthly,extended_features_natural,existing_main_baselines,2017-06,DriftOnlyUpdate,DriftOnlyUpdate,DriftOnlyUpdate,,,5600,1680,0.3,0.8753466683981734,0.67,0.0074,0.5334,0.8722965,0.7587614576827117,0.106547619047619,2.1149,results/proposed_performance/01_main_performance.csv
monthly,extended_features_natural,existing_main_baselines,2017-07,DriftOnlyUpdate,DriftOnlyUpdate,DriftOnlyUpdate,,,5600,1680,0.3,0.9521894903259048,0.91,0.0096,0.0088,0.9802815,0.9352002423556875,0.1053571428571428,2.3216,results/proposed_performance/01_main_performance.csv
monthly,extended_features_natural,existing_main_baselines,2017-08,DriftOnlyUpdate,DriftOnlyUpdate,DriftOnlyUpdate,,,5600,1680,0.3,0.9517619553838624,0.9,0.0084,0.0084,0.9831345,0.9362802068379092,0.1023809523809523,2.2503,results/proposed_performance/01_main_performance.csv
monthly,extended_features_natural,existing_main_baselines,2017-09,DriftOnlyUpdate,DriftOnlyUpdate,DriftOnlyUpdate,,,5600,1680,0.3,0.9387589541832142,0.8966666666666666,0.014,0.014,0.9817101666666668,0.912200526795957,0.1059523809523809,2.3809,results/proposed_performance/01_main_performance.csv
monthly,extended_features_natural,existing_main_baselines,2017-10,DriftOnlyUpdate,DriftOnlyUpdate,DriftOnlyUpdate,,,5600,1680,0.3,0.9500987041632204,0.8533333333333334,0.0026,0.007,0.9764608333333332,0.934973083864884,0.1029761904761904,2.4221,results/proposed_performance/01_main_performance.csv
monthly,extended_features_natural,existing_main_baselines,2017-11,DriftOnlyUpdate,DriftOnlyUpdate,DriftOnlyUpdate,,,5600,1680,0.3,0.9336370605179776,0.8233333333333334,0.0056,0.031,0.9826813333333332,0.9232299161745902,0.1059523809523809,2.5804,results/proposed_performance/01_main_performance.csv
monthly,extended_features_natural,existing_main_baselines,2017-12,DriftOnlyUpdate,DriftOnlyUpdate,DriftOnlyUpdate,,,5600,1680,0.3,0.9447280967811024,0.915,0.0138,0.0096,0.9675565,0.9230955193124014,0.106547619047619,2.4317,results/proposed_performance/01_main_performance.csv
monthly,extended_features_natural,existing_main_baselines,2018-01,DriftOnlyUpdate,DriftOnlyUpdate,DriftOnlyUpdate,,,5600,1680,0.3,0.9071287013773144,0.9183333333333332,0.0334,0.03,0.9700658333333332,0.8936192720174706,0.1083333333333333,2.4223,results/proposed_performance/01_main_performance.csv
monthly,extended_features_natural,existing_main_baselines,2018-02,DriftOnlyUpdate,DriftOnlyUpdate,DriftOnlyUpdate,,,5600,1680,0.3,0.912605230436821,0.89,0.026,0.0308,0.9607815,0.8770776008315038,0.1077380952380952,2.3253,results/proposed_performance/01_main_performance.csv
monthly,extended_features_natural,existing_main_baselines,2018-03,DriftOnlyUpdate,DriftOnlyUpdate,DriftOnlyUpdate,,,5600,1680,0.3,0.7176080907127855,0.8633333333333333,0.165,0.175,0.8587421666666667,0.5058066189910521,0.1041666666666666,2.6394,results/proposed_performance/01_main_performance.csv
monthly,extended_features_natural,existing_main_baselines,2018-04,DriftOnlyUpdate,DriftOnlyUpdate,DriftOnlyUpdate,,,5600,1680,0.3,0.8989917530326113,0.8666666666666667,0.0294,0.0478,0.9657635,0.8434507099136885,0.0994047619047619,2.5201,results/proposed_performance/01_main_performance.csv
monthly,extended_features_natural,existing_main_baselines,2018-05,DriftOnlyUpdate,DriftOnlyUpdate,DriftOnlyUpdate,,,5600,1680,0.3,0.8924022837066315,0.725,0.009,0.012,0.9659771666666666,0.8966250613423162,0.1107142857142857,2.3538,results/proposed_performance/01_main_performance.csv
monthly,extended_features_natural,existing_main_baselines,2018-06,DriftOnlyUpdate,DriftOnlyUpdate,DriftOnlyUpdate,,,5600,1680,0.3,0.9411709994550118,0.87,0.009,0.0136,0.976351,0.926991644112896,0.1142857142857142,2.3547,results/proposed_performance/01_main_performance.csv
monthly,extended_features_natural,existing_main_baselines,2018-07,DriftOnlyUpdate,DriftOnlyUpdate,DriftOnlyUpdate,,,5600,1680,0.3,0.9223266484515108,0.8766666666666667,0.019,0.0228,0.9759913333333332,0.8996509954132269,0.1035714285714285,2.8932,results/proposed_performance/01_main_performance.csv
monthly,extended_features_natural,existing_main_baselines,2018-08,DriftOnlyUpdate,DriftOnlyUpdate,DriftOnlyUpdate,,,5600,1680,0.3,0.9159704976892332,0.79,0.0086,0.0226,0.9678226666666666,0.9067490561509066,0.1077380952380952,2.7029,results/proposed_performance/01_main_performance.csv
monthly,extended_features_natural,existing_main_baselines,2018-09,DriftOnlyUpdate,DriftOnlyUpdate,DriftOnlyUpdate,,,5600,1680,0.3,0.9340752956020952,0.8516666666666667,0.0096,0.0126,0.9742761666666666,0.9285362667443628,0.1077380952380952,2.8208,results/proposed_performance/01_main_performance.csv
monthly,extended_features_natural,existing_main_baselines,2018-10,DriftOnlyUpdate,DriftOnlyUpdate,DriftOnlyUpdate,,,5558,1667,0.2999280316660669,0.8766556614990699,0.6720430107526881,0.007,0.346,0.9079611111111112,0.8021569496024503,0.0971805638872225,2.7494,results/proposed_performance/01_main_performance.csv
monthly,extended_features_natural,existing_main_baselines,2018-11,DriftOnlyUpdate,DriftOnlyUpdate,DriftOnlyUpdate,,,5437,1631,0.2999816075041383,0.858224753096383,0.9130434782608696,0.0472,0.0398,0.9635057208237988,0.8193899152891269,0.0748007357449417,2.8237,results/proposed_performance/01_main_performance.csv
monthly,extended_features_natural,existing_main_baselines,2018-12,DriftOnlyUpdate,DriftOnlyUpdate,DriftOnlyUpdate,,,907,272,0.29988974641675853,0.8410467732386027,0.7719298245614035,0.028235294117647,0.2058823529411764,0.9184004127966976,0.6742054532918857,0.0477941176470588,0.7167,results/proposed_performance/01_main_performance.csv
monthly,extended_features_natural,existing_main_baselines,2016-01,Proposed,Proposed,Proposed,,,3820,1147,0.30026178010471205,0.7350407851336704,0.3702623906705539,0.0094909404659188,0.1541558815070463,0.9210580818053832,0.713967937985939,0.1168265039232781,4.2678,results/proposed_performance/01_main_performance.csv
monthly,extended_features_natural,existing_main_baselines,2016-02,Proposed,Proposed,Proposed,,,4436,1329,0.2995942290351668,0.8873815611691666,0.790356394129979,0.0227330133872189,0.3018438999747411,0.926289541172278,0.8088485541870835,0.1045899172310007,4.6189,results/proposed_performance/01_main_performance.csv
monthly,extended_features_natural,existing_main_baselines,2016-03,Proposed,Proposed,Proposed,,,6454,2903,0.44979857452742483,0.865814773069713,0.8535433070866142,0.0424471558687059,0.0860972675717477,0.9531806612332936,0.8085120961511332,0.0967964174991388,6.578,results/proposed_performance/01_main_performance.csv
monthly,extended_features_natural,existing_main_baselines,2016-04,Proposed,Proposed,Proposed,,,6981,3143,0.45022203122761784,0.8997014725521103,0.7075163398692811,0.0028261893546867,0.1376982257811273,0.9487637730551476,0.8531897624732028,0.0906776964683423,7.3483,results/proposed_performance/01_main_performance.csv
monthly,extended_features_natural,existing_main_baselines,2016-05,Proposed,Proposed,Proposed,,,4502,2023,0.44935584184806754,0.9231905900968844,0.8075221238938053,0.0076543209876543,0.0464197530864197,0.961533377034852,0.8930818881272469,0.092931290163124,5.3045,results/proposed_performance/01_main_performance.csv
monthly,extended_features_natural,existing_main_baselines,2016-06,Proposed,Proposed,Proposed,,,3085,1389,0.45024311183144244,0.9044995124367328,0.8201438848920863,0.0163876024225151,0.0324189526184538,0.974511306523004,0.8711791003494521,0.0835133189344852,3.9759,results/proposed_performance/01_main_performance.csv
monthly,extended_features_natural,existing_main_baselines,2016-07,Proposed,Proposed,Proposed,,,3377,1518,0.4495114006514658,0.8967278287461773,0.7556818181818182,0.0119008264462809,0.0439669421487603,0.9586232156273478,0.8717612994182479,0.103425559947299,4.3925,results/proposed_performance/01_main_performance.csv
monthly,extended_features_natural,existing_main_baselines,2016-08,Proposed,Proposed,Proposed,,,5447,2451,0.4499724619056361,0.89679851590384,0.7624113475177305,0.0129019045668646,0.046487814867909,0.9608287836073336,0.8716867158923942,0.0999592003263974,6.2384,results/proposed_performance/01_main_performance.csv
monthly,extended_features_natural,existing_main_baselines,2016-09,Proposed,Proposed,Proposed,,,1526,688,0.4508519003931848,0.9066939864051776,0.777027027027027,0.0101596516690856,0.2670537010159651,0.9273280900639392,0.8290186499417683,0.1031976744186046,2.4158,results/proposed_performance/01_main_performance.csv
monthly,extended_features_natural,existing_main_baselines,2016-10,Proposed,Proposed,Proposed,,,839,377,0.44934445768772346,0.8812208527648234,0.7654320987654321,0.0197889182058047,0.1154353562005277,0.965259454705365,0.8165457844059981,0.0875331564986737,1.5958,results/proposed_performance/01_main_performance.csv
monthly,extended_features_natural,existing_main_baselines,2016-11,Proposed,Proposed,Proposed,,,213,63,0.29577464788732394,0.8729874776386404,0.6521739130434783,0.0052631578947368,0.6578947368421053,0.8945080091533181,0.8372173193895678,0.0952380952380952,0.7786,results/proposed_performance/01_main_performance.csv
monthly,extended_features_natural,existing_main_baselines,2016-12,Proposed,Proposed,Proposed,,,75,21,0.28,0.6785714285714286,0.25,0.0,0.5522388059701493,0.853544776119403,0.5132431457431458,0.1904761904761904,0.371,results/proposed_performance/01_main_performance.csv
monthly,extended_features_natural,existing_main_baselines,2017-01,Proposed,Proposed,Proposed,,,5600,1682,0.3003571428571429,0.774622851874057,0.7883333333333333,0.0948,0.1154,0.9226906666666668,0.648843489515203,0.1046373365041617,5.6189,results/proposed_performance/01_main_performance.csv
monthly,extended_features_natural,existing_main_baselines,2017-02,Proposed,Proposed,Proposed,,,5600,1674,0.29892857142857143,0.9065930188546096,0.8083333333333333,0.016,0.0316,0.9704923333333332,0.8949747148842899,0.1027479091995221,6.3477,results/proposed_performance/01_main_performance.csv
monthly,extended_features_natural,existing_main_baselines,2017-03,Proposed,Proposed,Proposed,,,5600,1674,0.29892857142857143,0.928622178618628,0.7883333333333333,0.0026,0.2646,0.9303301666666668,0.8756719170507687,0.1045400238948626,5.7737,results/proposed_performance/01_main_performance.csv
monthly,extended_features_natural,existing_main_baselines,2017-04,Proposed,Proposed,Proposed,,,5600,2519,0.4498214285714286,0.9153729907954388,0.82,0.0136,0.0174,0.9774065,0.884433255057647,0.1087733227471218,5.8189,results/proposed_performance/01_main_performance.csv
monthly,extended_features_natural,existing_main_baselines,2017-05,Proposed,Proposed,Proposed,,,5600,1671,0.2983928571428571,0.93720075572696,0.8233333333333334,0.004,0.4062,0.9145233333333334,0.8784796281124208,0.1083183722321962,5.3144,results/proposed_performance/01_main_performance.csv
monthly,extended_features_natural,existing_main_baselines,2017-06,Proposed,Proposed,Proposed,,,5600,1686,0.30107142857142855,0.885995594320937,0.7016666666666667,0.008,0.2354,0.9434113333333332,0.8442955335781226,0.1043890865954922,5.2263,results/proposed_performance/01_main_performance.csv
monthly,extended_features_natural,existing_main_baselines,2017-07,Proposed,Proposed,Proposed,,,5600,1674,0.29892857142857143,0.928597353700554,0.8266666666666667,0.0084,0.0286,0.9722508333333332,0.9186921655432834,0.1045400238948626,5.3809,results/proposed_performance/01_main_performance.csv
monthly,extended_features_natural,existing_main_baselines,2017-08,Proposed,Proposed,Proposed,,,5600,1681,0.3001785714285714,0.9598144025572652,0.9516666666666668,0.0118,0.0076,0.9855448333333334,0.9469046144315052,0.1070791195716835,5.4337,results/proposed_performance/01_main_performance.csv
monthly,extended_features_natural,existing_main_baselines,2017-09,Proposed,Proposed,Proposed,,,5600,1678,0.29964285714285716,0.9387030164515042,0.88,0.0116,0.0138,0.974236,0.912513841756872,0.102502979737783,5.8754,results/proposed_performance/01_main_performance.csv
monthly,extended_features_natural,existing_main_baselines,2017-10,Proposed,Proposed,Proposed,,,5600,1673,0.29875,0.9408868699978368,0.8566666666666667,0.0072,0.0138,0.9782128333333332,0.9324166869750588,0.1063956963538553,5.8037,results/proposed_performance/01_main_performance.csv
monthly,extended_features_natural,existing_main_baselines,2017-11,Proposed,Proposed,Proposed,,,5600,1674,0.29892857142857143,0.9307693138117656,0.8333333333333334,0.0084,0.0684,0.9716926666666668,0.88472965684313,0.1069295101553166,5.7835,results/proposed_performance/01_main_performance.csv
monthly,extended_features_natural,existing_main_baselines,2017-12,Proposed,Proposed,Proposed,,,5600,1672,0.2985714285714286,0.9385801558298988,0.87,0.0102,0.0224,0.9613355,0.9097852958562695,0.1094497607655502,5.6109,results/proposed_performance/01_main_performance.csv
monthly,extended_features_natural,existing_main_baselines,2018-01,Proposed,Proposed,Proposed,,,5600,1677,0.29946428571428574,0.9093624823094602,0.9133333333333332,0.0314,0.0288,0.9561111666666666,0.8149984487702255,0.1079308288610614,5.6762,results/proposed_performance/01_main_performance.csv
monthly,extended_features_natural,existing_main_baselines,2018-02,Proposed,Proposed,Proposed,,,5600,1676,0.29928571428571427,0.9243086541700256,0.945,0.0284,0.0208,0.975576,0.8789865676469513,0.1127684964200477,5.6752,results/proposed_performance/01_main_performance.csv
monthly,extended_features_natural,existing_main_baselines,2018-03,Proposed,Proposed,Proposed,,,5600,1676,0.29928571428571427,0.705440301431717,0.8266666666666667,0.1678,0.1756,0.856363,0.4914330205222277,0.110381861575179,6.2535,results/proposed_performance/01_main_performance.csv
monthly,extended_features_natural,existing_main_baselines,2018-04,Proposed,Proposed,Proposed,,,5600,1678,0.29964285714285716,0.880898529336587,0.86,0.0382,0.1024,0.9463006666666668,0.8532497565559026,0.1078665077473182,5.9646,results/proposed_performance/01_main_performance.csv
monthly,extended_features_natural,existing_main_baselines,2018-05,Proposed,Proposed,Proposed,,,5600,1676,0.29928571428571427,0.9473882679457593,0.8716666666666667,0.0064,0.0082,0.973655,0.9301210672435096,0.1038186157517899,5.59,results/proposed_performance/01_main_performance.csv
monthly,extended_features_natural,existing_main_baselines,2018-06,Proposed,Proposed,Proposed,,,5600,1678,0.29964285714285716,0.9321035979966656,0.9033333333333332,0.0182,0.0176,0.9742146666666668,0.913445743916958,0.1090584028605482,5.7801,results/proposed_performance/01_main_performance.csv
monthly,extended_features_natural,existing_main_baselines,2018-07,Proposed,Proposed,Proposed,,,5600,1673,0.29875,0.9231344604362088,0.895,0.0214,0.0218,0.9640761666666668,0.8875413903193298,0.1075911536162582,6.8936,results/proposed_performance/01_main_performance.csv
monthly,extended_features_natural,existing_main_baselines,2018-08,Proposed,Proposed,Proposed,,,5600,1670,0.2982142857142857,0.8946037955180781,0.7216666666666667,0.0074,0.0264,0.9704913333333334,0.8981639997612197,0.1035928143712574,6.46,results/proposed_performance/01_main_performance.csv
monthly,extended_features_natural,existing_main_baselines,2018-09,Proposed,Proposed,Proposed,,,5600,1672,0.2985714285714286,0.9234379231946904,0.7966666666666666,0.0062,0.012,0.9725793333333334,0.919997614413554,0.1016746411483253,6.4795,results/proposed_performance/01_main_performance.csv
monthly,extended_features_natural,existing_main_baselines,2018-10,Proposed,Proposed,Proposed,,,5558,1661,0.2988485066570709,0.8371432804275691,0.6917562724014337,0.0298,0.4468,0.8896263440860215,0.6713230317484807,0.098735701384708,6.3189,results/proposed_performance/01_main_performance.csv
monthly,extended_features_natural,existing_main_baselines,2018-11,Proposed,Proposed,Proposed,,,5437,1628,0.29942983262828765,0.9042291215571624,0.8421052631578947,0.0176,0.04,0.9545439359267734,0.8164059699453192,0.0786240786240786,6.421,results/proposed_performance/01_main_performance.csv
monthly,extended_features_natural,existing_main_baselines,2018-12,Proposed,Proposed,Proposed,,,907,276,0.30429988974641675,0.8758547815755904,0.7192982456140351,0.0105882352941176,0.2752941176470588,0.9118266253869968,0.7308202105610386,0.0543478260869565,2.0817,results/proposed_performance/01_main_performance.csv
monthly,extended_features_natural,selection_criterion_33pct,2016-01,Cluster-priority (ours),Proposed,Cluster-priority (ours),this work,1.0,3820,1147,0.30026178010471205,0.7350407851336704,0.3702623906705539,0.0094909404659188,0.1541558815070463,0.9210580818053832,0.713967937985939,0.1168265039232781,4.2678,results/proposed_performance/01_main_performance.csv
monthly,extended_features_natural,selection_criterion_33pct,2016-02,Cluster-priority (ours),Proposed,Cluster-priority (ours),this work,1.0,4436,1329,0.2995942290351668,0.8873815611691666,0.790356394129979,0.0227330133872189,0.3018438999747411,0.926289541172278,0.8088485541870835,0.1045899172310007,4.6189,results/proposed_performance/01_main_performance.csv
monthly,extended_features_natural,selection_criterion_33pct,2016-03,Cluster-priority (ours),Proposed,Cluster-priority (ours),this work,1.0,6454,2903,0.44979857452742483,0.865814773069713,0.8535433070866142,0.0424471558687059,0.0860972675717477,0.9531806612332936,0.8085120961511332,0.0967964174991388,6.578,results/proposed_performance/01_main_performance.csv
monthly,extended_features_natural,selection_criterion_33pct,2016-04,Cluster-priority (ours),Proposed,Cluster-priority (ours),this work,1.0,6981,3143,0.45022203122761784,0.8997014725521103,0.7075163398692811,0.0028261893546867,0.1376982257811273,0.9487637730551476,0.8531897624732028,0.0906776964683423,7.3483,results/proposed_performance/01_main_performance.csv
monthly,extended_features_natural,selection_criterion_33pct,2016-05,Cluster-priority (ours),Proposed,Cluster-priority (ours),this work,1.0,4502,2023,0.44935584184806754,0.9231905900968844,0.8075221238938053,0.0076543209876543,0.0464197530864197,0.961533377034852,0.8930818881272469,0.092931290163124,5.3045,results/proposed_performance/01_main_performance.csv
monthly,extended_features_natural,selection_criterion_33pct,2016-06,Cluster-priority (ours),Proposed,Cluster-priority (ours),this work,1.0,3085,1389,0.45024311183144244,0.9044995124367328,0.8201438848920863,0.0163876024225151,0.0324189526184538,0.974511306523004,0.8711791003494521,0.0835133189344852,3.9759,results/proposed_performance/01_main_performance.csv
monthly,extended_features_natural,selection_criterion_33pct,2016-07,Cluster-priority (ours),Proposed,Cluster-priority (ours),this work,1.0,3377,1518,0.4495114006514658,0.8967278287461773,0.7556818181818182,0.0119008264462809,0.0439669421487603,0.9586232156273478,0.8717612994182479,0.103425559947299,4.3925,results/proposed_performance/01_main_performance.csv
monthly,extended_features_natural,selection_criterion_33pct,2016-08,Cluster-priority (ours),Proposed,Cluster-priority (ours),this work,1.0,5447,2451,0.4499724619056361,0.89679851590384,0.7624113475177305,0.0129019045668646,0.046487814867909,0.9608287836073336,0.8716867158923942,0.0999592003263974,6.2384,results/proposed_performance/01_main_performance.csv
monthly,extended_features_natural,selection_criterion_33pct,2016-09,Cluster-priority (ours),Proposed,Cluster-priority (ours),this work,1.0,1526,688,0.4508519003931848,0.9066939864051776,0.777027027027027,0.0101596516690856,0.2670537010159651,0.9273280900639392,0.8290186499417683,0.1031976744186046,2.4158,results/proposed_performance/01_main_performance.csv
monthly,extended_features_natural,selection_criterion_33pct,2016-10,Cluster-priority (ours),Proposed,Cluster-priority (ours),this work,1.0,839,377,0.44934445768772346,0.8812208527648234,0.7654320987654321,0.0197889182058047,0.1154353562005277,0.965259454705365,0.8165457844059981,0.0875331564986737,1.5958,results/proposed_performance/01_main_performance.csv
monthly,extended_features_natural,selection_criterion_33pct,2016-11,Cluster-priority (ours),Proposed,Cluster-priority (ours),this work,1.0,213,63,0.29577464788732394,0.8729874776386404,0.6521739130434783,0.0052631578947368,0.6578947368421053,0.8945080091533181,0.8372173193895678,0.0952380952380952,0.7786,results/proposed_performance/01_main_performance.csv
monthly,extended_features_natural,selection_criterion_33pct,2016-12,Cluster-priority (ours),Proposed,Cluster-priority (ours),this work,1.0,75,21,0.28,0.6785714285714286,0.25,0.0,0.5522388059701493,0.853544776119403,0.5132431457431458,0.1904761904761904,0.371,results/proposed_performance/01_main_performance.csv
monthly,extended_features_natural,selection_criterion_33pct,2017-01,Cluster-priority (ours),Proposed,Cluster-priority (ours),this work,1.0,5600,1682,0.3003571428571429,0.774622851874057,0.7883333333333333,0.0948,0.1154,0.9226906666666668,0.648843489515203,0.1046373365041617,5.6189,results/proposed_performance/01_main_performance.csv
monthly,extended_features_natural,selection_criterion_33pct,2017-02,Cluster-priority (ours),Proposed,Cluster-priority (ours),this work,1.0,5600,1674,0.29892857142857143,0.9065930188546096,0.8083333333333333,0.016,0.0316,0.9704923333333332,0.8949747148842899,0.1027479091995221,6.3477,results/proposed_performance/01_main_performance.csv
monthly,extended_features_natural,selection_criterion_33pct,2017-03,Cluster-priority (ours),Proposed,Cluster-priority (ours),this work,1.0,5600,1674,0.29892857142857143,0.928622178618628,0.7883333333333333,0.0026,0.2646,0.9303301666666668,0.8756719170507687,0.1045400238948626,5.7737,results/proposed_performance/01_main_performance.csv
monthly,extended_features_natural,selection_criterion_33pct,2017-04,Cluster-priority (ours),Proposed,Cluster-priority (ours),this work,1.0,5600,2519,0.4498214285714286,0.9153729907954388,0.82,0.0136,0.0174,0.9774065,0.884433255057647,0.1087733227471218,5.8189,results/proposed_performance/01_main_performance.csv
monthly,extended_features_natural,selection_criterion_33pct,2017-05,Cluster-priority (ours),Proposed,Cluster-priority (ours),this work,1.0,5600,1671,0.2983928571428571,0.93720075572696,0.8233333333333334,0.004,0.4062,0.9145233333333334,0.8784796281124208,0.1083183722321962,5.3144,results/proposed_performance/01_main_performance.csv
monthly,extended_features_natural,selection_criterion_33pct,2017-06,Cluster-priority (ours),Proposed,Cluster-priority (ours),this work,1.0,5600,1686,0.30107142857142855,0.885995594320937,0.7016666666666667,0.008,0.2354,0.9434113333333332,0.8442955335781226,0.1043890865954922,5.2263,results/proposed_performance/01_main_performance.csv
monthly,extended_features_natural,selection_criterion_33pct,2017-07,Cluster-priority (ours),Proposed,Cluster-priority (ours),this work,1.0,5600,1674,0.29892857142857143,0.928597353700554,0.8266666666666667,0.0084,0.0286,0.9722508333333332,0.9186921655432834,0.1045400238948626,5.3809,results/proposed_performance/01_main_performance.csv
monthly,extended_features_natural,selection_criterion_33pct,2017-08,Cluster-priority (ours),Proposed,Cluster-priority (ours),this work,1.0,5600,1681,0.3001785714285714,0.9598144025572652,0.9516666666666668,0.0118,0.0076,0.9855448333333334,0.9469046144315052,0.1070791195716835,5.4337,results/proposed_performance/01_main_performance.csv
monthly,extended_features_natural,selection_criterion_33pct,2017-09,Cluster-priority (ours),Proposed,Cluster-priority (ours),this work,1.0,5600,1678,0.29964285714285716,0.9387030164515042,0.88,0.0116,0.0138,0.974236,0.912513841756872,0.102502979737783,5.8754,results/proposed_performance/01_main_performance.csv
monthly,extended_features_natural,selection_criterion_33pct,2017-10,Cluster-priority (ours),Proposed,Cluster-priority (ours),this work,1.0,5600,1673,0.29875,0.9408868699978368,0.8566666666666667,0.0072,0.0138,0.9782128333333332,0.9324166869750588,0.1063956963538553,5.8037,results/proposed_performance/01_main_performance.csv
monthly,extended_features_natural,selection_criterion_33pct,2017-11,Cluster-priority (ours),Proposed,Cluster-priority (ours),this work,1.0,5600,1674,0.29892857142857143,0.9307693138117656,0.8333333333333334,0.0084,0.0684,0.9716926666666668,0.88472965684313,0.1069295101553166,5.7835,results/proposed_performance/01_main_performance.csv
monthly,extended_features_natural,selection_criterion_33pct,2017-12,Cluster-priority (ours),Proposed,Cluster-priority (ours),this work,1.0,5600,1672,0.2985714285714286,0.9385801558298988,0.87,0.0102,0.0224,0.9613355,0.9097852958562695,0.1094497607655502,5.6109,results/proposed_performance/01_main_performance.csv
monthly,extended_features_natural,selection_criterion_33pct,2018-01,Cluster-priority (ours),Proposed,Cluster-priority (ours),this work,1.0,5600,1677,0.29946428571428574,0.9093624823094602,0.9133333333333332,0.0314,0.0288,0.9561111666666666,0.8149984487702255,0.1079308288610614,5.6762,results/proposed_performance/01_main_performance.csv
monthly,extended_features_natural,selection_criterion_33pct,2018-02,Cluster-priority (ours),Proposed,Cluster-priority (ours),this work,1.0,5600,1676,0.29928571428571427,0.9243086541700256,0.945,0.0284,0.0208,0.975576,0.8789865676469513,0.1127684964200477,5.6752,results/proposed_performance/01_main_performance.csv
monthly,extended_features_natural,selection_criterion_33pct,2018-03,Cluster-priority (ours),Proposed,Cluster-priority (ours),this work,1.0,5600,1676,0.29928571428571427,0.705440301431717,0.8266666666666667,0.1678,0.1756,0.856363,0.4914330205222277,0.110381861575179,6.2535,results/proposed_performance/01_main_performance.csv
monthly,extended_features_natural,selection_criterion_33pct,2018-04,Cluster-priority (ours),Proposed,Cluster-priority (ours),this work,1.0,5600,1678,0.29964285714285716,0.880898529336587,0.86,0.0382,0.1024,0.9463006666666668,0.8532497565559026,0.1078665077473182,5.9646,results/proposed_performance/01_main_performance.csv
monthly,extended_features_natural,selection_criterion_33pct,2018-05,Cluster-priority (ours),Proposed,Cluster-priority (ours),this work,1.0,5600,1676,0.29928571428571427,0.9473882679457593,0.8716666666666667,0.0064,0.0082,0.973655,0.9301210672435096,0.1038186157517899,5.59,results/proposed_performance/01_main_performance.csv
monthly,extended_features_natural,selection_criterion_33pct,2018-06,Cluster-priority (ours),Proposed,Cluster-priority (ours),this work,1.0,5600,1678,0.29964285714285716,0.9321035979966656,0.9033333333333332,0.0182,0.0176,0.9742146666666668,0.913445743916958,0.1090584028605482,5.7801,results/proposed_performance/01_main_performance.csv
monthly,extended_features_natural,selection_criterion_33pct,2018-07,Cluster-priority (ours),Proposed,Cluster-priority (ours),this work,1.0,5600,1673,0.29875,0.9231344604362088,0.895,0.0214,0.0218,0.9640761666666668,0.8875413903193298,0.1075911536162582,6.8936,results/proposed_performance/01_main_performance.csv
monthly,extended_features_natural,selection_criterion_33pct,2018-08,Cluster-priority (ours),Proposed,Cluster-priority (ours),this work,1.0,5600,1670,0.2982142857142857,0.8946037955180781,0.7216666666666667,0.0074,0.0264,0.9704913333333334,0.8981639997612197,0.1035928143712574,6.46,results/proposed_performance/01_main_performance.csv
monthly,extended_features_natural,selection_criterion_33pct,2018-09,Cluster-priority (ours),Proposed,Cluster-priority (ours),this work,1.0,5600,1672,0.2985714285714286,0.9234379231946904,0.7966666666666666,0.0062,0.012,0.9725793333333334,0.919997614413554,0.1016746411483253,6.4795,results/proposed_performance/01_main_performance.csv
monthly,extended_features_natural,selection_criterion_33pct,2018-10,Cluster-priority (ours),Proposed,Cluster-priority (ours),this work,1.0,5558,1661,0.2988485066570709,0.8371432804275691,0.6917562724014337,0.0298,0.4468,0.8896263440860215,0.6713230317484807,0.098735701384708,6.3189,results/proposed_performance/01_main_performance.csv
monthly,extended_features_natural,selection_criterion_33pct,2018-11,Cluster-priority (ours),Proposed,Cluster-priority (ours),this work,1.0,5437,1628,0.29942983262828765,0.9042291215571624,0.8421052631578947,0.0176,0.04,0.9545439359267734,0.8164059699453192,0.0786240786240786,6.421,results/proposed_performance/01_main_performance.csv
monthly,extended_features_natural,selection_criterion_33pct,2018-12,Cluster-priority (ours),Proposed,Cluster-priority (ours),this work,1.0,907,276,0.30429988974641675,0.8758547815755904,0.7192982456140351,0.0105882352941176,0.2752941176470588,0.9118266253869968,0.7308202105610386,0.0543478260869565,2.0817,results/proposed_performance/01_main_performance.csv
monthly,extended_features_natural,selection_criterion_33pct,2016-01,Random selection,Random selection,Random selection,naive baseline,0.0,3820,1271,0.33272251308900525,0.7350407851336704,0.3702623906705539,0.0094909404659188,0.1541558815070463,0.9210580818053832,0.713967937985939,0.083398898505114,1.6546,results/performance/monthly/selection_criterion_ablation.csv
monthly,extended_features_natural,selection_criterion_33pct,2016-02,Random selection,Random selection,Random selection,naive baseline,0.0,4436,1476,0.3327321911632101,0.8954756332489533,0.8511530398322851,0.0287951502904773,0.122253094215711,0.9485239956938072,0.8308725141389375,0.1212737127371273,2.4636,results/performance/monthly/selection_criterion_ablation.csv
monthly,extended_features_natural,selection_criterion_33pct,2016-03,Random selection,Random selection,Random selection,naive baseline,0.0,6454,2147,0.3326619150914162,0.914876844719138,0.8220472440944881,0.0132325141776937,0.0531019075442515,0.970822976050489,0.8850162837601179,0.1052631578947368,3.1999,results/performance/monthly/selection_criterion_ablation.csv
monthly,extended_features_natural,selection_criterion_33pct,2016-04,Random selection,Random selection,Random selection,naive baseline,0.0,6981,2322,0.3326171035668242,0.8940610940512748,0.8120915032679739,0.0193122939236928,0.0640602920395666,0.96466352543006,0.8521871021809592,0.0917312661498708,4.5583,results/performance/monthly/selection_criterion_ablation.csv
monthly,extended_features_natural,selection_criterion_33pct,2016-05,Random selection,Random selection,Random selection,naive baseline,0.0,4502,1497,0.3325188804975566,0.9220350524965584,0.7920353982300885,0.0059259259259259,0.1466666666666666,0.9492002622091118,0.8863806974402839,0.104876419505678,2.6091,results/performance/monthly/selection_criterion_ablation.csv
monthly,extended_features_natural,selection_criterion_33pct,2016-06,Random selection,Random selection,Random selection,naive baseline,0.0,3085,1026,0.3325769854132901,0.8768293183256883,0.9244604316546764,0.0441752760954756,0.0366939793373708,0.9699517906159576,0.8377303017407627,0.0867446393762183,1.9575,results/performance/monthly/selection_criterion_ablation.csv
monthly,extended_features_natural,selection_criterion_33pct,2016-07,Random selection,Random selection,Random selection,naive baseline,0.0,3377,1123,0.3325436778205508,0.916459140760287,0.875,0.0211570247933884,0.0264462809917355,0.9794243050338092,0.8860228118727249,0.1068566340160284,2.3958,results/performance/monthly/selection_criterion_ablation.csv
monthly,extended_features_natural,selection_criterion_33pct,2016-08,Random selection,Random selection,Random selection,naive baseline,0.0,5447,1812,0.33266017991554986,0.8692573568239643,0.7641843971631206,0.0268277698136391,0.1091542084783944,0.949317032750765,0.808374908557956,0.1059602649006622,3.0695,results/performance/monthly/selection_criterion_ablation.csv
monthly,extended_features_natural,selection_criterion_33pct,2016-09,Random selection,Random selection,Random selection,naive baseline,0.0,1526,507,0.33224115334207077,0.8941530300255809,0.7027027027027027,0.0043541364296081,0.2576197387518142,0.9320328129290392,0.8383577119652398,0.1025641025641025,0.7597,results/performance/monthly/selection_criterion_ablation.csv
monthly,extended_features_natural,selection_criterion_33pct,2016-10,Random selection,Random selection,Random selection,naive baseline,0.0,839,279,0.33253873659118,0.8851129297290331,0.8024691358024691,0.0237467018469656,0.3178100263852242,0.9286703149939738,0.8181305177901749,0.1003584229390681,0.4192,results/performance/monthly/selection_criterion_ablation.csv
monthly,extended_features_natural,selection_criterion_33pct,2016-11,Random selection,Random selection,Random selection,naive baseline,0.0,213,70,0.3286384976525822,0.8165374677002584,0.5652173913043478,0.0157894736842105,0.3789473684210526,0.8771167048054919,0.6976837088387249,0.1,0.132,results/performance/monthly/selection_criterion_ablation.csv
monthly,extended_features_natural,selection_criterion_33pct,2016-12,Random selection,Random selection,Random selection,naive baseline,0.0,75,24,0.32,0.6685415829650462,0.5,0.1044776119402985,0.7014925373134329,0.7966417910447761,0.4727609097654829,0.125,0.0675,results/performance/monthly/selection_criterion_ablation.csv
monthly,extended_features_natural,selection_criterion_33pct,2017-01,Random selection,Random selection,Random selection,naive baseline,0.0,5600,1863,0.33267857142857143,0.69156726636713,0.52,0.09,0.2774,0.8622179999999999,0.5373192322388017,0.1068169618894256,2.9069,results/performance/monthly/selection_criterion_ablation.csv
monthly,extended_features_natural,selection_criterion_33pct,2017-02,Random selection,Random selection,Random selection,naive baseline,0.0,5600,1863,0.33267857142857143,0.9291489134549124,0.835,0.0094,0.0252,0.9685381666666668,0.9020643253173188,0.1084272678475577,3.1683,results/performance/monthly/selection_criterion_ablation.csv
monthly,extended_features_natural,selection_criterion_33pct,2017-03,Random selection,Random selection,Random selection,naive baseline,0.0,5600,1863,0.33267857142857143,0.7998350155279503,0.4716666666666667,0.0026,0.1748,0.940594,0.8484586109556449,0.1084272678475577,3.0658,results/performance/monthly/selection_criterion_ablation.csv
monthly,extended_features_natural,selection_criterion_33pct,2017-04,Random selection,Random selection,Random selection,naive baseline,0.0,5600,1863,0.33267857142857143,0.9252779644541396,0.91,0.0226,0.0164,0.964019,0.9142989013054298,0.1025228126677402,2.8838,results/performance/monthly/selection_criterion_ablation.csv
monthly,extended_features_natural,selection_criterion_33pct,2017-05,Random selection,Random selection,Random selection,naive baseline,0.0,5600,1863,0.33267857142857143,0.9035034862016612,0.7733333333333333,0.0118,0.4906,0.9167293333333332,0.8464459795737669,0.1100375738056897,2.7424,results/performance/monthly/selection_criterion_ablation.csv
monthly,extended_features_natural,selection_criterion_33pct,2017-06,Random selection,Random selection,Random selection,naive baseline,0.0,5600,1863,0.33267857142857143,0.9068033240591546,0.835,0.0202,0.1174,0.9613978333333332,0.8776711364024332,0.1009125067096081,2.605,results/performance/monthly/selection_criterion_ablation.csv
monthly,extended_features_natural,selection_criterion_33pct,2017-07,Random selection,Random selection,Random selection,naive baseline,0.0,5600,1863,0.33267857142857143,0.935871512111468,0.95,0.0232,0.0086,0.9754208333333334,0.9283284878598768,0.1019860440150295,3.027,results/performance/monthly/selection_criterion_ablation.csv
monthly,extended_features_natural,selection_criterion_33pct,2017-08,Random selection,Random selection,Random selection,naive baseline,0.0,5600,1863,0.33267857142857143,0.9462871891458268,0.8583333333333333,0.005,0.0066,0.9805331666666668,0.9289474420590588,0.1132581857219538,2.8289,results/performance/monthly/selection_criterion_ablation.csv
monthly,extended_features_natural,selection_criterion_33pct,2017-09,Random selection,Random selection,Random selection,naive baseline,0.0,5600,1863,0.33267857142857143,0.8762024568574291,0.9533333333333334,0.0572,0.0145573770491803,0.9802581666666668,0.9117275768077964,0.1100375738056897,3.1801,results/performance/monthly/selection_criterion_ablation.csv
monthly,extended_features_natural,selection_criterion_33pct,2017-10,Random selection,Random selection,Random selection,naive baseline,0.0,5600,1863,0.33267857142857143,0.9601872703815456,0.925,0.008,0.0046,0.9824793333333334,0.9516945587236764,0.1121846484165324,2.7863,results/performance/monthly/selection_criterion_ablation.csv
monthly,extended_features_natural,selection_criterion_33pct,2017-11,Random selection,Random selection,Random selection,naive baseline,0.0,5600,1863,0.33267857142857143,0.8086945070472775,0.4866666666666667,0.0018,0.0646,0.9584248333333334,0.8679071692322123,0.0998389694041868,3.2346,results/performance/monthly/selection_criterion_ablation.csv
monthly,extended_features_natural,selection_criterion_33pct,2017-12,Random selection,Random selection,Random selection,naive baseline,0.0,5600,1863,0.33267857142857143,0.9420466956562198,0.8866666666666667,0.011,0.0188,0.9774318333333334,0.9171026880702048,0.1073537305421363,2.7142,results/performance/monthly/selection_criterion_ablation.csv
monthly,extended_features_natural,selection_criterion_33pct,2018-01,Random selection,Random selection,Random selection,naive baseline,0.0,5600,1863,0.33267857142857143,0.8803313806297304,0.8466666666666667,0.0362,0.0384,0.952492,0.7116988465874159,0.1035963499731615,2.7042,results/performance/monthly/selection_criterion_ablation.csv
monthly,extended_features_natural,selection_criterion_33pct,2018-02,Random selection,Random selection,Random selection,naive baseline,0.0,5600,1863,0.33267857142857143,0.9363927147446314,0.8766666666666667,0.0122,0.0136,0.9749583333333331,0.896719880176028,0.109500805152979,2.8925,results/performance/monthly/selection_criterion_ablation.csv
monthly,extended_features_natural,selection_criterion_33pct,2018-03,Random selection,Random selection,Random selection,naive baseline,0.0,5600,1863,0.33267857142857143,0.716488959305728,0.8566666666666667,0.1644,0.173,0.8700881666666667,0.5669028400369914,0.0950080515297906,3.4258,results/performance/monthly/selection_criterion_ablation.csv
monthly,extended_features_natural,selection_criterion_33pct,2018-04,Random selection,Random selection,Random selection,naive baseline,0.0,5600,1863,0.33267857142857143,0.885516571826932,0.7716666666666666,0.0204,0.1892,0.9491355,0.8097355840210365,0.1159420289855072,2.6392,results/performance/monthly/selection_criterion_ablation.csv
monthly,extended_features_natural,selection_criterion_33pct,2018-05,Random selection,Random selection,Random selection,naive baseline,0.0,5600,1863,0.33267857142857143,0.8913591743297249,0.86,0.0324,0.037,0.9564398333333332,0.8129563571733438,0.1030595813204508,2.8503,results/performance/monthly/selection_criterion_ablation.csv
monthly,extended_features_natural,selection_criterion_33pct,2018-06,Random selection,Random selection,Random selection,naive baseline,0.0,5600,1863,0.33267857142857143,0.945627263507892,0.8983333333333333,0.011,0.0112,0.9742158333333334,0.9104702064988118,0.1100375738056897,3.5223,results/performance/monthly/selection_criterion_ablation.csv
monthly,extended_features_natural,selection_criterion_33pct,2018-07,Random selection,Random selection,Random selection,naive baseline,0.0,5600,1863,0.33267857142857143,0.9275748042001168,0.85,0.0124,0.0268,0.9635531666666666,0.9013472597733022,0.1111111111111111,3.8585,results/performance/monthly/selection_criterion_ablation.csv
monthly,extended_features_natural,selection_criterion_33pct,2018-08,Random selection,Random selection,Random selection,naive baseline,0.0,5600,1863,0.33267857142857143,0.930227105856852,0.825,0.0074,0.0174,0.9610081666666668,0.907892149366751,0.1143317230273752,3.0009,results/performance/monthly/selection_criterion_ablation.csv
monthly,extended_features_natural,selection_criterion_33pct,2018-09,Random selection,Random selection,Random selection,naive baseline,0.0,5600,1863,0.33267857142857143,0.947628881299195,0.8766666666666667,0.007,0.0074,0.978276,0.9320234498953518,0.1030595813204508,3.2814,results/performance/monthly/selection_criterion_ablation.csv
monthly,extended_features_natural,selection_criterion_33pct,2018-10,Random selection,Random selection,Random selection,naive baseline,0.0,5558,1849,0.33267362360561353,0.8659263973608122,0.7060931899641577,0.0178,0.464,0.9056186379928316,0.7844759670186467,0.104380746349378,4.0927,results/performance/monthly/selection_criterion_ablation.csv
monthly,extended_features_natural,selection_criterion_33pct,2018-11,Random selection,Random selection,Random selection,naive baseline,0.0,5437,1809,0.3327202501379437,0.8848131169143827,0.9038901601830664,0.0334,0.0312,0.9643533180778032,0.8036389907951229,0.0818131564400221,3.6846,results/performance/monthly/selection_criterion_ablation.csv
monthly,extended_features_natural,selection_criterion_33pct,2018-12,Random selection,Random selection,Random selection,naive baseline,0.0,907,301,0.3318632855567806,0.8602980644017009,0.8245614035087719,0.0270588235294117,0.1376470588235294,0.9384313725490196,0.7304433539431302,0.0598006644518272,0.5976,results/performance/monthly/selection_criterion_ablation.csv
monthly,extended_features_natural,selection_criterion_33pct,2016-01,Uncertainty-based selection,Uncertainty-based selection,Uncertainty-based selection,classic AL [Chen'23-style],0.0,3820,1271,0.33272251308900525,0.7350407851336704,0.3702623906705539,0.0094909404659188,0.1541558815070463,0.9210580818053832,0.713967937985939,0.1628638867033831,2.2909,results/performance/monthly/selection_criterion_ablation.csv
monthly,extended_features_natural,selection_criterion_33pct,2016-02,Uncertainty-based selection,Uncertainty-based selection,Uncertainty-based selection,classic AL [Chen'23-style],0.0,4436,1476,0.3327321911632101,0.7959198821303082,0.469601677148847,0.0040414246021722,0.3104319272543571,0.9192747676260284,0.791986993353985,0.2018970189701897,2.7184,results/performance/monthly/selection_criterion_ablation.csv
monthly,extended_features_natural,selection_criterion_33pct,2016-03,Uncertainty-based selection,Uncertainty-based selection,Uncertainty-based selection,classic AL [Chen'23-style],0.0,6454,2147,0.3326619150914162,0.8447915499767931,0.9118110236220472,0.0647877642206564,0.0565389242137824,0.961185121236027,0.8482678629042066,0.0982766651141127,3.5692,results/performance/monthly/selection_criterion_ablation.csv
monthly,extended_features_natural,selection_criterion_33pct,2016-04,Uncertainty-based selection,Uncertainty-based selection,Uncertainty-based selection,classic AL [Chen'23-style],0.0,6981,2322,0.3326171035668242,0.877656529307988,0.6339869281045751,0.0006280420788192,0.2953367875647668,0.9413411777020432,0.8325055100039358,0.1102497846683893,3.9439,results/performance/monthly/selection_criterion_ablation.csv
monthly,extended_features_natural,selection_criterion_33pct,2016-05,Uncertainty-based selection,Uncertainty-based selection,Uncertainty-based selection,classic AL [Chen'23-style],0.0,4502,1497,0.3325188804975566,0.909193114521659,0.8451327433628318,0.0195061728395061,0.0461728395061728,0.9593286354200808,0.8773480506118344,0.1162324649298597,2.617,results/performance/monthly/selection_criterion_ablation.csv
monthly,extended_features_natural,selection_criterion_33pct,2016-06,Uncertainty-based selection,Uncertainty-based selection,Uncertainty-based selection,classic AL [Chen'23-style],0.0,3085,1026,0.3325769854132901,0.8923775839496708,0.9424460431654677,0.0388314926968293,0.0256501603135019,0.9750661885881392,0.8606947089856851,0.0857699805068226,1.7333,results/performance/monthly/selection_criterion_ablation.csv
monthly,extended_features_natural,selection_criterion_33pct,2016-07,Uncertainty-based selection,Uncertainty-based selection,Uncertainty-based selection,classic AL [Chen'23-style],0.0,3377,1123,0.3325436778205508,0.9164486249045072,0.9318181818181818,0.0297520661157024,0.0221487603305785,0.9810278925619836,0.8966761932156457,0.1104185218165627,2.026,results/performance/monthly/selection_criterion_ablation.csv
monthly,extended_features_natural,selection_criterion_33pct,2016-08,Uncertainty-based selection,Uncertainty-based selection,Uncertainty-based selection,classic AL [Chen'23-style],0.0,5447,1812,0.33266017991554986,0.9184307783573752,0.8599290780141844,0.0178169158304321,0.0612328486586115,0.9505564972120674,0.8799073130572834,0.1208609271523178,3.6604,results/performance/monthly/selection_criterion_ablation.csv
monthly,extended_features_natural,selection_criterion_33pct,2016-09,Uncertainty-based selection,Uncertainty-based selection,Uncertainty-based selection,classic AL [Chen'23-style],0.0,1526,507,0.33224115334207077,0.8994425729059501,0.7364864864864865,0.0072568940493468,0.3187227866473149,0.9218461930726084,0.8276353579261543,0.1163708086785009,0.8974,results/performance/monthly/selection_criterion_ablation.csv
monthly,extended_features_natural,selection_criterion_33pct,2016-10,Uncertainty-based selection,Uncertainty-based selection,Uncertainty-based selection,classic AL [Chen'23-style],0.0,839,279,0.33253873659118,0.8021335090796899,0.8518518518518519,0.0804749340369393,0.5923482849604221,0.898074855858497,0.7652353657951648,0.060931899641577,0.4358,results/performance/monthly/selection_criterion_ablation.csv
monthly,extended_features_natural,selection_criterion_33pct,2016-11,Uncertainty-based selection,Uncertainty-based selection,Uncertainty-based selection,classic AL [Chen'23-style],0.0,213,70,0.3286384976525822,0.8151041666666666,0.6086956521739131,0.0263157894736842,0.3421052631578947,0.8823798627002288,0.6648593818878527,0.0714285714285714,0.1205,results/performance/monthly/selection_criterion_ablation.csv
monthly,extended_features_natural,selection_criterion_33pct,2016-12,Uncertainty-based selection,Uncertainty-based selection,Uncertainty-based selection,classic AL [Chen'23-style],0.0,75,24,0.32,0.6209994385176867,0.25,0.044776119402985,0.9253731343283582,0.7462686567164178,0.4081809956314932,0.125,0.0524,results/performance/monthly/selection_criterion_ablation.csv
monthly,extended_features_natural,selection_criterion_33pct,2017-01,Uncertainty-based selection,Uncertainty-based selection,Uncertainty-based selection,classic AL [Chen'23-style],0.0,5600,1863,0.33267857142857143,0.7497049693424664,0.4416666666666666,0.0222,0.175,0.8918481666666667,0.6033660155596935,0.1282877079978529,2.7021,results/performance/monthly/selection_criterion_ablation.csv
monthly,extended_features_natural,selection_criterion_33pct,2017-02,Uncertainty-based selection,Uncertainty-based selection,Uncertainty-based selection,classic AL [Chen'23-style],0.0,5600,1863,0.33267857142857143,0.9392670938998118,0.8983333333333333,0.014,0.0142,0.9700048333333332,0.924048968901418,0.1256038647342995,3.617,results/performance/monthly/selection_criterion_ablation.csv
monthly,extended_features_natural,selection_criterion_33pct,2017-03,Uncertainty-based selection,Uncertainty-based selection,Uncertainty-based selection,classic AL [Chen'23-style],0.0,5600,1863,0.33267857142857143,0.8689221971616614,0.62,0.0012,0.1528,0.9311743333333332,0.8786037359043225,0.2147074610842727,2.881,results/performance/monthly/selection_criterion_ablation.csv
monthly,extended_features_natural,selection_criterion_33pct,2017-04,Uncertainty-based selection,Uncertainty-based selection,Uncertainty-based selection,classic AL [Chen'23-style],0.0,5600,1863,0.33267857142857143,0.9120814598375532,0.92,0.031,0.0222,0.9637181666666668,0.9005377836781087,0.1105743424584004,3.0791,results/performance/monthly/selection_criterion_ablation.csv
monthly,extended_features_natural,selection_criterion_33pct,2017-05,Uncertainty-based selection,Uncertainty-based selection,Uncertainty-based selection,classic AL [Chen'23-style],0.0,5600,1863,0.33267857142857143,0.928211403432101,0.8016666666666666,0.0048,0.3412,0.9291281666666668,0.8773609920685158,0.1476113794954374,2.7259,results/performance/monthly/selection_criterion_ablation.csv
monthly,extended_features_natural,selection_criterion_33pct,2017-06,Uncertainty-based selection,Uncertainty-based selection,Uncertainty-based selection,classic AL [Chen'23-style],0.0,5600,1863,0.33267857142857143,0.9159000567125578,0.8816666666666667,0.023,0.0336,0.9610996666666668,0.8894615114942098,0.1250670960815888,2.8719,results/performance/monthly/selection_criterion_ablation.csv
monthly,extended_features_natural,selection_criterion_33pct,2017-07,Uncertainty-based selection,Uncertainty-based selection,Uncertainty-based selection,classic AL [Chen'23-style],0.0,5600,1863,0.33267857142857143,0.938075017692852,0.8533333333333334,0.008,0.019,0.981181,0.9288476088766192,0.1776704240472356,2.9342,results/performance/monthly/selection_criterion_ablation.csv
monthly,extended_features_natural,selection_criterion_33pct,2017-08,Uncertainty-based selection,Uncertainty-based selection,Uncertainty-based selection,classic AL [Chen'23-style],0.0,5600,1863,0.33267857142857143,0.9583828634684304,0.9116666666666666,0.007,0.006,0.9848721666666668,0.9385834907852838,0.1808910359634997,2.5309,results/performance/monthly/selection_criterion_ablation.csv
monthly,extended_features_natural,selection_criterion_33pct,2017-09,Uncertainty-based selection,Uncertainty-based selection,Uncertainty-based selection,classic AL [Chen'23-style],0.0,5600,1863,0.33267857142857143,0.9551601748389972,0.93,0.011,0.0106,0.9803515,0.9203607529602492,0.1476113794954374,2.7191,results/performance/monthly/selection_criterion_ablation.csv
monthly,extended_features_natural,selection_criterion_33pct,2017-10,Uncertainty-based selection,Uncertainty-based selection,Uncertainty-based selection,classic AL [Chen'23-style],0.0,5600,1863,0.33267857142857143,0.9534212393277391,0.94,0.0132,0.007,0.9762751666666668,0.934499956751826,0.1256038647342995,2.8273,results/performance/monthly/selection_criterion_ablation.csv
monthly,extended_features_natural,selection_criterion_33pct,2017-11,Uncertainty-based selection,Uncertainty-based selection,Uncertainty-based selection,classic AL [Chen'23-style],0.0,5600,1863,0.33267857142857143,0.8135275269322391,0.9083333333333332,0.0914,0.0624,0.9691441666666668,0.8826745057173296,0.074074074074074,3.2571,results/performance/monthly/selection_criterion_ablation.csv
monthly,extended_features_natural,selection_criterion_33pct,2017-12,Uncertainty-based selection,Uncertainty-based selection,Uncertainty-based selection,classic AL [Chen'23-style],0.0,5600,1863,0.33267857142857143,0.8891716853073319,0.7033333333333334,0.0068,0.0154,0.9766631666666666,0.9027232613736316,0.2249060654857756,3.0117,results/performance/monthly/selection_criterion_ablation.csv
monthly,extended_features_natural,selection_criterion_33pct,2018-01,Uncertainty-based selection,Uncertainty-based selection,Uncertainty-based selection,classic AL [Chen'23-style],0.0,5600,1863,0.33267857142857143,0.913199694496964,0.9416666666666668,0.0338,0.025,0.9684466666666668,0.8673752322735047,0.1148684916800858,2.7667,results/performance/monthly/selection_criterion_ablation.csv
monthly,extended_features_natural,selection_criterion_33pct,2018-02,Uncertainty-based selection,Uncertainty-based selection,Uncertainty-based selection,classic AL [Chen'23-style],0.0,5600,1863,0.33267857142857143,0.8364328272273724,0.5716666666666667,0.007,0.014,0.9767256666666668,0.8838093463976622,0.251207729468599,2.6667,results/performance/monthly/selection_criterion_ablation.csv
monthly,extended_features_natural,selection_criterion_33pct,2018-03,Uncertainty-based selection,Uncertainty-based selection,Uncertainty-based selection,classic AL [Chen'23-style],0.0,5600,1863,0.33267857142857143,0.7202755903173312,0.8483333333333334,0.1584,0.1768,0.8741818333333333,0.5278913553840515,0.1696188942565754,3.5452,results/performance/monthly/selection_criterion_ablation.csv
monthly,extended_features_natural,selection_criterion_33pct,2018-04,Uncertainty-based selection,Uncertainty-based selection,Uncertainty-based selection,classic AL [Chen'23-style],0.0,5600,1863,0.33267857142857143,0.8187076484306701,0.9183333333333332,0.0896,0.0816,0.9382903333333332,0.7011807124875131,0.1347289318303811,3.3985,results/performance/monthly/selection_criterion_ablation.csv
monthly,extended_features_natural,selection_criterion_33pct,2018-05,Uncertainty-based selection,Uncertainty-based selection,Uncertainty-based selection,classic AL [Chen'23-style],0.0,5600,1863,0.33267857142857143,0.9139075275513652,0.765,0.0056,0.0082,0.9755688333333332,0.9195135934472314,0.2147074610842727,2.9957,results/performance/monthly/selection_criterion_ablation.csv
monthly,extended_features_natural,selection_criterion_33pct,2018-06,Uncertainty-based selection,Uncertainty-based selection,Uncertainty-based selection,classic AL [Chen'23-style],0.0,5600,1863,0.33267857142857143,0.9596659325899513,0.935,0.0096,0.0076,0.9808558333333334,0.9437431298348974,0.1583467525496511,2.5783,results/performance/monthly/selection_criterion_ablation.csv
monthly,extended_features_natural,selection_criterion_33pct,2018-07,Uncertainty-based selection,Uncertainty-based selection,Uncertainty-based selection,classic AL [Chen'23-style],0.0,5600,1863,0.33267857142857143,0.9352579904103852,0.8716666666666667,0.012,0.0128,0.9602851666666667,0.9079495578593808,0.1680085882984433,4.0328,results/performance/monthly/selection_criterion_ablation.csv
monthly,extended_features_natural,selection_criterion_33pct,2018-08,Uncertainty-based selection,Uncertainty-based selection,Uncertainty-based selection,classic AL [Chen'23-style],0.0,5600,1863,0.33267857142857143,0.945123217974498,0.9233333333333332,0.0148,0.011,0.9630926666666668,0.9174812226784768,0.1460010735373054,2.8737,results/performance/monthly/selection_criterion_ablation.csv
monthly,extended_features_natural,selection_criterion_33pct,2018-09,Uncertainty-based selection,Uncertainty-based selection,Uncertainty-based selection,classic AL [Chen'23-style],0.0,5600,1863,0.33267857142857143,0.9263508544235344,0.8316666666666667,0.0102,0.0242,0.966622,0.898622812501665,0.2200751476113795,3.5125,results/performance/monthly/selection_criterion_ablation.csv
monthly,extended_features_natural,selection_criterion_33pct,2018-10,Uncertainty-based selection,Uncertainty-based selection,Uncertainty-based selection,classic AL [Chen'23-style],0.0,5558,1849,0.33267362360561353,0.8768807523009203,0.7813620071684588,0.0252,0.217,0.9190347670250896,0.8169303615444891,0.1471065440778799,3.7728,results/performance/monthly/selection_criterion_ablation.csv
monthly,extended_features_natural,selection_criterion_33pct,2018-11,Uncertainty-based selection,Uncertainty-based selection,Uncertainty-based selection,classic AL [Chen'23-style],0.0,5437,1809,0.3327202501379437,0.884447664589673,0.7414187643020596,0.0126,0.0184,0.9679144164759724,0.8298902206991071,0.1851851851851851,3.4054,results/performance/monthly/selection_criterion_ablation.csv
monthly,extended_features_natural,selection_criterion_33pct,2018-12,Uncertainty-based selection,Uncertainty-based selection,Uncertainty-based selection,classic AL [Chen'23-style],0.0,907,301,0.3318632855567806,0.8460176561893675,0.5964912280701754,0.0058823529411764,0.2164705882352941,0.9332301341589267,0.6953955182474834,0.132890365448505,0.8123,results/performance/monthly/selection_criterion_ablation.csv
monthly,extended_features_natural,selection_criterion_33pct,2016-01,Distance-to-centroid selection,Distance-to-centroid selection,Distance-to-centroid selection,CADE-style drift score [10],0.0,3820,1271,0.33272251308900525,0.7350407851336704,0.3702623906705539,0.0094909404659188,0.1541558815070463,0.9210580818053832,0.713967937985939,0.06294256490952,1.9498,results/performance/monthly/selection_criterion_ablation.csv
monthly,extended_features_natural,selection_criterion_33pct,2016-02,Distance-to-centroid selection,Distance-to-centroid selection,Distance-to-centroid selection,CADE-style drift score [10],0.0,4436,1476,0.3327321911632101,0.8629867407946699,0.8280922431865828,0.0429401363980803,0.1452386966405658,0.9299491697657808,0.773841409294112,0.1084010840108401,2.1014,results/performance/monthly/selection_criterion_ablation.csv
monthly,extended_features_natural,selection_criterion_33pct,2016-03,Distance-to-centroid selection,Distance-to-centroid selection,Distance-to-centroid selection,CADE-style drift score [10],0.0,6454,2147,0.3326619150914162,0.9001921156230045,0.8094488188976378,0.0180443375150369,0.0658188692215157,0.9593916480494932,0.8492660290261882,0.1029343269678621,3.7545,results/performance/monthly/selection_criterion_ablation.csv
monthly,extended_features_natural,selection_criterion_33pct,2016-04,Distance-to-centroid selection,Distance-to-centroid selection,Distance-to-centroid selection,CADE-style drift score [10],0.0,6981,2322,0.3326171035668242,0.8208006907449511,0.5,0.0003140210394096,0.2477626000942063,0.9289994325044616,0.8059421271459805,0.1098191214470284,4.781,results/performance/monthly/selection_criterion_ablation.csv
monthly,extended_features_natural,selection_criterion_33pct,2016-05,Distance-to-centroid selection,Distance-to-centroid selection,Distance-to-centroid selection,CADE-style drift score [10],0.0,4502,1497,0.3325188804975566,0.8500017807965791,0.5907079646017699,0.0044444444444444,0.1059259259259259,0.96007101496777,0.8580121891360898,0.1436205744822979,3.0707,results/performance/monthly/selection_criterion_ablation.csv
monthly,extended_features_natural,selection_criterion_33pct,2016-06,Distance-to-centroid selection,Distance-to-centroid selection,Distance-to-centroid selection,CADE-style drift score [10],0.0,3085,1026,0.3325769854132901,0.8841760727780319,0.7877697841726619,0.0206626291414321,0.0552190951193444,0.965908712289164,0.844804194325936,0.1569200779727095,1.7499,results/performance/monthly/selection_criterion_ablation.csv
monthly,extended_features_natural,selection_criterion_33pct,2016-07,Distance-to-centroid selection,Distance-to-centroid selection,Distance-to-centroid selection,CADE-style drift score [10],0.0,3377,1123,0.3325436778205508,0.9004084295651826,0.8551136363636364,0.0261157024793388,0.0376859504132231,0.976390871525169,0.873088831033369,0.1932324131789848,1.8117,results/performance/monthly/selection_criterion_ablation.csv
monthly,extended_features_natural,selection_criterion_33pct,2016-08,Distance-to-centroid selection,Distance-to-centroid selection,Distance-to-centroid selection,CADE-style drift score [10],0.0,5447,1812,0.33266017991554986,0.8538373631091623,0.8723404255319149,0.0548842924431701,0.0950235510956379,0.9421117264558034,0.8050343076813566,0.2019867549668874,3.3433,results/performance/monthly/selection_criterion_ablation.csv
monthly,extended_features_natural,selection_criterion_33pct,2016-09,Distance-to-centroid selection,Distance-to-centroid selection,Distance-to-centroid selection,CADE-style drift score [10],0.0,1526,507,0.33224115334207077,0.8891868480702101,0.75,0.013788098693759,0.1153846153846153,0.9400472678774564,0.8177154684968068,0.1913214990138067,1.1296,results/performance/monthly/selection_criterion_ablation.csv
monthly,extended_features_natural,selection_criterion_33pct,2016-10,Distance-to-centroid selection,Distance-to-centroid selection,Distance-to-centroid selection,CADE-style drift score [10],0.0,839,279,0.33253873659118,0.8872003712425784,0.7407407407407407,0.0131926121372031,0.0488126649076517,0.9763347340304244,0.8790776569311273,0.2043010752688172,0.6533,results/performance/monthly/selection_criterion_ablation.csv
monthly,extended_features_natural,selection_criterion_33pct,2016-11,Distance-to-centroid selection,Distance-to-centroid selection,Distance-to-centroid selection,CADE-style drift score [10],0.0,213,70,0.3286384976525822,0.8050343249427918,0.6521739130434783,0.0421052631578947,0.5052631578947369,0.8663615560640732,0.671521383268516,0.1714285714285714,0.1615,results/performance/monthly/selection_criterion_ablation.csv
monthly,extended_features_natural,selection_criterion_33pct,2016-12,Distance-to-centroid selection,Distance-to-centroid selection,Distance-to-centroid selection,CADE-style drift score [10],0.0,75,24,0.32,0.5862884160756501,0.125,0.0,0.8805970149253731,0.7957089552238806,0.4929589509237226,0.125,0.0812,results/performance/monthly/selection_criterion_ablation.csv
monthly,extended_features_natural,selection_criterion_33pct,2017-01,Distance-to-centroid selection,Distance-to-centroid selection,Distance-to-centroid selection,CADE-style drift score [10],0.0,5600,1863,0.33267857142857143,0.8122078667815102,0.5916666666666667,0.024,0.1498,0.936728,0.7559233405881418,0.227589908749329,2.9144,results/performance/monthly/selection_criterion_ablation.csv
monthly,extended_features_natural,selection_criterion_33pct,2017-02,Distance-to-centroid selection,Distance-to-centroid selection,Distance-to-centroid selection,CADE-style drift score [10],0.0,5600,1863,0.33267857142857143,0.8919201191735426,0.7883333333333333,0.02,0.0766,0.9635473333333332,0.843452839085096,0.214170692431562,3.7614,results/performance/monthly/selection_criterion_ablation.csv
monthly,extended_features_natural,selection_criterion_33pct,2017-03,Distance-to-centroid selection,Distance-to-centroid selection,Distance-to-centroid selection,CADE-style drift score [10],0.0,5600,1863,0.33267857142857143,0.8748017584917154,0.7316666666666667,0.0188,0.1308,0.9301503333333334,0.7909579842217069,0.178743961352657,3.3436,results/performance/monthly/selection_criterion_ablation.csv
monthly,extended_features_natural,selection_criterion_33pct,2017-04,Distance-to-centroid selection,Distance-to-centroid selection,Distance-to-centroid selection,CADE-style drift score [10],0.0,5600,1863,0.33267857142857143,0.8439854870971745,0.9366666666666666,0.0752,0.0508,0.9540266666666668,0.813084646446293,0.2002147074610842,2.7661,results/performance/monthly/selection_criterion_ablation.csv
monthly,extended_features_natural,selection_criterion_33pct,2017-05,Distance-to-centroid selection,Distance-to-centroid selection,Distance-to-centroid selection,CADE-style drift score [10],0.0,5600,1863,0.33267857142857143,0.8341717327338465,0.555,0.0046,0.1618,0.9298030000000002,0.7764072471793277,0.1910896403650026,2.7894,results/performance/monthly/selection_criterion_ablation.csv
monthly,extended_features_natural,selection_criterion_33pct,2017-06,Distance-to-centroid selection,Distance-to-centroid selection,Distance-to-centroid selection,CADE-style drift score [10],0.0,5600,1863,0.33267857142857143,0.8613737454105536,0.63,0.0066,0.3526,0.9268121666666668,0.826814453751794,0.1943102522812667,2.6313,results/performance/monthly/selection_criterion_ablation.csv
monthly,extended_features_natural,selection_criterion_33pct,2017-07,Distance-to-centroid selection,Distance-to-centroid selection,Distance-to-centroid selection,CADE-style drift score [10],0.0,5600,1863,0.33267857142857143,0.8971012501717268,0.7883333333333333,0.0174,0.0838,0.9747535,0.8755161438703858,0.166935050993022,3.1935,results/performance/monthly/selection_criterion_ablation.csv
monthly,extended_features_natural,selection_criterion_33pct,2017-08,Distance-to-centroid selection,Distance-to-centroid selection,Distance-to-centroid selection,CADE-style drift score [10],0.0,5600,1863,0.33267857142857143,0.8637105630249606,0.62,0.0036,0.0682,0.9494066666666668,0.86356895229659,0.203972088030059,2.6124,results/performance/monthly/selection_criterion_ablation.csv
monthly,extended_features_natural,selection_criterion_33pct,2017-09,Distance-to-centroid selection,Distance-to-centroid selection,Distance-to-centroid selection,CADE-style drift score [10],0.0,5600,1863,0.33267857142857143,0.921829196794997,0.8633333333333333,0.0172,0.0188,0.9781065,0.912726748754078,0.2002147074610842,3.1219,results/performance/monthly/selection_criterion_ablation.csv
monthly,extended_features_natural,selection_criterion_33pct,2017-10,Distance-to-centroid selection,Distance-to-centroid selection,Distance-to-centroid selection,CADE-style drift score [10],0.0,5600,1863,0.33267857142857143,0.925275177125506,0.8783333333333333,0.0178,0.0354,0.9732186666666668,0.8967347063967654,0.1959205582393988,3.0771,results/performance/monthly/selection_criterion_ablation.csv
monthly,extended_features_natural,selection_criterion_33pct,2017-11,Distance-to-centroid selection,Distance-to-centroid selection,Distance-to-centroid selection,CADE-style drift score [10],0.0,5600,1863,0.33267857142857143,0.9191289315890664,0.7916666666666666,0.0074,0.0514,0.9662113333333332,0.8863264774550649,0.2002147074610842,2.985,results/performance/monthly/selection_criterion_ablation.csv
monthly,extended_features_natural,selection_criterion_33pct,2017-12,Distance-to-centroid selection,Distance-to-centroid selection,Distance-to-centroid selection,CADE-style drift score [10],0.0,5600,1863,0.33267857142857143,0.8696758518244408,0.9133333333333332,0.0542,0.0362,0.960372,0.8751480973454316,0.2168545356951154,3.1111,results/performance/monthly/selection_criterion_ablation.csv
monthly,extended_features_natural,selection_criterion_33pct,2018-01,Distance-to-centroid selection,Distance-to-centroid selection,Distance-to-centroid selection,CADE-style drift score [10],0.0,5600,1863,0.33267857142857143,0.862226028559094,0.7233333333333334,0.0238,0.0516,0.9502041666666668,0.7768867366416461,0.1696188942565754,2.8098,results/performance/monthly/selection_criterion_ablation.csv
monthly,extended_features_natural,selection_criterion_33pct,2018-02,Distance-to-centroid selection,Distance-to-centroid selection,Distance-to-centroid selection,CADE-style drift score [10],0.0,5600,1863,0.33267857142857143,0.8868574579542321,0.7466666666666667,0.0154,0.0446,0.9576726666666666,0.8526680807926817,0.1583467525496511,2.6479,results/performance/monthly/selection_criterion_ablation.csv
monthly,extended_features_natural,selection_criterion_33pct,2018-03,Distance-to-centroid selection,Distance-to-centroid selection,Distance-to-centroid selection,CADE-style drift score [10],0.0,5600,1863,0.33267857142857143,0.6906218610172586,0.76,0.1648,0.2828,0.8356268333333333,0.4418467689820184,0.1873322597960279,3.7017,results/performance/monthly/selection_criterion_ablation.csv
monthly,extended_features_natural,selection_criterion_33pct,2018-04,Distance-to-centroid selection,Distance-to-centroid selection,Distance-to-centroid selection,CADE-style drift score [10],0.0,5600,1863,0.33267857142857143,0.7871805086700354,0.45,0.0036,0.1134,0.9464860000000002,0.8229174803529349,0.2168545356951154,2.8747,results/performance/monthly/selection_criterion_ablation.csv
monthly,extended_features_natural,selection_criterion_33pct,2018-05,Distance-to-centroid selection,Distance-to-centroid selection,Distance-to-centroid selection,CADE-style drift score [10],0.0,5600,1863,0.33267857142857143,0.8637341510608525,0.9183333333333332,0.0588,0.0358,0.9631678333333332,0.8904153256629104,0.2533548040794418,2.6901,results/performance/monthly/selection_criterion_ablation.csv
monthly,extended_features_natural,selection_criterion_33pct,2018-06,Distance-to-centroid selection,Distance-to-centroid selection,Distance-to-centroid selection,CADE-style drift score [10],0.0,5600,1863,0.33267857142857143,0.9210225515701068,0.8283333333333334,0.0122,0.0228,0.972596,0.9014448054536064,0.2565754159957058,3.293,results/performance/monthly/selection_criterion_ablation.csv
monthly,extended_features_natural,selection_criterion_33pct,2018-07,Distance-to-centroid selection,Distance-to-centroid selection,Distance-to-centroid selection,CADE-style drift score [10],0.0,5600,1863,0.33267857142857143,0.91010312309345,0.8616666666666667,0.0228,0.0308,0.9659516666666668,0.8667583313592996,0.249597423510467,3.807,results/performance/monthly/selection_criterion_ablation.csv
monthly,extended_features_natural,selection_criterion_33pct,2018-08,Distance-to-centroid selection,Distance-to-centroid selection,Distance-to-centroid selection,CADE-style drift score [10],0.0,5600,1863,0.33267857142857143,0.9369604848527582,0.8416666666666667,0.0068,0.021,0.9585298333333332,0.9111508650817192,0.2533548040794418,3.1099,results/performance/monthly/selection_criterion_ablation.csv
monthly,extended_features_natural,selection_criterion_33pct,2018-09,Distance-to-centroid selection,Distance-to-centroid selection,Distance-to-centroid selection,CADE-style drift score [10],0.0,5600,1863,0.33267857142857143,0.9063390115711558,0.8633333333333333,0.025,0.0378,0.9727601666666666,0.8841292885114255,0.2522812667740204,3.812,results/performance/monthly/selection_criterion_ablation.csv
monthly,extended_features_natural,selection_criterion_33pct,2018-10,Distance-to-centroid selection,Distance-to-centroid selection,Distance-to-centroid selection,CADE-style drift score [10],0.0,5558,1849,0.33267362360561353,0.84329320338565,0.6218637992831542,0.0134,0.5246,0.8885541218637993,0.7614605677749076,0.1849648458626284,3.5112,results/performance/monthly/selection_criterion_ablation.csv
monthly,extended_features_natural,selection_criterion_33pct,2018-11,Distance-to-centroid selection,Distance-to-centroid selection,Distance-to-centroid selection,CADE-style drift score [10],0.0,5437,1809,0.3327202501379437,0.8525540461022847,0.6430205949656751,0.0112,0.0506,0.9453727688787184,0.7711272145549539,0.1680486456605859,3.9573,results/performance/monthly/selection_criterion_ablation.csv
monthly,extended_features_natural,selection_criterion_33pct,2018-12,Distance-to-centroid selection,Distance-to-centroid selection,Distance-to-centroid selection,CADE-style drift score [10],0.0,907,301,0.3318632855567806,0.8036796536796537,0.6666666666666666,0.0294117647058823,0.5352941176470588,0.8835500515995871,0.5956265382144476,0.1229235880398671,0.7171,results/performance/monthly/selection_criterion_ablation.csv
monthly,extended_features_natural,selection_criterion_33pct,2016-01,Conformal-rejection-priority,Conformal-rejection-priority,Conformal-rejection-priority,Transcend-style NCM [4],0.0,3820,1271,0.33272251308900525,0.7350407851336704,0.3702623906705539,0.0094909404659188,0.1541558815070463,0.9210580818053832,0.713967937985939,0.2202989771833202,2.5777,results/performance/monthly/selection_criterion_ablation.csv
monthly,extended_features_natural,selection_criterion_33pct,2016-02,Conformal-rejection-priority,Conformal-rejection-priority,Conformal-rejection-priority,Transcend-style NCM [4],0.0,4436,1476,0.3327321911632101,0.9067455303545314,0.750524109014675,0.0065673149785299,0.2740591058348067,0.9306052658195136,0.8506528674843586,0.2093495934959349,2.8171,results/performance/monthly/selection_criterion_ablation.csv
monthly,extended_features_natural,selection_criterion_33pct,2016-03,Conformal-rejection-priority,Conformal-rejection-priority,Conformal-rejection-priority,Transcend-style NCM [4],0.0,6454,2147,0.3326619150914162,0.924842124876062,0.8409448818897638,0.0115140058429283,0.0740677092283897,0.945948988718737,0.8899178092030569,0.0656730321378668,4.1657,results/performance/monthly/selection_criterion_ablation.csv
monthly,extended_features_natural,selection_criterion_33pct,2016-04,Conformal-rejection-priority,Conformal-rejection-priority,Conformal-rejection-priority,Transcend-style NCM [4],0.0,6981,2322,0.3326171035668242,0.9232169048196488,0.795751633986928,0.0054953681896687,0.0373685036897472,0.9736073526076574,0.9029960275774812,0.1395348837209302,4.2602,results/performance/monthly/selection_criterion_ablation.csv
monthly,extended_features_natural,selection_criterion_33pct,2016-05,Conformal-rejection-priority,Conformal-rejection-priority,Conformal-rejection-priority,Transcend-style NCM [4],0.0,4502,1497,0.3325188804975566,0.9353170213071652,0.834070796460177,0.0061728395061728,0.031358024691358,0.9701693433846826,0.9191815383136616,0.1356045424181696,3.2659,results/performance/monthly/selection_criterion_ablation.csv
monthly,extended_features_natural,selection_criterion_33pct,2016-06,Conformal-rejection-priority,Conformal-rejection-priority,Conformal-rejection-priority,Transcend-style NCM [4],0.0,3085,1026,0.3325769854132901,0.8967951291315402,0.7733812949640287,0.0131813323833273,0.1375133594584966,0.9401938370927768,0.8438797657618327,0.0886939571150097,2.0994,results/performance/monthly/selection_criterion_ablation.csv
monthly,extended_features_natural,selection_criterion_33pct,2016-07,Conformal-rejection-priority,Conformal-rejection-priority,Conformal-rejection-priority,Transcend-style NCM [4],0.0,3377,1123,0.3325436778205508,0.9239025112589774,0.8125,0.0082644628099173,0.0221487603305785,0.9772703794139744,0.9081595210905165,0.1941228851291184,2.4217,results/performance/monthly/selection_criterion_ablation.csv
monthly,extended_features_natural,selection_criterion_33pct,2016-08,Conformal-rejection-priority,Conformal-rejection-priority,Conformal-rejection-priority,Transcend-style NCM [4],0.0,5447,1812,0.33266017991554986,0.9234186736401084,0.8634751773049646,0.0159737866065943,0.0647143149703051,0.9497277063426012,0.8807718833596185,0.1197571743929359,4.6786,results/performance/monthly/selection_criterion_ablation.csv
monthly,extended_features_natural,selection_criterion_33pct,2016-09,Conformal-rejection-priority,Conformal-rejection-priority,Conformal-rejection-priority,Transcend-style NCM [4],0.0,1526,507,0.33224115334207077,0.8958330173080715,0.7837837837837838,0.0159651669085631,0.2750362844702467,0.9320009414349038,0.8109924018231497,0.1577909270216962,1.1167,results/performance/monthly/selection_criterion_ablation.csv
monthly,extended_features_natural,selection_criterion_33pct,2016-10,Conformal-rejection-priority,Conformal-rejection-priority,Conformal-rejection-priority,Transcend-style NCM [4],0.0,839,279,0.33253873659118,0.8878819170260583,0.8024691358024691,0.0224274406332453,0.4353562005277044,0.9279862536238964,0.8076198017677269,0.089605734767025,0.6142,results/performance/monthly/selection_criterion_ablation.csv
monthly,extended_features_natural,selection_criterion_33pct,2016-11,Conformal-rejection-priority,Conformal-rejection-priority,Conformal-rejection-priority,Transcend-style NCM [4],0.0,213,70,0.3286384976525822,0.8844275637547476,0.6521739130434783,0.0,0.4578947368421052,0.9006864988558351,0.7965950873248213,0.1571428571428571,0.1467,results/performance/monthly/selection_criterion_ablation.csv
monthly,extended_features_natural,selection_criterion_33pct,2016-12,Conformal-rejection-priority,Conformal-rejection-priority,Conformal-rejection-priority,Transcend-style NCM [4],0.0,75,24,0.32,0.5862884160756501,0.125,0.0,0.8656716417910447,0.6847014925373134,0.3372775274071006,0.125,0.0785,results/performance/monthly/selection_criterion_ablation.csv
monthly,extended_features_natural,selection_criterion_33pct,2017-01,Conformal-rejection-priority,Conformal-rejection-priority,Conformal-rejection-priority,Transcend-style NCM [4],0.0,5600,1863,0.33267857142857143,0.7583234342135377,0.4116666666666667,0.0086,0.4312,0.8449441666666666,0.6037539457080822,0.2028985507246377,3.5289,results/performance/monthly/selection_criterion_ablation.csv
monthly,extended_features_natural,selection_criterion_33pct,2017-02,Conformal-rejection-priority,Conformal-rejection-priority,Conformal-rejection-priority,Transcend-style NCM [4],0.0,5600,1863,0.33267857142857143,0.9484806477829494,0.8666666666666667,0.0052,0.0128,0.9692305,0.9302825138962708,0.1969940955448201,3.5416,results/performance/monthly/selection_criterion_ablation.csv
monthly,extended_features_natural,selection_criterion_33pct,2017-03,Conformal-rejection-priority,Conformal-rejection-priority,Conformal-rejection-priority,Transcend-style NCM [4],0.0,5600,1863,0.33267857142857143,0.92733846449574,0.84,0.011,0.0904,0.935734,0.8862678113459049,0.1127214170692431,3.0636,results/performance/monthly/selection_criterion_ablation.csv
monthly,extended_features_natural,selection_criterion_33pct,2017-04,Conformal-rejection-priority,Conformal-rejection-priority,Conformal-rejection-priority,Transcend-style NCM [4],0.0,5600,1863,0.33267857142857143,0.9493744123815724,0.8666666666666667,0.0048,0.0316,0.94354,0.9106524955449689,0.1916264090177133,3.7098,results/performance/monthly/selection_criterion_ablation.csv
monthly,extended_features_natural,selection_criterion_33pct,2017-05,Conformal-rejection-priority,Conformal-rejection-priority,Conformal-rejection-priority,Transcend-style NCM [4],0.0,5600,1863,0.33267857142857143,0.934334956863886,0.8416666666666667,0.008,0.0736,0.9352815,0.8887399552635692,0.1234567901234567,3.0644,results/performance/monthly/selection_criterion_ablation.csv
monthly,extended_features_natural,selection_criterion_33pct,2017-06,Conformal-rejection-priority,Conformal-rejection-priority,Conformal-rejection-priority,Transcend-style NCM [4],0.0,5600,1863,0.33267857142857143,0.8887482589824944,0.73,0.0116,0.5856,0.8551518333333333,0.757962241739225,0.1041331186258722,3.0164,results/performance/monthly/selection_criterion_ablation.csv
monthly,extended_features_natural,selection_criterion_33pct,2017-07,Conformal-rejection-priority,Conformal-rejection-priority,Conformal-rejection-priority,Transcend-style NCM [4],0.0,5600,1863,0.33267857142857143,0.8697258999815076,0.6316666666666667,0.003,0.7088,0.7957645,0.7186429525883686,0.1202361782071927,3.016,results/performance/monthly/selection_criterion_ablation.csv
monthly,extended_features_natural,selection_criterion_33pct,2017-08,Conformal-rejection-priority,Conformal-rejection-priority,Conformal-rejection-priority,Transcend-style NCM [4],0.0,5600,1863,0.33267857142857143,0.846167975386876,0.57,0.002,0.4686,0.8703043333333333,0.7621129047296188,0.1991411701556629,3.4792,results/performance/monthly/selection_criterion_ablation.csv
monthly,extended_features_natural,selection_criterion_33pct,2017-09,Conformal-rejection-priority,Conformal-rejection-priority,Conformal-rejection-priority,Transcend-style NCM [4],0.0,5600,1863,0.33267857142857143,0.8738184193110087,0.77,0.0262,0.4936,0.8780698333333333,0.7786372324471432,0.0053676865271068,3.3835,results/performance/monthly/selection_criterion_ablation.csv
monthly,extended_features_natural,selection_criterion_33pct,2017-10,Conformal-rejection-priority,Conformal-rejection-priority,Conformal-rejection-priority,Transcend-style NCM [4],0.0,5600,1863,0.33267857142857143,0.9240616185723584,0.8233333333333334,0.01,0.0154,0.9610121666666668,0.9060401519750324,0.0831991411701556,3.6373,results/performance/monthly/selection_criterion_ablation.csv
monthly,extended_features_natural,selection_criterion_33pct,2017-11,Conformal-rejection-priority,Conformal-rejection-priority,Conformal-rejection-priority,Transcend-style NCM [4],0.0,5600,1863,0.33267857142857143,0.952557593508136,0.95,0.015,0.0094,0.979914,0.9251771853363544,0.0322061191626409,3.4596,results/performance/monthly/selection_criterion_ablation.csv
monthly,extended_features_natural,selection_criterion_33pct,2017-12,Conformal-rejection-priority,Conformal-rejection-priority,Conformal-rejection-priority,Transcend-style NCM [4],0.0,5600,1863,0.33267857142857143,0.9345065061800886,0.8516666666666667,0.0094,0.0156,0.9739636666666668,0.9130478595957244,0.2318840579710145,3.6118,results/performance/monthly/selection_criterion_ablation.csv
monthly,extended_features_natural,selection_criterion_33pct,2018-01,Conformal-rejection-priority,Conformal-rejection-priority,Conformal-rejection-priority,Transcend-style NCM [4],0.0,5600,1863,0.33267857142857143,0.926966365402924,0.9116666666666666,0.022,0.0188,0.9724608333333334,0.9159213845496068,0.2286634460547504,3.5273,results/performance/monthly/selection_criterion_ablation.csv
monthly,extended_features_natural,selection_criterion_33pct,2018-02,Conformal-rejection-priority,Conformal-rejection-priority,Conformal-rejection-priority,Transcend-style NCM [4],0.0,5600,1863,0.33267857142857143,0.9315124180250496,0.845,0.0098,0.0142,0.9748066666666668,0.8915515855591619,0.2458400429414922,4.0241,results/performance/monthly/selection_criterion_ablation.csv
monthly,extended_features_natural,selection_criterion_33pct,2018-03,Conformal-rejection-priority,Conformal-rejection-priority,Conformal-rejection-priority,Transcend-style NCM [4],0.0,5600,1863,0.33267857142857143,0.8319368778094172,0.5433333333333333,0.0032,0.206,0.9309708333333332,0.7965523212112499,0.2576489533011272,4.1145,results/performance/monthly/selection_criterion_ablation.csv
monthly,extended_features_natural,selection_criterion_33pct,2018-04,Conformal-rejection-priority,Conformal-rejection-priority,Conformal-rejection-priority,Transcend-style NCM [4],0.0,5600,1863,0.33267857142857143,0.8893318229152376,0.8216666666666667,0.027,0.1962,0.9432326666666668,0.8563345476631646,0.1057434245840042,3.7355,results/performance/monthly/selection_criterion_ablation.csv
monthly,extended_features_natural,selection_criterion_33pct,2018-05,Conformal-rejection-priority,Conformal-rejection-priority,Conformal-rejection-priority,Transcend-style NCM [4],0.0,5600,1863,0.33267857142857143,0.957626523202181,0.9266666666666666,0.0094,0.0082,0.9656735,0.9113377976141298,0.1336553945249597,3.3869,results/performance/monthly/selection_criterion_ablation.csv
monthly,extended_features_natural,selection_criterion_33pct,2018-06,Conformal-rejection-priority,Conformal-rejection-priority,Conformal-rejection-priority,Transcend-style NCM [4],0.0,5600,1863,0.33267857142857143,0.9495718592964824,0.9483333333333334,0.0162,0.011,0.9722016666666669,0.9163773692956614,0.0885668276972624,3.6465,results/performance/monthly/selection_criterion_ablation.csv
monthly,extended_features_natural,selection_criterion_33pct,2018-07,Conformal-rejection-priority,Conformal-rejection-priority,Conformal-rejection-priority,Transcend-style NCM [4],0.0,5600,1863,0.33267857142857143,0.9350223149825738,0.9116666666666666,0.018,0.0164,0.9660618333333336,0.9007656179398796,0.1057434245840042,4.3991,results/performance/monthly/selection_criterion_ablation.csv
monthly,extended_features_natural,selection_criterion_33pct,2018-08,Conformal-rejection-priority,Conformal-rejection-priority,Conformal-rejection-priority,Transcend-style NCM [4],0.0,5600,1863,0.33267857142857143,0.9435626382021464,0.9083333333333332,0.0134,0.0128,0.9658341666666668,0.9191768151528232,0.0939345142243693,3.9306,results/performance/monthly/selection_criterion_ablation.csv
monthly,extended_features_natural,selection_criterion_33pct,2018-09,Conformal-rejection-priority,Conformal-rejection-priority,Conformal-rejection-priority,Transcend-style NCM [4],0.0,5600,1863,0.33267857142857143,0.947061180453262,0.9383333333333334,0.016,0.0116,0.9732871666666668,0.9206448824557042,0.0509930220075147,4.2979,results/performance/monthly/selection_criterion_ablation.csv
monthly,extended_features_natural,selection_criterion_33pct,2018-10,Conformal-rejection-priority,Conformal-rejection-priority,Conformal-rejection-priority,Transcend-style NCM [4],0.0,5558,1849,0.33267362360561353,0.8635368111054595,0.8261648745519713,0.0398,0.3128,0.919943906810036,0.818630757446408,0.0394808004326663,4.5136,results/performance/monthly/selection_criterion_ablation.csv
monthly,extended_features_natural,selection_criterion_33pct,2018-11,Conformal-rejection-priority,Conformal-rejection-priority,Conformal-rejection-priority,Transcend-style NCM [4],0.0,5437,1809,0.3327202501379437,0.84113914108244,0.7574370709382151,0.033,0.053732,0.9603189931350116,0.7730630384590295,0.0796019900497512,4.1215,results/performance/monthly/selection_criterion_ablation.csv
monthly,extended_features_natural,selection_criterion_33pct,2018-12,Conformal-rejection-priority,Conformal-rejection-priority,Conformal-rejection-priority,Transcend-style NCM [4],0.0,907,301,0.3318632855567806,0.8762904985731073,0.7543859649122807,0.0141176470588235,0.0552941176470588,0.929184726522188,0.7070968000782741,0.1495016611295681,0.8879,results/performance/monthly/selection_criterion_ablation.csv
monthly,extended_features_natural,noncluster_selective_33pct,2016-01,RandomSelectiveUpdate,RandomSelectiveUpdate,RandomSelectiveUpdate,,,3820,1271,0.33272251308900525,0.7350407851336704,0.3702623906705539,0.0094909404659188,0.1541558815070463,0.9210580818053832,0.713967937985939,0.083398898505114,1.802,results/performance/monthly/noncluster_selective_baselines_proposed_ratio.csv
monthly,extended_features_natural,noncluster_selective_33pct,2016-02,RandomSelectiveUpdate,RandomSelectiveUpdate,RandomSelectiveUpdate,,,4436,1476,0.3327321911632101,0.8954756332489533,0.8511530398322851,0.0287951502904773,0.122253094215711,0.9485239956938072,0.8308725141389375,0.1212737127371273,2.4221,results/performance/monthly/noncluster_selective_baselines_proposed_ratio.csv
monthly,extended_features_natural,noncluster_selective_33pct,2016-03,RandomSelectiveUpdate,RandomSelectiveUpdate,RandomSelectiveUpdate,,,6454,2147,0.3326619150914162,0.914876844719138,0.8220472440944881,0.0132325141776937,0.0531019075442515,0.970822976050489,0.8850162837601179,0.1052631578947368,3.3765,results/performance/monthly/noncluster_selective_baselines_proposed_ratio.csv
monthly,extended_features_natural,noncluster_selective_33pct,2016-04,RandomSelectiveUpdate,RandomSelectiveUpdate,RandomSelectiveUpdate,,,6981,2322,0.3326171035668242,0.8940610940512748,0.8120915032679739,0.0193122939236928,0.0640602920395666,0.96466352543006,0.8521871021809592,0.0917312661498708,4.1453,results/performance/monthly/noncluster_selective_baselines_proposed_ratio.csv
monthly,extended_features_natural,noncluster_selective_33pct,2016-05,RandomSelectiveUpdate,RandomSelectiveUpdate,RandomSelectiveUpdate,,,4502,1497,0.3325188804975566,0.9220350524965584,0.7920353982300885,0.0059259259259259,0.1466666666666666,0.9492002622091118,0.8863806974402839,0.104876419505678,2.8259,results/performance/monthly/noncluster_selective_baselines_proposed_ratio.csv
monthly,extended_features_natural,noncluster_selective_33pct,2016-06,RandomSelectiveUpdate,RandomSelectiveUpdate,RandomSelectiveUpdate,,,3085,1026,0.3325769854132901,0.8768293183256883,0.9244604316546764,0.0441752760954756,0.0366939793373708,0.9699517906159576,0.8377303017407627,0.0867446393762183,2.135,results/performance/monthly/noncluster_selective_baselines_proposed_ratio.csv
monthly,extended_features_natural,noncluster_selective_33pct,2016-07,RandomSelectiveUpdate,RandomSelectiveUpdate,RandomSelectiveUpdate,,,3377,1123,0.3325436778205508,0.916459140760287,0.875,0.0211570247933884,0.0264462809917355,0.9794243050338092,0.8860228118727249,0.1068566340160284,2.0836,results/performance/monthly/noncluster_selective_baselines_proposed_ratio.csv
monthly,extended_features_natural,noncluster_selective_33pct,2016-08,RandomSelectiveUpdate,RandomSelectiveUpdate,RandomSelectiveUpdate,,,5447,1812,0.33266017991554986,0.8692573568239643,0.7641843971631206,0.0268277698136391,0.1091542084783944,0.949317032750765,0.808374908557956,0.1059602649006622,3.447,results/performance/monthly/noncluster_selective_baselines_proposed_ratio.csv
monthly,extended_features_natural,noncluster_selective_33pct,2016-09,RandomSelectiveUpdate,RandomSelectiveUpdate,RandomSelectiveUpdate,,,1526,507,0.33224115334207077,0.8941530300255809,0.7027027027027027,0.0043541364296081,0.2576197387518142,0.9320328129290392,0.8383577119652398,0.1025641025641025,0.9464,results/performance/monthly/noncluster_selective_baselines_proposed_ratio.csv
monthly,extended_features_natural,noncluster_selective_33pct,2016-10,RandomSelectiveUpdate,RandomSelectiveUpdate,RandomSelectiveUpdate,,,839,279,0.33253873659118,0.8851129297290331,0.8024691358024691,0.0237467018469656,0.3178100263852242,0.9286703149939738,0.8181305177901749,0.1003584229390681,0.5672,results/performance/monthly/noncluster_selective_baselines_proposed_ratio.csv
monthly,extended_features_natural,noncluster_selective_33pct,2016-11,RandomSelectiveUpdate,RandomSelectiveUpdate,RandomSelectiveUpdate,,,213,70,0.3286384976525822,0.8165374677002584,0.5652173913043478,0.0157894736842105,0.3789473684210526,0.8771167048054919,0.6976837088387249,0.1,0.1177,results/performance/monthly/noncluster_selective_baselines_proposed_ratio.csv
monthly,extended_features_natural,noncluster_selective_33pct,2016-12,RandomSelectiveUpdate,RandomSelectiveUpdate,RandomSelectiveUpdate,,,75,24,0.32,0.6685415829650462,0.5,0.1044776119402985,0.7014925373134329,0.7966417910447761,0.4727609097654829,0.125,0.0457,results/performance/monthly/noncluster_selective_baselines_proposed_ratio.csv
monthly,extended_features_natural,noncluster_selective_33pct,2017-01,RandomSelectiveUpdate,RandomSelectiveUpdate,RandomSelectiveUpdate,,,5600,1863,0.33267857142857143,0.69156726636713,0.52,0.09,0.2774,0.8622179999999999,0.5373192322388017,0.1068169618894256,3.0026,results/performance/monthly/noncluster_selective_baselines_proposed_ratio.csv
monthly,extended_features_natural,noncluster_selective_33pct,2017-02,RandomSelectiveUpdate,RandomSelectiveUpdate,RandomSelectiveUpdate,,,5600,1863,0.33267857142857143,0.9291489134549124,0.835,0.0094,0.0252,0.9685381666666668,0.9020643253173188,0.1084272678475577,3.3353,results/performance/monthly/noncluster_selective_baselines_proposed_ratio.csv
monthly,extended_features_natural,noncluster_selective_33pct,2017-03,RandomSelectiveUpdate,RandomSelectiveUpdate,RandomSelectiveUpdate,,,5600,1863,0.33267857142857143,0.7998350155279503,0.4716666666666667,0.0026,0.1748,0.940594,0.8484586109556449,0.1084272678475577,3.1172,results/performance/monthly/noncluster_selective_baselines_proposed_ratio.csv
monthly,extended_features_natural,noncluster_selective_33pct,2017-04,RandomSelectiveUpdate,RandomSelectiveUpdate,RandomSelectiveUpdate,,,5600,1863,0.33267857142857143,0.9252779644541396,0.91,0.0226,0.0164,0.964019,0.9142989013054298,0.1025228126677402,2.9694,results/performance/monthly/noncluster_selective_baselines_proposed_ratio.csv
monthly,extended_features_natural,noncluster_selective_33pct,2017-05,RandomSelectiveUpdate,RandomSelectiveUpdate,RandomSelectiveUpdate,,,5600,1863,0.33267857142857143,0.9035034862016612,0.7733333333333333,0.0118,0.4906,0.9167293333333332,0.8464459795737669,0.1100375738056897,2.4478,results/performance/monthly/noncluster_selective_baselines_proposed_ratio.csv
monthly,extended_features_natural,noncluster_selective_33pct,2017-06,RandomSelectiveUpdate,RandomSelectiveUpdate,RandomSelectiveUpdate,,,5600,1863,0.33267857142857143,0.9068033240591546,0.835,0.0202,0.1174,0.9613978333333332,0.8776711364024332,0.1009125067096081,2.5449,results/performance/monthly/noncluster_selective_baselines_proposed_ratio.csv
monthly,extended_features_natural,noncluster_selective_33pct,2017-07,RandomSelectiveUpdate,RandomSelectiveUpdate,RandomSelectiveUpdate,,,5600,1863,0.33267857142857143,0.935871512111468,0.95,0.0232,0.0086,0.9754208333333334,0.9283284878598768,0.1019860440150295,2.7857,results/performance/monthly/noncluster_selective_baselines_proposed_ratio.csv
monthly,extended_features_natural,noncluster_selective_33pct,2017-08,RandomSelectiveUpdate,RandomSelectiveUpdate,RandomSelectiveUpdate,,,5600,1863,0.33267857142857143,0.9462871891458268,0.8583333333333333,0.005,0.0066,0.9805331666666668,0.9289474420590588,0.1132581857219538,2.6079,results/performance/monthly/noncluster_selective_baselines_proposed_ratio.csv
monthly,extended_features_natural,noncluster_selective_33pct,2017-09,RandomSelectiveUpdate,RandomSelectiveUpdate,RandomSelectiveUpdate,,,5600,1863,0.33267857142857143,0.8762024568574291,0.9533333333333334,0.0572,0.0145573770491803,0.9802581666666668,0.9117275768077964,0.1100375738056897,2.8845,results/performance/monthly/noncluster_selective_baselines_proposed_ratio.csv
monthly,extended_features_natural,noncluster_selective_33pct,2017-10,RandomSelectiveUpdate,RandomSelectiveUpdate,RandomSelectiveUpdate,,,5600,1863,0.33267857142857143,0.9601872703815456,0.925,0.008,0.0046,0.9824793333333334,0.9516945587236764,0.1121846484165324,2.8557,results/performance/monthly/noncluster_selective_baselines_proposed_ratio.csv
monthly,extended_features_natural,noncluster_selective_33pct,2017-11,RandomSelectiveUpdate,RandomSelectiveUpdate,RandomSelectiveUpdate,,,5600,1863,0.33267857142857143,0.8086945070472775,0.4866666666666667,0.0018,0.0646,0.9584248333333334,0.8679071692322123,0.0998389694041868,3.2067,results/performance/monthly/noncluster_selective_baselines_proposed_ratio.csv
monthly,extended_features_natural,noncluster_selective_33pct,2017-12,RandomSelectiveUpdate,RandomSelectiveUpdate,RandomSelectiveUpdate,,,5600,1863,0.33267857142857143,0.9420466956562198,0.8866666666666667,0.011,0.0188,0.9774318333333334,0.9171026880702048,0.1073537305421363,2.7827,results/performance/monthly/noncluster_selective_baselines_proposed_ratio.csv
monthly,extended_features_natural,noncluster_selective_33pct,2018-01,RandomSelectiveUpdate,RandomSelectiveUpdate,RandomSelectiveUpdate,,,5600,1863,0.33267857142857143,0.8803313806297304,0.8466666666666667,0.0362,0.0384,0.952492,0.7116988465874159,0.1035963499731615,3.3363,results/performance/monthly/noncluster_selective_baselines_proposed_ratio.csv
monthly,extended_features_natural,noncluster_selective_33pct,2018-02,RandomSelectiveUpdate,RandomSelectiveUpdate,RandomSelectiveUpdate,,,5600,1863,0.33267857142857143,0.9363927147446314,0.8766666666666667,0.0122,0.0136,0.9749583333333331,0.896719880176028,0.109500805152979,3.3145,results/performance/monthly/noncluster_selective_baselines_proposed_ratio.csv
monthly,extended_features_natural,noncluster_selective_33pct,2018-03,RandomSelectiveUpdate,RandomSelectiveUpdate,RandomSelectiveUpdate,,,5600,1863,0.33267857142857143,0.716488959305728,0.8566666666666667,0.1644,0.173,0.8700881666666667,0.5669028400369914,0.0950080515297906,3.1527,results/performance/monthly/noncluster_selective_baselines_proposed_ratio.csv
monthly,extended_features_natural,noncluster_selective_33pct,2018-04,RandomSelectiveUpdate,RandomSelectiveUpdate,RandomSelectiveUpdate,,,5600,1863,0.33267857142857143,0.885516571826932,0.7716666666666666,0.0204,0.1892,0.9491355,0.8097355840210365,0.1159420289855072,3.2193,results/performance/monthly/noncluster_selective_baselines_proposed_ratio.csv
monthly,extended_features_natural,noncluster_selective_33pct,2018-05,RandomSelectiveUpdate,RandomSelectiveUpdate,RandomSelectiveUpdate,,,5600,1863,0.33267857142857143,0.8913591743297249,0.86,0.0324,0.037,0.9564398333333332,0.8129563571733438,0.1030595813204508,2.6819,results/performance/monthly/noncluster_selective_baselines_proposed_ratio.csv
monthly,extended_features_natural,noncluster_selective_33pct,2018-06,RandomSelectiveUpdate,RandomSelectiveUpdate,RandomSelectiveUpdate,,,5600,1863,0.33267857142857143,0.945627263507892,0.8983333333333333,0.011,0.0112,0.9742158333333334,0.9104702064988118,0.1100375738056897,3.3859,results/performance/monthly/noncluster_selective_baselines_proposed_ratio.csv
monthly,extended_features_natural,noncluster_selective_33pct,2018-07,RandomSelectiveUpdate,RandomSelectiveUpdate,RandomSelectiveUpdate,,,5600,1863,0.33267857142857143,0.9275748042001168,0.85,0.0124,0.0268,0.9635531666666666,0.9013472597733022,0.1111111111111111,3.2114,results/performance/monthly/noncluster_selective_baselines_proposed_ratio.csv
monthly,extended_features_natural,noncluster_selective_33pct,2018-08,RandomSelectiveUpdate,RandomSelectiveUpdate,RandomSelectiveUpdate,,,5600,1863,0.33267857142857143,0.930227105856852,0.825,0.0074,0.0174,0.9610081666666668,0.907892149366751,0.1143317230273752,3.0508,results/performance/monthly/noncluster_selective_baselines_proposed_ratio.csv
monthly,extended_features_natural,noncluster_selective_33pct,2018-09,RandomSelectiveUpdate,RandomSelectiveUpdate,RandomSelectiveUpdate,,,5600,1863,0.33267857142857143,0.947628881299195,0.8766666666666667,0.007,0.0074,0.978276,0.9320234498953518,0.1030595813204508,3.7703,results/performance/monthly/noncluster_selective_baselines_proposed_ratio.csv
monthly,extended_features_natural,noncluster_selective_33pct,2018-10,RandomSelectiveUpdate,RandomSelectiveUpdate,RandomSelectiveUpdate,,,5558,1849,0.33267362360561353,0.8659263973608122,0.7060931899641577,0.0178,0.464,0.9056186379928316,0.7844759670186467,0.104380746349378,3.4234,results/performance/monthly/noncluster_selective_baselines_proposed_ratio.csv
monthly,extended_features_natural,noncluster_selective_33pct,2018-11,RandomSelectiveUpdate,RandomSelectiveUpdate,RandomSelectiveUpdate,,,5437,1809,0.3327202501379437,0.8848131169143827,0.9038901601830664,0.0334,0.0312,0.9643533180778032,0.8036389907951229,0.0818131564400221,3.6523,results/performance/monthly/noncluster_selective_baselines_proposed_ratio.csv
monthly,extended_features_natural,noncluster_selective_33pct,2018-12,RandomSelectiveUpdate,RandomSelectiveUpdate,RandomSelectiveUpdate,,,907,301,0.3318632855567806,0.8602980644017009,0.8245614035087719,0.0270588235294117,0.1376470588235294,0.9384313725490196,0.7304433539431302,0.0598006644518272,0.819,results/performance/monthly/noncluster_selective_baselines_proposed_ratio.csv
monthly,extended_features_natural,noncluster_selective_33pct,2016-01,UncertaintyOnlyUpdate,UncertaintyOnlyUpdate,UncertaintyOnlyUpdate,,,3820,1271,0.33272251308900525,0.7350407851336704,0.3702623906705539,0.0094909404659188,0.1541558815070463,0.9210580818053832,0.713967937985939,0.1628638867033831,1.9497,results/performance/monthly/noncluster_selective_baselines_proposed_ratio.csv
monthly,extended_features_natural,noncluster_selective_33pct,2016-02,UncertaintyOnlyUpdate,UncertaintyOnlyUpdate,UncertaintyOnlyUpdate,,,4436,1476,0.3327321911632101,0.7959198821303082,0.469601677148847,0.0040414246021722,0.3104319272543571,0.9192747676260284,0.791986993353985,0.2018970189701897,2.0999,results/performance/monthly/noncluster_selective_baselines_proposed_ratio.csv
monthly,extended_features_natural,noncluster_selective_33pct,2016-03,UncertaintyOnlyUpdate,UncertaintyOnlyUpdate,UncertaintyOnlyUpdate,,,6454,2147,0.3326619150914162,0.8447915499767931,0.9118110236220472,0.0647877642206564,0.0565389242137824,0.961185121236027,0.8482678629042066,0.0982766651141127,3.4234,results/performance/monthly/noncluster_selective_baselines_proposed_ratio.csv
monthly,extended_features_natural,noncluster_selective_33pct,2016-04,UncertaintyOnlyUpdate,UncertaintyOnlyUpdate,UncertaintyOnlyUpdate,,,6981,2322,0.3326171035668242,0.877656529307988,0.6339869281045751,0.0006280420788192,0.2953367875647668,0.9413411777020432,0.8325055100039358,0.1102497846683893,3.6239,results/performance/monthly/noncluster_selective_baselines_proposed_ratio.csv
monthly,extended_features_natural,noncluster_selective_33pct,2016-05,UncertaintyOnlyUpdate,UncertaintyOnlyUpdate,UncertaintyOnlyUpdate,,,4502,1497,0.3325188804975566,0.909193114521659,0.8451327433628318,0.0195061728395061,0.0461728395061728,0.9593286354200808,0.8773480506118344,0.1162324649298597,2.5992,results/performance/monthly/noncluster_selective_baselines_proposed_ratio.csv
monthly,extended_features_natural,noncluster_selective_33pct,2016-06,UncertaintyOnlyUpdate,UncertaintyOnlyUpdate,UncertaintyOnlyUpdate,,,3085,1026,0.3325769854132901,0.8923775839496708,0.9424460431654677,0.0388314926968293,0.0256501603135019,0.9750661885881392,0.8606947089856851,0.0857699805068226,1.7619,results/performance/monthly/noncluster_selective_baselines_proposed_ratio.csv
monthly,extended_features_natural,noncluster_selective_33pct,2016-07,UncertaintyOnlyUpdate,UncertaintyOnlyUpdate,UncertaintyOnlyUpdate,,,3377,1123,0.3325436778205508,0.9164486249045072,0.9318181818181818,0.0297520661157024,0.0221487603305785,0.9810278925619836,0.8966761932156457,0.1104185218165627,2.2805,results/performance/monthly/noncluster_selective_baselines_proposed_ratio.csv
monthly,extended_features_natural,noncluster_selective_33pct,2016-08,UncertaintyOnlyUpdate,UncertaintyOnlyUpdate,UncertaintyOnlyUpdate,,,5447,1812,0.33266017991554986,0.9184307783573752,0.8599290780141844,0.0178169158304321,0.0612328486586115,0.9505564972120674,0.8799073130572834,0.1208609271523178,3.847,results/performance/monthly/noncluster_selective_baselines_proposed_ratio.csv
monthly,extended_features_natural,noncluster_selective_33pct,2016-09,UncertaintyOnlyUpdate,UncertaintyOnlyUpdate,UncertaintyOnlyUpdate,,,1526,507,0.33224115334207077,0.8994425729059501,0.7364864864864865,0.0072568940493468,0.3187227866473149,0.9218461930726084,0.8276353579261543,0.1163708086785009,0.866,results/performance/monthly/noncluster_selective_baselines_proposed_ratio.csv
monthly,extended_features_natural,noncluster_selective_33pct,2016-10,UncertaintyOnlyUpdate,UncertaintyOnlyUpdate,UncertaintyOnlyUpdate,,,839,279,0.33253873659118,0.8021335090796899,0.8518518518518519,0.0804749340369393,0.5923482849604221,0.898074855858497,0.7652353657951648,0.060931899641577,0.593,results/performance/monthly/noncluster_selective_baselines_proposed_ratio.csv
monthly,extended_features_natural,noncluster_selective_33pct,2016-11,UncertaintyOnlyUpdate,UncertaintyOnlyUpdate,UncertaintyOnlyUpdate,,,213,70,0.3286384976525822,0.8151041666666666,0.6086956521739131,0.0263157894736842,0.3421052631578947,0.8823798627002288,0.6648593818878527,0.0714285714285714,0.117,results/performance/monthly/noncluster_selective_baselines_proposed_ratio.csv
monthly,extended_features_natural,noncluster_selective_33pct,2016-12,UncertaintyOnlyUpdate,UncertaintyOnlyUpdate,UncertaintyOnlyUpdate,,,75,24,0.32,0.6209994385176867,0.25,0.044776119402985,0.9253731343283582,0.7462686567164178,0.4081809956314932,0.125,0.0465,results/performance/monthly/noncluster_selective_baselines_proposed_ratio.csv
monthly,extended_features_natural,noncluster_selective_33pct,2017-01,UncertaintyOnlyUpdate,UncertaintyOnlyUpdate,UncertaintyOnlyUpdate,,,5600,1863,0.33267857142857143,0.7497049693424664,0.4416666666666666,0.0222,0.175,0.8918481666666667,0.6033660155596935,0.1282877079978529,2.6844,results/performance/monthly/noncluster_selective_baselines_proposed_ratio.csv
monthly,extended_features_natural,noncluster_selective_33pct,2017-02,UncertaintyOnlyUpdate,UncertaintyOnlyUpdate,UncertaintyOnlyUpdate,,,5600,1863,0.33267857142857143,0.9392670938998118,0.8983333333333333,0.014,0.0142,0.9700048333333332,0.924048968901418,0.1256038647342995,3.3503,results/performance/monthly/noncluster_selective_baselines_proposed_ratio.csv
monthly,extended_features_natural,noncluster_selective_33pct,2017-03,UncertaintyOnlyUpdate,UncertaintyOnlyUpdate,UncertaintyOnlyUpdate,,,5600,1863,0.33267857142857143,0.8689221971616614,0.62,0.0012,0.1528,0.9311743333333332,0.8786037359043225,0.2147074610842727,3.0489,results/performance/monthly/noncluster_selective_baselines_proposed_ratio.csv
monthly,extended_features_natural,noncluster_selective_33pct,2017-04,UncertaintyOnlyUpdate,UncertaintyOnlyUpdate,UncertaintyOnlyUpdate,,,5600,1863,0.33267857142857143,0.9120814598375532,0.92,0.031,0.0222,0.9637181666666668,0.9005377836781087,0.1105743424584004,2.8713,results/performance/monthly/noncluster_selective_baselines_proposed_ratio.csv
monthly,extended_features_natural,noncluster_selective_33pct,2017-05,UncertaintyOnlyUpdate,UncertaintyOnlyUpdate,UncertaintyOnlyUpdate,,,5600,1863,0.33267857142857143,0.928211403432101,0.8016666666666666,0.0048,0.3412,0.9291281666666668,0.8773609920685158,0.1476113794954374,2.4351,results/performance/monthly/noncluster_selective_baselines_proposed_ratio.csv
monthly,extended_features_natural,noncluster_selective_33pct,2017-06,UncertaintyOnlyUpdate,UncertaintyOnlyUpdate,UncertaintyOnlyUpdate,,,5600,1863,0.33267857142857143,0.9159000567125578,0.8816666666666667,0.023,0.0336,0.9610996666666668,0.8894615114942098,0.1250670960815888,2.4205,results/performance/monthly/noncluster_selective_baselines_proposed_ratio.csv
monthly,extended_features_natural,noncluster_selective_33pct,2017-07,UncertaintyOnlyUpdate,UncertaintyOnlyUpdate,UncertaintyOnlyUpdate,,,5600,1863,0.33267857142857143,0.938075017692852,0.8533333333333334,0.008,0.019,0.981181,0.9288476088766192,0.1776704240472356,2.3804,results/performance/monthly/noncluster_selective_baselines_proposed_ratio.csv
monthly,extended_features_natural,noncluster_selective_33pct,2017-08,UncertaintyOnlyUpdate,UncertaintyOnlyUpdate,UncertaintyOnlyUpdate,,,5600,1863,0.33267857142857143,0.9583828634684304,0.9116666666666666,0.007,0.006,0.9848721666666668,0.9385834907852838,0.1808910359634997,2.8794,results/performance/monthly/noncluster_selective_baselines_proposed_ratio.csv
monthly,extended_features_natural,noncluster_selective_33pct,2017-09,UncertaintyOnlyUpdate,UncertaintyOnlyUpdate,UncertaintyOnlyUpdate,,,5600,1863,0.33267857142857143,0.9551601748389972,0.93,0.011,0.0106,0.9803515,0.9203607529602492,0.1476113794954374,2.71,results/performance/monthly/noncluster_selective_baselines_proposed_ratio.csv
monthly,extended_features_natural,noncluster_selective_33pct,2017-10,UncertaintyOnlyUpdate,UncertaintyOnlyUpdate,UncertaintyOnlyUpdate,,,5600,1863,0.33267857142857143,0.9534212393277391,0.94,0.0132,0.007,0.9762751666666668,0.934499956751826,0.1256038647342995,2.9832,results/performance/monthly/noncluster_selective_baselines_proposed_ratio.csv
monthly,extended_features_natural,noncluster_selective_33pct,2017-11,UncertaintyOnlyUpdate,UncertaintyOnlyUpdate,UncertaintyOnlyUpdate,,,5600,1863,0.33267857142857143,0.8135275269322391,0.9083333333333332,0.0914,0.0624,0.9691441666666668,0.8826745057173296,0.074074074074074,3.018,results/performance/monthly/noncluster_selective_baselines_proposed_ratio.csv
monthly,extended_features_natural,noncluster_selective_33pct,2017-12,UncertaintyOnlyUpdate,UncertaintyOnlyUpdate,UncertaintyOnlyUpdate,,,5600,1863,0.33267857142857143,0.8891716853073319,0.7033333333333334,0.0068,0.0154,0.9766631666666666,0.9027232613736316,0.2249060654857756,2.8409,results/performance/monthly/noncluster_selective_baselines_proposed_ratio.csv
monthly,extended_features_natural,noncluster_selective_33pct,2018-01,UncertaintyOnlyUpdate,UncertaintyOnlyUpdate,UncertaintyOnlyUpdate,,,5600,1863,0.33267857142857143,0.913199694496964,0.9416666666666668,0.0338,0.025,0.9684466666666668,0.8673752322735047,0.1148684916800858,2.7161,results/performance/monthly/noncluster_selective_baselines_proposed_ratio.csv
monthly,extended_features_natural,noncluster_selective_33pct,2018-02,UncertaintyOnlyUpdate,UncertaintyOnlyUpdate,UncertaintyOnlyUpdate,,,5600,1863,0.33267857142857143,0.8364328272273724,0.5716666666666667,0.007,0.014,0.9767256666666668,0.8838093463976622,0.251207729468599,2.7437,results/performance/monthly/noncluster_selective_baselines_proposed_ratio.csv
monthly,extended_features_natural,noncluster_selective_33pct,2018-03,UncertaintyOnlyUpdate,UncertaintyOnlyUpdate,UncertaintyOnlyUpdate,,,5600,1863,0.33267857142857143,0.7202755903173312,0.8483333333333334,0.1584,0.1768,0.8741818333333333,0.5278913553840515,0.1696188942565754,3.4357,results/performance/monthly/noncluster_selective_baselines_proposed_ratio.csv
monthly,extended_features_natural,noncluster_selective_33pct,2018-04,UncertaintyOnlyUpdate,UncertaintyOnlyUpdate,UncertaintyOnlyUpdate,,,5600,1863,0.33267857142857143,0.8187076484306701,0.9183333333333332,0.0896,0.0816,0.9382903333333332,0.7011807124875131,0.1347289318303811,3.1126,results/performance/monthly/noncluster_selective_baselines_proposed_ratio.csv
monthly,extended_features_natural,noncluster_selective_33pct,2018-05,UncertaintyOnlyUpdate,UncertaintyOnlyUpdate,UncertaintyOnlyUpdate,,,5600,1863,0.33267857142857143,0.9139075275513652,0.765,0.0056,0.0082,0.9755688333333332,0.9195135934472314,0.2147074610842727,3.2176,results/performance/monthly/noncluster_selective_baselines_proposed_ratio.csv
monthly,extended_features_natural,noncluster_selective_33pct,2018-06,UncertaintyOnlyUpdate,UncertaintyOnlyUpdate,UncertaintyOnlyUpdate,,,5600,1863,0.33267857142857143,0.9596659325899513,0.935,0.0096,0.0076,0.9808558333333334,0.9437431298348974,0.1583467525496511,2.8782,results/performance/monthly/noncluster_selective_baselines_proposed_ratio.csv
monthly,extended_features_natural,noncluster_selective_33pct,2018-07,UncertaintyOnlyUpdate,UncertaintyOnlyUpdate,UncertaintyOnlyUpdate,,,5600,1863,0.33267857142857143,0.9352579904103852,0.8716666666666667,0.012,0.0128,0.9602851666666667,0.9079495578593808,0.1680085882984433,3.8936,results/performance/monthly/noncluster_selective_baselines_proposed_ratio.csv
monthly,extended_features_natural,noncluster_selective_33pct,2018-08,UncertaintyOnlyUpdate,UncertaintyOnlyUpdate,UncertaintyOnlyUpdate,,,5600,1863,0.33267857142857143,0.945123217974498,0.9233333333333332,0.0148,0.011,0.9630926666666668,0.9174812226784768,0.1460010735373054,3.2328,results/performance/monthly/noncluster_selective_baselines_proposed_ratio.csv
monthly,extended_features_natural,noncluster_selective_33pct,2018-09,UncertaintyOnlyUpdate,UncertaintyOnlyUpdate,UncertaintyOnlyUpdate,,,5600,1863,0.33267857142857143,0.9263508544235344,0.8316666666666667,0.0102,0.0242,0.966622,0.898622812501665,0.2200751476113795,3.6479,results/performance/monthly/noncluster_selective_baselines_proposed_ratio.csv
monthly,extended_features_natural,noncluster_selective_33pct,2018-10,UncertaintyOnlyUpdate,UncertaintyOnlyUpdate,UncertaintyOnlyUpdate,,,5558,1849,0.33267362360561353,0.8768807523009203,0.7813620071684588,0.0252,0.217,0.9190347670250896,0.8169303615444891,0.1471065440778799,3.5266,results/performance/monthly/noncluster_selective_baselines_proposed_ratio.csv
monthly,extended_features_natural,noncluster_selective_33pct,2018-11,UncertaintyOnlyUpdate,UncertaintyOnlyUpdate,UncertaintyOnlyUpdate,,,5437,1809,0.3327202501379437,0.884447664589673,0.7414187643020596,0.0126,0.0184,0.9679144164759724,0.8298902206991071,0.1851851851851851,3.5412,results/performance/monthly/noncluster_selective_baselines_proposed_ratio.csv
monthly,extended_features_natural,noncluster_selective_33pct,2018-12,UncertaintyOnlyUpdate,UncertaintyOnlyUpdate,UncertaintyOnlyUpdate,,,907,301,0.3318632855567806,0.8460176561893675,0.5964912280701754,0.0058823529411764,0.2164705882352941,0.9332301341589267,0.6953955182474834,0.132890365448505,0.6899,results/performance/monthly/noncluster_selective_baselines_proposed_ratio.csv
monthly,extended_features_natural,noncluster_selective_33pct,2016-01,ScoreShiftOnlyUpdate,ScoreShiftOnlyUpdate,ScoreShiftOnlyUpdate,,,3820,1271,0.33272251308900525,0.7350407851336704,0.3702623906705539,0.0094909404659188,0.1541558815070463,0.9210580818053832,0.713967937985939,0.2250196695515342,1.8859,results/performance/monthly/noncluster_selective_baselines_proposed_ratio.csv
monthly,extended_features_natural,noncluster_selective_33pct,2016-02,ScoreShiftOnlyUpdate,ScoreShiftOnlyUpdate,ScoreShiftOnlyUpdate,,,4436,1476,0.3327321911632101,0.8662297021111847,0.7190775681341719,0.0209648901237686,0.1727709017428643,0.9485441180909352,0.7843951061673776,0.2594850948509485,2.4698,results/performance/monthly/noncluster_selective_baselines_proposed_ratio.csv
monthly,extended_features_natural,noncluster_selective_33pct,2016-03,ScoreShiftOnlyUpdate,ScoreShiftOnlyUpdate,ScoreShiftOnlyUpdate,,,6454,2147,0.3326619150914162,0.881924326686139,0.6834645669291338,0.0065303316721086,0.0769891733974909,0.9576283502455304,0.8641960764498938,0.2109920819748486,3.7716,results/performance/monthly/noncluster_selective_baselines_proposed_ratio.csv
monthly,extended_features_natural,noncluster_selective_33pct,2016-04,ScoreShiftOnlyUpdate,ScoreShiftOnlyUpdate,ScoreShiftOnlyUpdate,,,6981,2322,0.3326171035668242,0.914307508043344,0.8120915032679739,0.0109907363793374,0.0211964201601507,0.9714625683842386,0.9041379924626778,0.2497846683893195,3.9351,results/performance/monthly/noncluster_selective_baselines_proposed_ratio.csv
monthly,extended_features_natural,noncluster_selective_33pct,2016-05,ScoreShiftOnlyUpdate,ScoreShiftOnlyUpdate,ScoreShiftOnlyUpdate,,,4502,1497,0.3325188804975566,0.8495852415140759,0.5685840707964602,0.0004938271604938,0.5,0.9035540260024036,0.849420105343297,0.1730126920507682,2.7729,results/performance/monthly/noncluster_selective_baselines_proposed_ratio.csv
monthly,extended_features_natural,noncluster_selective_33pct,2016-06,ScoreShiftOnlyUpdate,ScoreShiftOnlyUpdate,ScoreShiftOnlyUpdate,,,3085,1026,0.3325769854132901,0.8823655969644315,0.9244604316546764,0.0413252582828642,0.0324189526184538,0.9671594395306696,0.8392255013030552,0.2553606237816764,1.6865,results/performance/monthly/noncluster_selective_baselines_proposed_ratio.csv
monthly,extended_features_natural,noncluster_selective_33pct,2016-07,ScoreShiftOnlyUpdate,ScoreShiftOnlyUpdate,ScoreShiftOnlyUpdate,,,3377,1123,0.3325436778205508,0.8983469208578954,0.9375,0.0403305785123966,0.0201652892561983,0.9717237978963184,0.8825552855856376,0.3009795191451469,1.9304,results/performance/monthly/noncluster_selective_baselines_proposed_ratio.csv
monthly,extended_features_natural,noncluster_selective_33pct,2016-08,ScoreShiftOnlyUpdate,ScoreShiftOnlyUpdate,ScoreShiftOnlyUpdate,,,5447,1812,0.33266017991554986,0.9044126304825306,0.7925531914893617,0.0141306573827565,0.0575465902109359,0.9611722824737148,0.877719342986606,0.2698675496688741,3.3349,results/performance/monthly/noncluster_selective_baselines_proposed_ratio.csv
monthly,extended_features_natural,noncluster_selective_33pct,2016-09,ScoreShiftOnlyUpdate,ScoreShiftOnlyUpdate,ScoreShiftOnlyUpdate,,,1526,507,0.33224115334207077,0.8961759652245769,0.8040540540540541,0.0188679245283018,0.3629898403483309,0.9203776526889736,0.8404268838373892,0.2564102564102564,0.8235,results/performance/monthly/noncluster_selective_baselines_proposed_ratio.csv
monthly,extended_features_natural,noncluster_selective_33pct,2016-10,ScoreShiftOnlyUpdate,ScoreShiftOnlyUpdate,ScoreShiftOnlyUpdate,,,839,279,0.33253873659118,0.9142572770453709,0.7654320987654321,0.0052770448548812,0.3468337730870712,0.9309668067363758,0.8425677822278076,0.2329749103942652,0.5517,results/performance/monthly/noncluster_selective_baselines_proposed_ratio.csv
monthly,extended_features_natural,noncluster_selective_33pct,2016-11,ScoreShiftOnlyUpdate,ScoreShiftOnlyUpdate,ScoreShiftOnlyUpdate,,,213,70,0.3286384976525822,0.8844275637547476,0.6521739130434783,0.0,0.5789473684210527,0.8894736842105263,0.7822957751242776,0.2285714285714285,0.1293,results/performance/monthly/noncluster_selective_baselines_proposed_ratio.csv
monthly,extended_features_natural,noncluster_selective_33pct,2016-12,ScoreShiftOnlyUpdate,ScoreShiftOnlyUpdate,ScoreShiftOnlyUpdate,,,75,24,0.32,0.5862884160756501,0.125,0.0,0.835820895522388,0.6464552238805971,0.3408558096509073,0.125,0.0478,results/performance/monthly/noncluster_selective_baselines_proposed_ratio.csv
monthly,extended_features_natural,noncluster_selective_33pct,2017-01,ScoreShiftOnlyUpdate,ScoreShiftOnlyUpdate,ScoreShiftOnlyUpdate,,,5600,1863,0.33267857142857143,0.6925684043121766,0.5233333333333333,0.0902,0.7872451612903226,0.6784231666666667,0.4686006259450315,0.1749865807836822,2.8749,results/performance/monthly/noncluster_selective_baselines_proposed_ratio.csv
monthly,extended_features_natural,noncluster_selective_33pct,2017-02,ScoreShiftOnlyUpdate,ScoreShiftOnlyUpdate,ScoreShiftOnlyUpdate,,,5600,1863,0.33267857142857143,0.7701295979240116,0.4033333333333333,0.0,0.2512,0.8981851666666667,0.6828804285983232,0.1207729468599033,3.5767,results/performance/monthly/noncluster_selective_baselines_proposed_ratio.csv
monthly,extended_features_natural,noncluster_selective_33pct,2017-03,ScoreShiftOnlyUpdate,ScoreShiftOnlyUpdate,ScoreShiftOnlyUpdate,,,5600,1863,0.33267857142857143,0.7862806040359527,0.4916666666666666,0.0146,0.6516,0.753479,0.5699990182468305,0.1932367149758454,2.5801,results/performance/monthly/noncluster_selective_baselines_proposed_ratio.csv
monthly,extended_features_natural,noncluster_selective_33pct,2017-04,ScoreShiftOnlyUpdate,ScoreShiftOnlyUpdate,ScoreShiftOnlyUpdate,,,5600,1863,0.33267857142857143,0.7767500204879625,0.5566666666666666,0.0366,0.132,0.9377895,0.7296140918753927,0.2925389157273215,2.7736,results/performance/monthly/noncluster_selective_baselines_proposed_ratio.csv
monthly,extended_features_natural,noncluster_selective_33pct,2017-05,ScoreShiftOnlyUpdate,ScoreShiftOnlyUpdate,ScoreShiftOnlyUpdate,,,5600,1863,0.33267857142857143,0.9266149224474344,0.8166666666666667,0.0078,0.2829399999999999,0.930417,0.8674394383629036,0.2796564680622652,2.3765,results/performance/monthly/noncluster_selective_baselines_proposed_ratio.csv
monthly,extended_features_natural,noncluster_selective_33pct,2017-06,ScoreShiftOnlyUpdate,ScoreShiftOnlyUpdate,ScoreShiftOnlyUpdate,,,5600,1863,0.33267857142857143,0.9041907581558024,0.7533333333333333,0.0082,0.1458,0.9532683333333334,0.8626014662653674,0.2694578636607622,2.4528,results/performance/monthly/noncluster_selective_baselines_proposed_ratio.csv
monthly,extended_features_natural,noncluster_selective_33pct,2017-07,ScoreShiftOnlyUpdate,ScoreShiftOnlyUpdate,ScoreShiftOnlyUpdate,,,5600,1863,0.33267857142857143,0.9590533887973792,0.93,0.0092,0.0056,0.9833828333333334,0.9456685218637244,0.3134728931830381,2.7354,results/performance/monthly/noncluster_selective_baselines_proposed_ratio.csv
monthly,extended_features_natural,noncluster_selective_33pct,2017-08,ScoreShiftOnlyUpdate,ScoreShiftOnlyUpdate,ScoreShiftOnlyUpdate,,,5600,1863,0.33267857142857143,0.9596659325899513,0.935,0.0096,0.0072,0.9817115,0.9420678572245512,0.3145464304884595,2.7503,results/performance/monthly/noncluster_selective_baselines_proposed_ratio.csv
monthly,extended_features_natural,noncluster_selective_33pct,2017-09,ScoreShiftOnlyUpdate,ScoreShiftOnlyUpdate,ScoreShiftOnlyUpdate,,,5600,1863,0.33267857142857143,0.9458963516918606,0.895,0.0104,0.0106,0.9826946666666666,0.924187997020822,0.3059581320450886,2.5261,results/performance/monthly/noncluster_selective_baselines_proposed_ratio.csv
monthly,extended_features_natural,noncluster_selective_33pct,2017-10,ScoreShiftOnlyUpdate,ScoreShiftOnlyUpdate,ScoreShiftOnlyUpdate,,,5600,1863,0.33267857142857143,0.9593617303609342,0.89,0.0036,0.0048,0.9728568333333334,0.9325350138161044,0.3048845947396672,2.7135,results/performance/monthly/noncluster_selective_baselines_proposed_ratio.csv
monthly,extended_features_natural,noncluster_selective_33pct,2017-11,ScoreShiftOnlyUpdate,ScoreShiftOnlyUpdate,ScoreShiftOnlyUpdate,,,5600,1863,0.33267857142857143,0.9397987926721288,0.845,0.006,0.0106,0.9802505,0.927754849352906,0.298443370907139,2.8545,results/performance/monthly/noncluster_selective_baselines_proposed_ratio.csv
monthly,extended_features_natural,noncluster_selective_33pct,2017-12,ScoreShiftOnlyUpdate,ScoreShiftOnlyUpdate,ScoreShiftOnlyUpdate,,,5600,1863,0.33267857142857143,0.9503711088955356,0.8883333333333333,0.0074,0.0106,0.9781918333333331,0.9387283441088756,0.3059581320450886,2.6736,results/performance/monthly/noncluster_selective_baselines_proposed_ratio.csv
monthly,extended_features_natural,noncluster_selective_33pct,2018-01,ScoreShiftOnlyUpdate,ScoreShiftOnlyUpdate,ScoreShiftOnlyUpdate,,,5600,1863,0.33267857142857143,0.9181913116911024,0.915,0.027,0.0258,0.9654088333333334,0.8567898786477964,0.3064949006977992,2.7173,results/performance/monthly/noncluster_selective_baselines_proposed_ratio.csv
monthly,extended_features_natural,noncluster_selective_33pct,2018-02,ScoreShiftOnlyUpdate,ScoreShiftOnlyUpdate,ScoreShiftOnlyUpdate,,,5600,1863,0.33267857142857143,0.9232976428782436,0.8066666666666666,0.0078,0.0784,0.9644146666666666,0.8672468288441407,0.2839506172839506,2.5795,results/performance/monthly/noncluster_selective_baselines_proposed_ratio.csv
monthly,extended_features_natural,noncluster_selective_33pct,2018-03,ScoreShiftOnlyUpdate,ScoreShiftOnlyUpdate,ScoreShiftOnlyUpdate,,,5600,1863,0.33267857142857143,0.7107588394434741,0.83,0.1632,0.2888,0.8517541666666667,0.5335364434109064,0.2758990874932904,2.8652,results/performance/monthly/noncluster_selective_baselines_proposed_ratio.csv
monthly,extended_features_natural,noncluster_selective_33pct,2018-04,ScoreShiftOnlyUpdate,ScoreShiftOnlyUpdate,ScoreShiftOnlyUpdate,,,5600,1863,0.33267857142857143,0.8041667969510997,0.8683333333333333,0.09,0.1002,0.9350675,0.6932478944945459,0.3059581320450886,2.8935,results/performance/monthly/noncluster_selective_baselines_proposed_ratio.csv
monthly,extended_features_natural,noncluster_selective_33pct,2018-05,ScoreShiftOnlyUpdate,ScoreShiftOnlyUpdate,ScoreShiftOnlyUpdate,,,5600,1863,0.33267857142857143,0.9466071983611396,0.91,0.0122,0.0122,0.9661791666666666,0.9203000100869378,0.3064949006977992,2.8887,results/performance/monthly/noncluster_selective_baselines_proposed_ratio.csv
monthly,extended_features_natural,noncluster_selective_33pct,2018-06,ScoreShiftOnlyUpdate,ScoreShiftOnlyUpdate,ScoreShiftOnlyUpdate,,,5600,1863,0.33267857142857143,0.9361050863877902,0.9316666666666666,0.0204,0.0172,0.9778633333333332,0.911929385844248,0.3123993558776167,2.6776,results/performance/monthly/noncluster_selective_baselines_proposed_ratio.csv
monthly,extended_features_natural,noncluster_selective_33pct,2018-07,ScoreShiftOnlyUpdate,ScoreShiftOnlyUpdate,ScoreShiftOnlyUpdate,,,5600,1863,0.33267857142857143,0.9393081998549688,0.915,0.0164,0.013,0.9686965,0.9163069619386855,0.3070316693505099,3.4652,results/performance/monthly/noncluster_selective_baselines_proposed_ratio.csv
monthly,extended_features_natural,noncluster_selective_33pct,2018-08,ScoreShiftOnlyUpdate,ScoreShiftOnlyUpdate,ScoreShiftOnlyUpdate,,,5600,1863,0.33267857142857143,0.9431314894308432,0.9166666666666666,0.0148,0.0118,0.9733748333333334,0.9237640906065006,0.310252281266774,3.6295,results/performance/monthly/noncluster_selective_baselines_proposed_ratio.csv
monthly,extended_features_natural,noncluster_selective_33pct,2018-09,ScoreShiftOnlyUpdate,ScoreShiftOnlyUpdate,ScoreShiftOnlyUpdate,,,5600,1863,0.33267857142857143,0.9563438150725376,0.8933333333333333,0.0054,0.0054,0.9699585,0.9318588763887994,0.3005904455179817,3.1987,results/performance/monthly/noncluster_selective_baselines_proposed_ratio.csv
monthly,extended_features_natural,noncluster_selective_33pct,2018-10,ScoreShiftOnlyUpdate,ScoreShiftOnlyUpdate,ScoreShiftOnlyUpdate,,,5558,1849,0.33267362360561353,0.8271546604443997,0.7849462365591398,0.0534,0.4296,0.9105125448028674,0.7869942557332726,0.2552731206057328,2.9596,results/performance/monthly/noncluster_selective_baselines_proposed_ratio.csv
monthly,extended_features_natural,noncluster_selective_33pct,2018-11,ScoreShiftOnlyUpdate,ScoreShiftOnlyUpdate,ScoreShiftOnlyUpdate,,,5437,1809,0.3327202501379437,0.8305690314912815,0.9061784897025172,0.0608,0.0562,0.9562869565217392,0.7889390815329844,0.2305140961857379,3.4482,results/performance/monthly/noncluster_selective_baselines_proposed_ratio.csv
monthly,extended_features_natural,noncluster_selective_33pct,2018-12,ScoreShiftOnlyUpdate,ScoreShiftOnlyUpdate,ScoreShiftOnlyUpdate,,,907,301,0.3318632855567806,0.8537195715170149,0.7192982456140351,0.0176470588235294,0.2211764705882353,0.9431062951496388,0.6684833755654318,0.1661129568106312,0.6398,results/performance/monthly/noncluster_selective_baselines_proposed_ratio.csv
