month,cluster_id,n_samples,n_benign,n_malicious,mal_ratio,age,birth_month,is_new,top_features
2017,0,1565,412,1153,0.7367,1,0,False,Ljava/lang/StringBuilder;.append:(Ljava/lang/String;)Ljava/lang/StringBuilder;(+0.230); Ljava/lang/StringBuilder;.append:(I)Ljava/lang/StringBuilder;(-0.216); Ljava/io/File;.exists:()Z(-0.210); Ljava/lang/String;.substring:(II)Ljava/lang/String;(-0.207); Ljava/lang/StringBuilder;.append:(Ljava/lang/Object;)Ljava/lang/StringBuilder;(+0.200); Ljava/io/File;.delete:()Z(+0.192); Ljava/lang/String;.substring:(I)Ljava/lang/String;(-0.187); Ljava/lang/String;.valueOf:(Ljava/lang/Object;)Ljava/lang/String;(-0.184); Ljava/lang/String;.getBytes:()[B(+0.183); Ljava/lang/StringBuilder;.append:(J)Ljava/lang/StringBuilder;(+0.181)
2017,1,1330,1043,287,0.2158,1,0,False,Ljava/lang/StringBuilder;.append:(Ljava/lang/String;)Ljava/lang/StringBuilder;(+0.208); Ljava/lang/StringBuilder;.append:(I)Ljava/lang/StringBuilder;(-0.206); Ljava/lang/StringBuilder;.append:(Ljava/lang/Object;)Ljava/lang/StringBuilder;(+0.202); Landroid/app/Activity;.startActivityForResult:(Landroid/content/Intent;I)V(+0.201); Ljava/lang/StringBuilder;.append:(C)Ljava/lang/StringBuilder;(-0.200); Ljava/lang/String;.substring:(I)Ljava/lang/String;(-0.196); Ljava/io/File;.exists:()Z(-0.196); Ljava/io/File;.delete:()Z(+0.195); Ljava/lang/StringBuilder;.append:(J)Ljava/lang/StringBuilder;(+0.193); Ljava/lang/String;.substring:(II)Ljava/lang/String;(-0.191)
2017,2,1563,391,1172,0.7498,1,0,False,Landroid/location/LocationManager;.getLastKnownLocation:(Ljava/lang/String;)Landroid/location/Location;(-0.090); Ljava/lang/StringBuilder;.append:(D)Ljava/lang/StringBuilder;(+0.089); Ljava/lang/StringBuilder;.append:(F)Ljava/lang/StringBuilder;(+0.088); Ljava/lang/String;.getBytes:()[B(+0.088); Ljava/net/HttpURLConnection;.setRequestMethod:(Ljava/lang/String;)V(+0.087); Ljava/io/File;.mkdirs:()Z(+0.087); Landroid/webkit/WebView;.<init>:(Landroid/content/Context;)V(-0.087); Ljava/lang/String;.indexOf:(Ljava/lang/String;)I(+0.087); Landroid/telephony/TelephonyManager;.getNetworkOperator:()Ljava/lang/String;(-0.087); Landroid/net/ConnectivityManager;.getActiveNetworkInfo:()Landroid/net/NetworkInfo;(+0.087)
2017,3,424,237,187,0.441,1,0,False,Ljava/lang/StringBuilder;.append:(Ljava/lang/String;)Ljava/lang/StringBuilder;(+0.112); Ljava/net/Socket;.getInputStream:()Ljava/io/InputStream;(-0.111); Ljava/lang/StringBuilder;.append:(I)Ljava/lang/StringBuilder;(-0.111); Ljava/net/Socket;.getOutputStream:()Ljava/io/OutputStream;(+0.110); Landroid/os/Vibrator;.vibrate:(J)V(+0.110); Ljava/lang/System;.loadLibrary:(Ljava/lang/String;)V(-0.110); Ljava/lang/String;.substring:(II)Ljava/lang/String;(-0.110); Ljava/lang/String;.substring:(I)Ljava/lang/String;(-0.110); Ljava/io/File;.exists:()Z(-0.110); Ljava/lang/String;.indexOf:(I)I(-0.109)
2017,4,2167,95,2072,0.9562,1,0,False,Ljava/io/FileOutputStream;.write:([BII)V(+0.398); Ljava/io/File;.exists:()Z(-0.359); Ljava/io/File;.mkdir:()Z(+0.340); Ljava/lang/Runtime;.exec:(Ljava/lang/String;)Ljava/lang/Process;(+0.326); Ljava/lang/StringBuilder;.append:(Ljava/lang/String;)Ljava/lang/StringBuilder;(+0.249); Ljava/io/File;.delete:()Z(+0.242); Ljava/lang/System;.loadLibrary:(Ljava/lang/String;)V(-0.230); Ljava/lang/StringBuilder;.append:(I)Ljava/lang/StringBuilder;(-0.186); Ljava/lang/String;.substring:(II)Ljava/lang/String;(-0.180); Ljava/lang/StringBuilder;.append:(Ljava/lang/Object;)Ljava/lang/StringBuilder;(+0.163)
2017,5,861,11,850,0.9872,0,0,False,Ljava/lang/StringBuilder;.append:(Ljava/lang/String;)Ljava/lang/StringBuilder;(+0.117); Ljava/net/URL;.openConnection:()Ljava/net/URLConnection;(-0.116); Landroid/webkit/WebView;.loadUrl:(Ljava/lang/String;)V(-0.116); Landroid/webkit/WebViewDatabase;.clearHttpAuthUsernamePassword:()V(+0.116); Ljava/io/FileOutputStream;.write:([BII)V(+0.116); Ljava/net/HttpURLConnection;.setConnectTimeout:(I)V(-0.115); Landroid/webkit/WebView;.<init>:(Landroid/content/Context;)V(-0.115); Ljava/io/File;.exists:()Z(-0.115); Ljava/lang/String;.substring:(I)Ljava/lang/String;(-0.115); Landroid/content/Intent;.setFlags:(I)Landroid/content/Intent;(+0.114)
2017,6,2196,1710,486,0.2213,1,0,False,Ljava/lang/String;.substring:(I)Ljava/lang/String;(-0.125); Ljava/lang/StringBuilder;.append:(I)Ljava/lang/StringBuilder;(-0.125); Ljava/lang/StringBuilder;.append:(C)Ljava/lang/StringBuilder;(-0.125); Ljava/lang/StringBuilder;.append:(J)Ljava/lang/StringBuilder;(+0.125); Ljava/lang/StringBuilder;.append:(Z)Ljava/lang/StringBuilder;(-0.125); Ljava/lang/StringBuilder;.append:(Ljava/lang/String;)Ljava/lang/StringBuilder;(+0.125); Ljava/lang/StringBuilder;.append:(Ljava/lang/Object;)Ljava/lang/StringBuilder;(+0.125); Ljava/lang/String;.substring:(II)Ljava/lang/String;(-0.124); Landroid/content/Context;.startActivity:(Landroid/content/Intent;)V(-0.122); Ljava/net/HttpURLConnection;.setRequestMethod:(Ljava/lang/String;)V(+0.122)
2017,7,1647,161,1486,0.9022,1,0,False,Ljava/lang/String;.getBytes:()[B(+0.123); Landroid/telephony/TelephonyManager;.getDeviceId:()Ljava/lang/String;(+0.121); Ljava/lang/StringBuilder;.append:(Ljava/lang/String;)Ljava/lang/StringBuilder;(+0.121); Ljava/lang/StringBuilder;.append:(J)Ljava/lang/StringBuilder;(+0.121); Landroid/content/Context;.startActivity:(Landroid/content/Intent;)V(-0.120); Ljava/lang/StringBuilder;.append:(I)Ljava/lang/StringBuilder;(-0.120); Landroid/net/ConnectivityManager;.getActiveNetworkInfo:()Landroid/net/NetworkInfo;(+0.120); Ljava/lang/String;.substring:(II)Ljava/lang/String;(-0.120); Ljava/io/File;.exists:()Z(-0.120); Ljava/lang/StringBuilder;.append:(Ljava/lang/Object;)Ljava/lang/StringBuilder;(+0.120)
2017,8,1179,642,537,0.4555,1,0,False,Landroid/webkit/WebView;.loadUrl:(Ljava/lang/String;)V(-0.174); Landroid/webkit/WebView;.setWebViewClient:(Landroid/webkit/WebViewClient;)V(+0.160); Landroid/webkit/WebViewClient;.<init>:()V(-0.160); Landroid/webkit/WebView;.getSettings:()Landroid/webkit/WebSettings;(+0.151); Ljava/lang/StringBuilder;.append:(Ljava/lang/String;)Ljava/lang/StringBuilder;(+0.149); Ljava/lang/StringBuilder;.append:(I)Ljava/lang/StringBuilder;(-0.148); Ljava/lang/StringBuilder;.append:(Ljava/lang/Object;)Ljava/lang/StringBuilder;(+0.145); Ljava/lang/String;.substring:(I)Ljava/lang/String;(-0.143); Ljava/lang/String;.substring:(II)Ljava/lang/String;(-0.140); Ljava/lang/StringBuilder;.append:(J)Ljava/lang/StringBuilder;(+0.138)
2017,9,3468,2665,803,0.2315,1,0,False,Ljava/io/File;.mkdirs:()Z(+0.099); Ljava/net/HttpURLConnection;.addRequestProperty:(Ljava/lang/String;Ljava/lang/String;)V(-0.098); Ldalvik/system/DexClassLoader;.loadClass:(Ljava/lang/String;)Ljava/lang/Class;(-0.098); Landroid/webkit/WebView;.setVisibility:(I)V(-0.097); Ljava/lang/String;.valueOf:(F)Ljava/lang/String;(+0.096); Ljava/io/FileOutputStream;.write:([BII)V(+0.096); Landroid/webkit/WebView;.getContext:()Landroid/content/Context;(-0.096); Ljava/io/File;.exists:()Z(-0.095); Landroid/app/Activity;.startActivity:(Landroid/content/Intent;)V(+0.095); Landroid/app/Activity;.startActivityForResult:(Landroid/content/Intent;I)V(+0.094)
2017,10,1756,531,1225,0.6976,1,0,False,Ljava/lang/StringBuilder;.append:(C)Ljava/lang/StringBuilder;(-0.091); Ljava/io/File;.mkdirs:()Z(+0.091); Landroid/content/Context;.startActivity:(Landroid/content/Intent;)V(-0.090); Ljava/lang/String;.valueOf:(Ljava/lang/Object;)Ljava/lang/String;(-0.090); Landroid/content/Intent;.addFlags:(I)Landroid/content/Intent;(+0.090); Ljava/lang/String;.substring:(I)Ljava/lang/String;(-0.090); Ljava/lang/StringBuilder;.append:(J)Ljava/lang/StringBuilder;(+0.090); Ljava/lang/String;.valueOf:(I)Ljava/lang/String;(+0.090); Ljava/lang/StringBuilder;.append:(I)Ljava/lang/StringBuilder;(-0.090); Landroid/net/ConnectivityManager;.getActiveNetworkInfo:()Landroid/net/NetworkInfo;(+0.090)
2017,11,696,251,445,0.6394,1,0,False,Landroid/os/Process;.killProcess:(I)V(+0.158); Ljava/lang/StringBuilder;.append:(Ljava/lang/String;)Ljava/lang/StringBuilder;(+0.154); Ljava/lang/StringBuilder;.append:(I)Ljava/lang/StringBuilder;(-0.152); Ljava/net/URLConnection;.getInputStream:()Ljava/io/InputStream;(-0.152); Ljava/lang/String;.substring:(I)Ljava/lang/String;(-0.150); Ljava/net/URLConnection;.getOutputStream:()Ljava/io/OutputStream;(+0.149); Ljava/lang/StringBuilder;.append:(Ljava/lang/Object;)Ljava/lang/StringBuilder;(+0.149); Ljava/io/File;.exists:()Z(-0.148); Landroid/os/Process;.myPid:()I(-0.148); Landroid/location/LocationManager;.getProviders:(Landroid/location/Criteria;Z)Ljava/util/List;(+0.147)
2017,12,1140,119,1021,0.8956,1,0,False,Ljava/net/HttpURLConnection;.getErrorStream:()Ljava/io/InputStream;(-0.082); Ljava/net/URLConnection;.getInputStream:()Ljava/io/InputStream;(-0.082); Ljava/lang/StringBuffer;.append:(J)Ljava/lang/StringBuffer;(+0.080); Landroid/webkit/WebView;.stopLoading:()V(+0.079); Ljava/net/HttpURLConnection;.setInstanceFollowRedirects:(Z)V(-0.078); Ljava/lang/StringBuffer;.append:(I)Ljava/lang/StringBuffer;(+0.076); Ljava/net/HttpURLConnection;.getHeaderField:(Ljava/lang/String;)Ljava/lang/String;(-0.075); Landroid/os/Handler;.obtainMessage:(ILjava/lang/Object;)Landroid/os/Message;(+0.075); Landroid/webkit/WebViewClient;.onPageFinished:(Landroid/webkit/WebView;Ljava/lang/String;)V(-0.075); Landroid/os/PowerManager$WakeLock;.release:()V(+0.075)
2017,13,470,310,160,0.3404,1,0,False,Landroid/os/Process;.myPid:()I(-0.106); Landroid/location/LocationManager;.isProviderEnabled:(Ljava/lang/String;)Z(+0.106); Landroid/content/ContentResolver;.delete:(Landroid/net/Uri;Ljava/lang/String;[Ljava/lang/String;)I(-0.105); Landroid/media/AudioRecord;.startRecording:()V(-0.104); Ljava/net/ServerSocket;.close:()V(+0.104); Landroid/media/AudioRecord;.getMinBufferSize:(III)I(+0.104); Landroid/media/AudioRecord;.release:()V(-0.104); Ljava/io/File;.mkdirs:()Z(+0.104); Landroid/webkit/WebView;.<init>:(Landroid/content/Context;Landroid/util/AttributeSet;I)V(+0.103); Landroid/media/AudioRecord;.stop:()V(-0.103)
2017,14,1182,273,909,0.769,1,0,False,Landroid/content/Context;.getApplicationInfo:()Landroid/content/pm/ApplicationInfo;(+0.102); Landroid/webkit/WebView;.addJavascriptInterface:(Ljava/lang/Object;Ljava/lang/String;)V(-0.102); Landroid/webkit/WebView;.setWebChromeClient:(Landroid/webkit/WebChromeClient;)V(-0.102); Ljava/lang/StringBuilder;.append:(F)Ljava/lang/StringBuilder;(+0.101); Ljava/lang/String;.valueOf:(I)Ljava/lang/String;(+0.101); Ljava/lang/StringBuilder;.append:(Z)Ljava/lang/StringBuilder;(-0.101); Landroid/net/ConnectivityManager;.getActiveNetworkInfo:()Landroid/net/NetworkInfo;(+0.101); Ljava/net/URL;.openConnection:()Ljava/net/URLConnection;(-0.101); Ljava/lang/StringBuilder;.append:(J)Ljava/lang/StringBuilder;(+0.101); Landroid/webkit/WebView;.destroy:()V(+0.101)
2017,15,2645,2323,322,0.1217,1,0,False,Ljava/net/HttpURLConnection;.getHeaderField:(Ljava/lang/String;)Ljava/lang/String;(-0.095); Landroid/webkit/WebView;.setVisibility:(I)V(-0.094); Ljava/net/HttpURLConnection;.setInstanceFollowRedirects:(Z)V(-0.093); Ljava/io/FileOutputStream;.write:([BII)V(+0.093); Ljava/lang/String;.getBytes:(Ljava/lang/String;)[B(-0.093); Landroid/webkit/WebView;.setWebViewClient:(Landroid/webkit/WebViewClient;)V(+0.093); Ljava/net/HttpURLConnection;.setRequestProperty:(Ljava/lang/String;Ljava/lang/String;)V(-0.092); Ljava/net/HttpURLConnection;.setReadTimeout:(I)V(+0.092); Landroid/webkit/WebViewClient;.<init>:()V(-0.092); Landroid/app/Activity;.startActivityForResult:(Landroid/content/Intent;I)V(+0.092)
2017,16,3863,2546,1317,0.3409,1,0,False,Landroid/webkit/WebView;.getSettings:()Landroid/webkit/WebSettings;(+0.120); Landroid/webkit/WebView;.onResume:()V(+0.117); Ljava/lang/StringBuilder;.append:(Ljava/lang/Object;)Ljava/lang/StringBuilder;(+0.117); Ljava/lang/StringBuilder;.append:(I)Ljava/lang/StringBuilder;(-0.117); Landroid/webkit/WebView;.onPause:()V(-0.117); Ljava/lang/StringBuilder;.append:(J)Ljava/lang/StringBuilder;(+0.116); Ljava/lang/StringBuilder;.append:(Ljava/lang/String;)Ljava/lang/StringBuilder;(+0.116); Landroid/telephony/TelephonyManager;.getNetworkOperator:()Ljava/lang/String;(-0.115); Landroid/webkit/WebView;.onTouchEvent:(Landroid/view/MotionEvent;)Z(+0.115); Landroid/webkit/WebViewClient;.<init>:()V(-0.115)
2017,17,346,2,344,0.9942,1,0,False,Ljava/io/FileOutputStream;.write:([BII)V(+0.439); Ljava/lang/Runtime;.exec:(Ljava/lang/String;)Ljava/lang/Process;(+0.400); Ljava/io/File;.exists:()Z(-0.379); Ljava/io/File;.mkdirs:()Z(+0.362); Ljava/io/File;.mkdir:()Z(+0.170); Ljava/io/File;.delete:()Z(+0.159); Ljava/lang/StringBuilder;.append:(Ljava/lang/String;)Ljava/lang/StringBuilder;(+0.124); Ljava/net/HttpURLConnection;.getContentLength:()I(+0.114); Ljava/net/HttpURLConnection;.setRequestMethod:(Ljava/lang/String;)V(+0.093); Ljava/lang/String;.indexOf:(II)I(+0.085)
2017,18,686,593,93,0.1356,1,0,False,Landroid/webkit/WebView;.canGoBack:()Z(-0.139); Landroid/webkit/WebView;.loadUrl:(Ljava/lang/String;)V(-0.139); Landroid/webkit/WebView;.goBack:()V(+0.139); Ljava/lang/StringBuilder;.append:(I)Ljava/lang/StringBuilder;(-0.134); Ljava/lang/StringBuilder;.append:(Ljava/lang/String;)Ljava/lang/StringBuilder;(+0.133); Ljava/lang/StringBuilder;.append:(Ljava/lang/Object;)Ljava/lang/StringBuilder;(+0.133); Ljava/lang/String;.substring:(II)Ljava/lang/String;(-0.132); Ljava/lang/String;.substring:(I)Ljava/lang/String;(-0.131); Landroid/webkit/WebView;.<init>:(Landroid/content/Context;Landroid/util/AttributeSet;)V(-0.130); Ljava/io/File;.mkdirs:()Z(+0.130)
2017,19,783,676,107,0.1367,1,0,False,Landroid/webkit/WebViewClient;.<init>:()V(-0.148); Landroid/webkit/WebView;.getSettings:()Landroid/webkit/WebSettings;(+0.144); Landroid/webkit/WebView;.setWebViewClient:(Landroid/webkit/WebViewClient;)V(+0.144); Ljavax/crypto/Cipher;.getInstance:(Ljava/lang/String;)Ljavax/crypto/Cipher;(+0.143); Ljavax/crypto/Cipher;.doFinal:([B)[B(+0.142); Landroid/webkit/WebView;.<init>:(Landroid/content/Context;)V(-0.142); Ljava/lang/StringBuilder;.append:(Ljava/lang/String;)Ljava/lang/StringBuilder;(+0.141); Ljava/lang/StringBuilder;.append:(I)Ljava/lang/StringBuilder;(-0.141); Ljava/net/HttpURLConnection;.setInstanceFollowRedirects:(Z)V(-0.141); Ljava/net/HttpURLConnection;.getHeaderField:(Ljava/lang/String;)Ljava/lang/String;(-0.141)
2017,20,33,9,24,0.7273,0,0,True,Landroid/webkit/WebView;.loadUrl:(Ljava/lang/String;)V(-0.319); Landroid/webkit/WebView;.goBack:()V(+0.305); Landroid/webkit/WebView;.setWebViewClient:(Landroid/webkit/WebViewClient;)V(+0.298); Landroid/webkit/WebView;.canGoBack:()Z(-0.297); Landroid/webkit/WebView;.setWebChromeClient:(Landroid/webkit/WebChromeClient;)V(-0.295); Landroid/webkit/WebViewClient;.<init>:()V(-0.269); Landroid/webkit/WebView;.getSettings:()Landroid/webkit/WebSettings;(+0.253); Landroid/webkit/WebView;.<init>:(Landroid/content/Context;)V(-0.163); Landroid/webkit/WebViewClient;.onPageFinished:(Landroid/webkit/WebView;Ljava/lang/String;)V(-0.148); Landroid/webkit/WebView;.addJavascriptInterface:(Ljava/lang/Object;Ljava/lang/String;)V(-0.145)
2018,0,2247,467,1780,0.7922,2,0,False,Ljava/lang/StringBuilder;.append:(Ljava/lang/String;)Ljava/lang/StringBuilder;(+0.222); Ljava/io/File;.exists:()Z(-0.212); Ljava/lang/StringBuilder;.append:(I)Ljava/lang/StringBuilder;(-0.205); Ljava/lang/String;.substring:(II)Ljava/lang/String;(-0.199); Ljava/lang/StringBuilder;.append:(Ljava/lang/Object;)Ljava/lang/StringBuilder;(+0.189); Ljava/io/File;.delete:()Z(+0.186); Ljava/lang/String;.getBytes:()[B(+0.184); Ljava/lang/String;.valueOf:(Ljava/lang/Object;)Ljava/lang/String;(-0.175); Ljava/lang/String;.substring:(I)Ljava/lang/String;(-0.175); Ljava/lang/StringBuilder;.append:(J)Ljava/lang/StringBuilder;(+0.170)
2018,1,1444,1149,295,0.2043,2,0,False,Ljava/lang/StringBuilder;.append:(Ljava/lang/String;)Ljava/lang/StringBuilder;(+0.206); Ljava/lang/StringBuilder;.append:(I)Ljava/lang/StringBuilder;(-0.204); Ljava/lang/StringBuilder;.append:(Ljava/lang/Object;)Ljava/lang/StringBuilder;(+0.200); Landroid/app/Activity;.startActivityForResult:(Landroid/content/Intent;I)V(+0.200); Ljava/lang/StringBuilder;.append:(C)Ljava/lang/StringBuilder;(-0.199); Ljava/io/File;.exists:()Z(-0.196); Ljava/lang/String;.substring:(I)Ljava/lang/String;(-0.195); Ljava/io/File;.delete:()Z(+0.193); Ljava/lang/StringBuilder;.append:(J)Ljava/lang/StringBuilder;(+0.192); Ljava/lang/String;.substring:(II)Ljava/lang/String;(-0.190)
2018,2,1792,572,1220,0.6808,2,0,False,Landroid/location/LocationManager;.getLastKnownLocation:(Ljava/lang/String;)Landroid/location/Location;(-0.089); Ljava/lang/StringBuilder;.append:(D)Ljava/lang/StringBuilder;(+0.088); Ljava/net/HttpURLConnection;.setRequestMethod:(Ljava/lang/String;)V(+0.087); Ljava/lang/StringBuilder;.append:(F)Ljava/lang/StringBuilder;(+0.087); Ljava/lang/String;.getBytes:()[B(+0.087); Landroid/webkit/WebView;.<init>:(Landroid/content/Context;)V(-0.087); Landroid/webkit/WebViewClient;.onReceivedError:(Landroid/webkit/WebView;ILjava/lang/String;Ljava/lang/String;)V(+0.087); Landroid/net/ConnectivityManager;.getActiveNetworkInfo:()Landroid/net/NetworkInfo;(+0.087); Ljava/lang/String;.indexOf:(Ljava/lang/String;)I(+0.087); Ljava/io/File;.mkdirs:()Z(+0.086)
2018,3,454,266,188,0.4141,2,0,False,Ljava/lang/StringBuilder;.append:(Ljava/lang/String;)Ljava/lang/StringBuilder;(+0.112); Ljava/net/Socket;.getInputStream:()Ljava/io/InputStream;(-0.111); Ljava/lang/StringBuilder;.append:(I)Ljava/lang/StringBuilder;(-0.111); Ljava/net/Socket;.getOutputStream:()Ljava/io/OutputStream;(+0.111); Ljava/io/File;.exists:()Z(-0.110); Ljava/lang/String;.substring:(II)Ljava/lang/String;(-0.110); Ljava/lang/String;.substring:(I)Ljava/lang/String;(-0.110); Ljava/lang/System;.loadLibrary:(Ljava/lang/String;)V(-0.109); Ljava/io/File;.delete:()Z(+0.109); Ljava/lang/String;.indexOf:(I)I(-0.109)
2018,4,3463,131,3332,0.9622,2,0,False,Ljava/io/FileOutputStream;.write:([BII)V(+0.400); Ljava/io/File;.exists:()Z(-0.363); Ljava/io/File;.mkdir:()Z(+0.341); Ljava/lang/Runtime;.exec:(Ljava/lang/String;)Ljava/lang/Process;(+0.325); Ljava/lang/StringBuilder;.append:(Ljava/lang/String;)Ljava/lang/StringBuilder;(+0.247); Ljava/io/File;.delete:()Z(+0.239); Ljava/lang/System;.loadLibrary:(Ljava/lang/String;)V(-0.237); Ljava/lang/StringBuilder;.append:(I)Ljava/lang/StringBuilder;(-0.183); Ljava/lang/String;.substring:(II)Ljava/lang/String;(-0.177); Ljava/lang/StringBuilder;.append:(Ljava/lang/Object;)Ljava/lang/StringBuilder;(+0.159)
2018,5,861,11,850,0.9872,0,0,False,Ljava/lang/StringBuilder;.append:(Ljava/lang/String;)Ljava/lang/StringBuilder;(+0.117); Ljava/net/URL;.openConnection:()Ljava/net/URLConnection;(-0.116); Landroid/webkit/WebView;.loadUrl:(Ljava/lang/String;)V(-0.116); Landroid/webkit/WebViewDatabase;.clearHttpAuthUsernamePassword:()V(+0.116); Ljava/io/FileOutputStream;.write:([BII)V(+0.116); Ljava/net/HttpURLConnection;.setConnectTimeout:(I)V(-0.115); Landroid/webkit/WebView;.<init>:(Landroid/content/Context;)V(-0.115); Ljava/io/File;.exists:()Z(-0.115); Ljava/lang/String;.substring:(I)Ljava/lang/String;(-0.115); Landroid/content/Intent;.setFlags:(I)Landroid/content/Intent;(+0.114)
2018,6,2783,2093,690,0.2479,2,0,False,Ljava/lang/StringBuilder;.append:(Z)Ljava/lang/StringBuilder;(-0.123); Ljava/lang/String;.substring:(I)Ljava/lang/String;(-0.123); Ljava/lang/StringBuilder;.append:(C)Ljava/lang/StringBuilder;(-0.123); Ljava/lang/StringBuilder;.append:(J)Ljava/lang/StringBuilder;(+0.123); Ljava/lang/StringBuilder;.append:(I)Ljava/lang/StringBuilder;(-0.123); Ljava/lang/String;.substring:(II)Ljava/lang/String;(-0.122); Ljava/lang/StringBuilder;.append:(Ljava/lang/Object;)Ljava/lang/StringBuilder;(+0.122); Ljava/lang/StringBuilder;.append:(Ljava/lang/String;)Ljava/lang/StringBuilder;(+0.122); Ljava/lang/String;.indexOf:(II)I(+0.121); Ljava/net/HttpURLConnection;.setRequestMethod:(Ljava/lang/String;)V(+0.121)
2018,7,1665,161,1504,0.9033,2,0,False,Ljava/lang/String;.getBytes:()[B(+0.123); Landroid/telephony/TelephonyManager;.getDeviceId:()Ljava/lang/String;(+0.121); Ljava/lang/StringBuilder;.append:(Ljava/lang/String;)Ljava/lang/StringBuilder;(+0.121); Ljava/lang/StringBuilder;.append:(J)Ljava/lang/StringBuilder;(+0.121); Ljava/lang/StringBuilder;.append:(I)Ljava/lang/StringBuilder;(-0.120); Landroid/content/Context;.startActivity:(Landroid/content/Intent;)V(-0.120); Ljava/lang/String;.substring:(II)Ljava/lang/String;(-0.120); Landroid/net/ConnectivityManager;.getActiveNetworkInfo:()Landroid/net/NetworkInfo;(+0.120); Ljava/io/File;.exists:()Z(-0.120); Ljava/lang/StringBuilder;.append:(Ljava/lang/Object;)Ljava/lang/StringBuilder;(+0.120)
2018,8,1267,725,542,0.4278,2,0,False,Landroid/webkit/WebView;.loadUrl:(Ljava/lang/String;)V(-0.172); Landroid/webkit/WebView;.setWebViewClient:(Landroid/webkit/WebViewClient;)V(+0.158); Landroid/webkit/WebViewClient;.<init>:()V(-0.158); Landroid/webkit/WebView;.getSettings:()Landroid/webkit/WebSettings;(+0.150); Ljava/lang/StringBuilder;.append:(Ljava/lang/String;)Ljava/lang/StringBuilder;(+0.150); Ljava/lang/StringBuilder;.append:(I)Ljava/lang/StringBuilder;(-0.148); Ljava/lang/StringBuilder;.append:(Ljava/lang/Object;)Ljava/lang/StringBuilder;(+0.145); Ljava/lang/String;.substring:(I)Ljava/lang/String;(-0.142); Ljava/lang/String;.substring:(II)Ljava/lang/String;(-0.140); Ljava/lang/StringBuilder;.append:(J)Ljava/lang/StringBuilder;(+0.138)
2018,9,4699,3744,955,0.2032,2,0,False,Ljava/net/HttpURLConnection;.addRequestProperty:(Ljava/lang/String;Ljava/lang/String;)V(-0.100); Ljava/io/File;.mkdirs:()Z(+0.100); Ldalvik/system/DexClassLoader;.loadClass:(Ljava/lang/String;)Ljava/lang/Class;(-0.098); Ljava/lang/String;.valueOf:(F)Ljava/lang/String;(+0.097); Landroid/webkit/WebView;.setVisibility:(I)V(-0.097); Ljava/io/FileOutputStream;.write:([BII)V(+0.097); Ljava/io/File;.exists:()Z(-0.096); Landroid/app/Activity;.startActivity:(Landroid/content/Intent;)V(+0.096); Landroid/media/MediaPlayer;.start:()V(-0.096); Landroid/webkit/WebView;.getContext:()Landroid/content/Context;(-0.096)
2018,10,2032,631,1401,0.6895,2,0,False,Ljava/io/File;.mkdirs:()Z(+0.090); Ljava/lang/StringBuilder;.append:(C)Ljava/lang/StringBuilder;(-0.090); Ljava/lang/String;.valueOf:(Ljava/lang/Object;)Ljava/lang/String;(-0.090); Landroid/content/Intent;.addFlags:(I)Landroid/content/Intent;(+0.090); Landroid/content/Context;.startActivity:(Landroid/content/Intent;)V(-0.090); Ljava/lang/String;.substring:(I)Ljava/lang/String;(-0.090); Ljava/lang/StringBuilder;.append:(J)Ljava/lang/StringBuilder;(+0.089); Ljava/lang/StringBuilder;.append:(I)Ljava/lang/StringBuilder;(-0.089); Ljava/lang/StringBuilder;.append:(Ljava/lang/String;)Ljava/lang/StringBuilder;(+0.089); Ljava/lang/String;.valueOf:(I)Ljava/lang/String;(+0.089)
2018,11,765,318,447,0.5843,2,0,False,Landroid/os/Process;.killProcess:(I)V(+0.162); Ljava/lang/StringBuilder;.append:(Ljava/lang/String;)Ljava/lang/StringBuilder;(+0.156); Ljava/lang/StringBuilder;.append:(I)Ljava/lang/StringBuilder;(-0.155); Ljava/net/URLConnection;.getInputStream:()Ljava/io/InputStream;(-0.153); Ljava/lang/String;.substring:(I)Ljava/lang/String;(-0.152); Landroid/os/Process;.myPid:()I(-0.151); Ljava/lang/StringBuilder;.append:(Ljava/lang/Object;)Ljava/lang/StringBuilder;(+0.151); Ljava/lang/String;.substring:(II)Ljava/lang/String;(-0.149); Ljava/io/File;.exists:()Z(-0.148); Landroid/media/MediaPlayer;.start:()V(-0.147)
2018,12,1348,169,1179,0.8746,2,0,False,Ljava/net/HttpURLConnection;.getErrorStream:()Ljava/io/InputStream;(-0.085); Ljava/net/URLConnection;.getInputStream:()Ljava/io/InputStream;(-0.084); Ljava/lang/StringBuffer;.append:(J)Ljava/lang/StringBuffer;(+0.082); Landroid/webkit/WebView;.stopLoading:()V(+0.081); Ljava/net/HttpURLConnection;.setInstanceFollowRedirects:(Z)V(-0.079); Ljava/lang/StringBuffer;.append:(I)Ljava/lang/StringBuffer;(+0.077); Ljava/net/HttpURLConnection;.getHeaderField:(Ljava/lang/String;)Ljava/lang/String;(-0.076); Landroid/os/Handler;.obtainMessage:(ILjava/lang/Object;)Landroid/os/Message;(+0.076); Landroid/webkit/WebViewClient;.onPageFinished:(Landroid/webkit/WebView;Ljava/lang/String;)V(-0.076); Landroid/webkit/WebView;.destroy:()V(+0.076)
2018,13,565,400,165,0.292,2,0,False,Landroid/os/Process;.myPid:()I(-0.107); Landroid/location/LocationManager;.isProviderEnabled:(Ljava/lang/String;)Z(+0.105); Ljava/io/File;.mkdirs:()Z(+0.105); Landroid/os/PowerManager$WakeLock;.release:()V(+0.105); Ljava/lang/String;.indexOf:(II)I(+0.104); Ljava/net/ServerSocket;.close:()V(+0.103); Landroid/content/ContentResolver;.delete:(Landroid/net/Uri;Ljava/lang/String;[Ljava/lang/String;)I(-0.103); Landroid/media/AudioRecord;.startRecording:()V(-0.103); Landroid/media/AudioRecord;.getMinBufferSize:(III)I(+0.103); Landroid/hardware/Camera;.open:()Landroid/hardware/Camera;(+0.102)
2018,14,1237,324,913,0.7381,2,0,False,Landroid/webkit/WebView;.addJavascriptInterface:(Ljava/lang/Object;Ljava/lang/String;)V(-0.102); Landroid/content/Context;.getApplicationInfo:()Landroid/content/pm/ApplicationInfo;(+0.102); Ljava/lang/StringBuilder;.append:(F)Ljava/lang/StringBuilder;(+0.101); Landroid/webkit/WebView;.setWebChromeClient:(Landroid/webkit/WebChromeClient;)V(-0.101); Ljava/lang/String;.valueOf:(I)Ljava/lang/String;(+0.101); Landroid/webkit/WebView;.destroy:()V(+0.101); Landroid/net/ConnectivityManager;.getActiveNetworkInfo:()Landroid/net/NetworkInfo;(+0.101); Ljava/lang/StringBuilder;.append:(Z)Ljava/lang/StringBuilder;(-0.101); Ljava/lang/StringBuilder;.append:(D)Ljava/lang/StringBuilder;(+0.100); Ljava/net/URL;.openConnection:()Ljava/net/URLConnection;(-0.100)
2018,15,3156,2798,358,0.1134,2,0,False,Ljava/net/HttpURLConnection;.getHeaderField:(Ljava/lang/String;)Ljava/lang/String;(-0.094); Ljava/net/HttpURLConnection;.setInstanceFollowRedirects:(Z)V(-0.093); Landroid/webkit/WebView;.setVisibility:(I)V(-0.092); Ljava/io/FileOutputStream;.write:([BII)V(+0.092); Ljava/lang/String;.getBytes:(Ljava/lang/String;)[B(-0.092); Ljava/net/HttpURLConnection;.setReadTimeout:(I)V(+0.092); Landroid/content/Context;.getApplicationInfo:()Landroid/content/pm/ApplicationInfo;(+0.092); Landroid/webkit/WebView;.setWebViewClient:(Landroid/webkit/WebViewClient;)V(+0.091); Ljava/io/File;.exists:()Z(-0.091); Ljava/net/HttpURLConnection;.setRequestProperty:(Ljava/lang/String;Ljava/lang/String;)V(-0.091)
2018,16,4280,2710,1570,0.3668,2,0,False,Landroid/webkit/WebView;.getSettings:()Landroid/webkit/WebSettings;(+0.121); Landroid/webkit/WebView;.onResume:()V(+0.118); Landroid/webkit/WebView;.onPause:()V(-0.117); Ljava/lang/StringBuilder;.append:(Ljava/lang/Object;)Ljava/lang/StringBuilder;(+0.117); Ljava/lang/StringBuilder;.append:(I)Ljava/lang/StringBuilder;(-0.117); Ljava/lang/StringBuilder;.append:(J)Ljava/lang/StringBuilder;(+0.116); Ljava/lang/StringBuilder;.append:(Ljava/lang/String;)Ljava/lang/StringBuilder;(+0.116); Landroid/webkit/WebViewClient;.<init>:()V(-0.116); Landroid/webkit/WebView;.onTouchEvent:(Landroid/view/MotionEvent;)Z(+0.116); Landroid/telephony/TelephonyManager;.getNetworkOperator:()Ljava/lang/String;(-0.115)
2018,17,350,4,346,0.9886,2,0,False,Ljava/io/FileOutputStream;.write:([BII)V(+0.439); Ljava/lang/Runtime;.exec:(Ljava/lang/String;)Ljava/lang/Process;(+0.400); Ljava/io/File;.exists:()Z(-0.379); Ljava/io/File;.mkdirs:()Z(+0.362); Ljava/io/File;.mkdir:()Z(+0.171); Ljava/io/File;.delete:()Z(+0.159); Ljava/lang/StringBuilder;.append:(Ljava/lang/String;)Ljava/lang/StringBuilder;(+0.125); Ljava/net/HttpURLConnection;.getContentLength:()I(+0.113); Ljava/net/HttpURLConnection;.setRequestMethod:(Ljava/lang/String;)V(+0.093); Ljava/lang/String;.indexOf:(II)I(+0.085)
2018,18,716,623,93,0.1299,2,0,False,Landroid/webkit/WebView;.canGoBack:()Z(-0.141); Landroid/webkit/WebView;.loadUrl:(Ljava/lang/String;)V(-0.141); Landroid/webkit/WebView;.goBack:()V(+0.140); Ljava/lang/StringBuilder;.append:(I)Ljava/lang/StringBuilder;(-0.135); Ljava/lang/StringBuilder;.append:(Ljava/lang/String;)Ljava/lang/StringBuilder;(+0.134); Ljava/lang/StringBuilder;.append:(Ljava/lang/Object;)Ljava/lang/StringBuilder;(+0.134); Ljava/lang/String;.substring:(II)Ljava/lang/String;(-0.133); Ljava/lang/String;.substring:(I)Ljava/lang/String;(-0.132); Landroid/webkit/WebView;.<init>:(Landroid/content/Context;Landroid/util/AttributeSet;)V(-0.131); Ljava/io/File;.mkdirs:()Z(+0.131)
2018,19,794,687,107,0.1348,2,0,False,Landroid/webkit/WebViewClient;.<init>:()V(-0.148); Landroid/webkit/WebView;.getSettings:()Landroid/webkit/WebSettings;(+0.144); Landroid/webkit/WebView;.setWebViewClient:(Landroid/webkit/WebViewClient;)V(+0.144); Ljavax/crypto/Cipher;.getInstance:(Ljava/lang/String;)Ljavax/crypto/Cipher;(+0.142); Ljavax/crypto/Cipher;.doFinal:([B)[B(+0.142); Ljava/net/HttpURLConnection;.setInstanceFollowRedirects:(Z)V(-0.141); Ljava/lang/StringBuilder;.append:(Ljava/lang/String;)Ljava/lang/StringBuilder;(+0.141); Landroid/webkit/WebView;.<init>:(Landroid/content/Context;)V(-0.141); Ljava/lang/StringBuilder;.append:(I)Ljava/lang/StringBuilder;(-0.141); Ljava/net/HttpURLConnection;.getHeaderField:(Ljava/lang/String;)Ljava/lang/String;(-0.140)
2018,20,71,12,59,0.831,1,0,False,Landroid/webkit/WebView;.loadUrl:(Ljava/lang/String;)V(-0.305); Landroid/webkit/WebView;.goBack:()V(+0.299); Landroid/webkit/WebView;.setWebChromeClient:(Landroid/webkit/WebChromeClient;)V(-0.296); Landroid/webkit/WebView;.canGoBack:()Z(-0.290); Landroid/webkit/WebView;.setWebViewClient:(Landroid/webkit/WebViewClient;)V(+0.283); Landroid/webkit/WebViewClient;.<init>:()V(-0.255); Landroid/webkit/WebView;.getSettings:()Landroid/webkit/WebSettings;(+0.241); Landroid/webkit/WebView;.addJavascriptInterface:(Ljava/lang/Object;Ljava/lang/String;)V(-0.167); Landroid/webkit/WebViewClient;.onPageFinished:(Landroid/webkit/WebView;Ljava/lang/String;)V(-0.155); Landroid/webkit/WebView;.<init>:(Landroid/content/Context;)V(-0.154)
2018,21,11,5,6,0.5455,0,1,True,Ljava/lang/System;.loadLibrary:(Ljava/lang/String;)V(-0.384); Landroid/os/Process;.myPid:()I(-0.311); Landroid/os/Process;.killProcess:(I)V(+0.306); Landroid/webkit/WebView;.canGoForward:()Z(-0.205); Ljava/util/Timer;.schedule:(Ljava/util/TimerTask;J)V(-0.179); Landroid/net/NetworkInfo;.isConnectedOrConnecting:()Z(+0.157); Ljava/lang/StringBuffer;.append:(I)Ljava/lang/StringBuffer;(+0.130); Ljava/lang/StringBuilder;.append:(Ljava/lang/String;)Ljava/lang/StringBuilder;(+0.126); Ljava/io/FileOutputStream;.write:([B)V(+0.124); Ljava/util/Timer;.cancel:()V(-0.123)
2019,0,2706,565,2141,0.7912,3,0,False,Ljava/lang/StringBuilder;.append:(Ljava/lang/String;)Ljava/lang/StringBuilder;(+0.218); Ljava/io/File;.exists:()Z(-0.208); Ljava/lang/StringBuilder;.append:(I)Ljava/lang/StringBuilder;(-0.201); Ljava/lang/String;.substring:(II)Ljava/lang/String;(-0.196); Ljava/lang/String;.getBytes:()[B(+0.185); Ljava/lang/StringBuilder;.append:(Ljava/lang/Object;)Ljava/lang/StringBuilder;(+0.185); Ljava/io/File;.delete:()Z(+0.182); Ljava/lang/String;.valueOf:(Ljava/lang/Object;)Ljava/lang/String;(-0.171); Ljava/lang/String;.substring:(I)Ljava/lang/String;(-0.169); Ljava/lang/StringBuilder;.append:(J)Ljava/lang/StringBuilder;(+0.166)
2019,1,1640,1332,308,0.1878,3,0,False,Ljava/lang/StringBuilder;.append:(Ljava/lang/String;)Ljava/lang/StringBuilder;(+0.204); Ljava/lang/StringBuilder;.append:(I)Ljava/lang/StringBuilder;(-0.203); Ljava/lang/StringBuilder;.append:(Ljava/lang/Object;)Ljava/lang/StringBuilder;(+0.199); Landroid/app/Activity;.startActivityForResult:(Landroid/content/Intent;I)V(+0.198); Ljava/lang/StringBuilder;.append:(C)Ljava/lang/StringBuilder;(-0.197); Ljava/io/File;.exists:()Z(-0.196); Ljava/lang/String;.substring:(I)Ljava/lang/String;(-0.193); Ljava/io/File;.delete:()Z(+0.193); Ljava/lang/StringBuilder;.append:(J)Ljava/lang/StringBuilder;(+0.190); Ljava/lang/String;.substring:(II)Ljava/lang/String;(-0.189)
2019,2,2065,826,1239,0.6,3,0,False,Ljava/lang/StringBuilder;.append:(D)Ljava/lang/StringBuilder;(+0.088); Landroid/location/LocationManager;.getLastKnownLocation:(Ljava/lang/String;)Landroid/location/Location;(-0.088); Ljava/lang/StringBuilder;.append:(F)Ljava/lang/StringBuilder;(+0.087); Ljava/net/HttpURLConnection;.setRequestMethod:(Ljava/lang/String;)V(+0.087); Landroid/webkit/WebViewClient;.onReceivedError:(Landroid/webkit/WebView;ILjava/lang/String;Ljava/lang/String;)V(+0.087); Ljava/lang/String;.getBytes:()[B(+0.086); Ljava/io/File;.mkdirs:()Z(+0.086); Ljava/lang/String;.indexOf:(Ljava/lang/String;)I(+0.086); Landroid/webkit/WebView;.<init>:(Landroid/content/Context;)V(-0.086); Ljava/lang/StringBuilder;.append:(Ljava/lang/Object;)Ljava/lang/StringBuilder;(+0.086)
2019,3,472,282,190,0.4025,3,0,False,Ljava/lang/StringBuilder;.append:(Ljava/lang/String;)Ljava/lang/StringBuilder;(+0.112); Ljava/net/Socket;.getInputStream:()Ljava/io/InputStream;(-0.111); Ljava/net/Socket;.getOutputStream:()Ljava/io/OutputStream;(+0.111); Ljava/lang/StringBuilder;.append:(I)Ljava/lang/StringBuilder;(-0.111); Ljava/lang/String;.substring:(II)Ljava/lang/String;(-0.110); Ljava/io/File;.exists:()Z(-0.110); Ljava/lang/String;.substring:(I)Ljava/lang/String;(-0.110); Ljava/lang/String;.indexOf:(I)I(-0.109); Ljava/io/File;.delete:()Z(+0.109); Ljava/lang/StringBuilder;.append:(Ljava/lang/Object;)Ljava/lang/StringBuilder;(+0.109)
2019,4,5809,149,5660,0.9744,3,0,False,Ljava/io/FileOutputStream;.write:([BII)V(+0.390); Ljava/io/File;.exists:()Z(-0.364); Ljava/io/File;.mkdir:()Z(+0.348); Ljava/lang/Runtime;.exec:(Ljava/lang/String;)Ljava/lang/Process;(+0.286); Ljava/lang/StringBuilder;.append:(Ljava/lang/String;)Ljava/lang/StringBuilder;(+0.255); Ljava/lang/System;.loadLibrary:(Ljava/lang/String;)V(-0.253); Ljava/io/File;.delete:()Z(+0.242); Ljava/lang/StringBuilder;.append:(I)Ljava/lang/StringBuilder;(-0.191); Ljava/lang/String;.substring:(II)Ljava/lang/String;(-0.182); Ljava/lang/StringBuilder;.append:(Ljava/lang/Object;)Ljava/lang/StringBuilder;(+0.165)
2019,5,861,11,850,0.9872,0,0,False,Ljava/lang/StringBuilder;.append:(Ljava/lang/String;)Ljava/lang/StringBuilder;(+0.117); Ljava/net/URL;.openConnection:()Ljava/net/URLConnection;(-0.116); Landroid/webkit/WebView;.loadUrl:(Ljava/lang/String;)V(-0.116); Landroid/webkit/WebViewDatabase;.clearHttpAuthUsernamePassword:()V(+0.116); Ljava/io/FileOutputStream;.write:([BII)V(+0.116); Ljava/net/HttpURLConnection;.setConnectTimeout:(I)V(-0.115); Landroid/webkit/WebView;.<init>:(Landroid/content/Context;)V(-0.115); Ljava/io/File;.exists:()Z(-0.115); Ljava/lang/String;.substring:(I)Ljava/lang/String;(-0.115); Landroid/content/Intent;.setFlags:(I)Landroid/content/Intent;(+0.114)
2019,6,3438,2735,703,0.2045,3,0,False,Ljava/lang/StringBuilder;.append:(Z)Ljava/lang/StringBuilder;(-0.122); Ljava/lang/String;.indexOf:(II)I(+0.121); Ljava/lang/StringBuilder;.append:(C)Ljava/lang/StringBuilder;(-0.121); Ljava/lang/String;.substring:(I)Ljava/lang/String;(-0.121); Ljava/lang/StringBuilder;.append:(J)Ljava/lang/StringBuilder;(+0.120); Ljava/lang/StringBuilder;.append:(I)Ljava/lang/StringBuilder;(-0.120); Ljava/net/HttpURLConnection;.setRequestMethod:(Ljava/lang/String;)V(+0.120); Ljava/lang/String;.substring:(II)Ljava/lang/String;(-0.120); Ljava/lang/StringBuilder;.append:(Ljava/lang/Object;)Ljava/lang/StringBuilder;(+0.120); Ljava/lang/StringBuilder;.append:(Ljava/lang/String;)Ljava/lang/StringBuilder;(+0.119)
2019,7,1686,173,1513,0.8974,3,0,False,Ljava/lang/String;.getBytes:()[B(+0.123); Ljava/lang/StringBuilder;.append:(Ljava/lang/String;)Ljava/lang/StringBuilder;(+0.121); Landroid/telephony/TelephonyManager;.getDeviceId:()Ljava/lang/String;(+0.121); Ljava/lang/StringBuilder;.append:(J)Ljava/lang/StringBuilder;(+0.121); Ljava/lang/StringBuilder;.append:(I)Ljava/lang/StringBuilder;(-0.121); Ljava/lang/String;.substring:(II)Ljava/lang/String;(-0.120); Landroid/content/Context;.startActivity:(Landroid/content/Intent;)V(-0.120); Landroid/net/ConnectivityManager;.getActiveNetworkInfo:()Landroid/net/NetworkInfo;(+0.120); Ljava/io/File;.exists:()Z(-0.120); Ljava/lang/StringBuilder;.append:(Ljava/lang/Object;)Ljava/lang/StringBuilder;(+0.120)
2019,8,1315,767,548,0.4167,3,0,False,Landroid/webkit/WebView;.loadUrl:(Ljava/lang/String;)V(-0.171); Landroid/webkit/WebView;.setWebViewClient:(Landroid/webkit/WebViewClient;)V(+0.158); Landroid/webkit/WebViewClient;.<init>:()V(-0.158); Ljava/lang/StringBuilder;.append:(Ljava/lang/String;)Ljava/lang/StringBuilder;(+0.150); Landroid/webkit/WebView;.getSettings:()Landroid/webkit/WebSettings;(+0.150); Ljava/lang/StringBuilder;.append:(I)Ljava/lang/StringBuilder;(-0.148); Ljava/lang/StringBuilder;.append:(Ljava/lang/Object;)Ljava/lang/StringBuilder;(+0.145); Ljava/lang/String;.substring:(I)Ljava/lang/String;(-0.142); Ljava/lang/String;.substring:(II)Ljava/lang/String;(-0.140); Ljava/lang/StringBuilder;.append:(J)Ljava/lang/StringBuilder;(+0.138)
2019,9,5412,4436,976,0.1803,3,0,False,Ljava/io/File;.mkdirs:()Z(+0.101); Ljava/net/HttpURLConnection;.addRequestProperty:(Ljava/lang/String;Ljava/lang/String;)V(-0.100); Ldalvik/system/DexClassLoader;.loadClass:(Ljava/lang/String;)Ljava/lang/Class;(-0.098); Landroid/webkit/WebView;.setVisibility:(I)V(-0.097); Ljava/lang/String;.valueOf:(F)Ljava/lang/String;(+0.097); Landroid/app/Activity;.startActivity:(Landroid/content/Intent;)V(+0.097); Landroid/content/Context;.getApplicationInfo:()Landroid/content/pm/ApplicationInfo;(+0.097); Ljava/io/File;.exists:()Z(-0.097); Landroid/media/MediaPlayer;.start:()V(-0.096); Ljava/io/FileOutputStream;.write:([BII)V(+0.096)
2019,10,2261,766,1495,0.6612,3,0,False,Ljava/lang/String;.valueOf:(Ljava/lang/Object;)Ljava/lang/String;(-0.090); Ljava/io/File;.mkdirs:()Z(+0.090); Ljava/lang/StringBuilder;.append:(C)Ljava/lang/StringBuilder;(-0.089); Landroid/content/Intent;.addFlags:(I)Landroid/content/Intent;(+0.089); Ljava/lang/String;.substring:(I)Ljava/lang/String;(-0.089); Landroid/os/Process;.myPid:()I(-0.089); Landroid/content/Context;.startActivity:(Landroid/content/Intent;)V(-0.089); Ljava/lang/StringBuilder;.append:(I)Ljava/lang/StringBuilder;(-0.089); Ljava/lang/StringBuilder;.append:(Ljava/lang/String;)Ljava/lang/StringBuilder;(+0.089); Ljava/lang/String;.valueOf:(I)Ljava/lang/String;(+0.089)
2019,11,800,352,448,0.56,3,0,False,Landroid/os/Process;.killProcess:(I)V(+0.162); Ljava/lang/StringBuilder;.append:(Ljava/lang/String;)Ljava/lang/StringBuilder;(+0.157); Ljava/lang/StringBuilder;.append:(I)Ljava/lang/StringBuilder;(-0.155); Ljava/net/URLConnection;.getInputStream:()Ljava/io/InputStream;(-0.153); Ljava/lang/String;.substring:(I)Ljava/lang/String;(-0.152); Ljava/lang/StringBuilder;.append:(Ljava/lang/Object;)Ljava/lang/StringBuilder;(+0.152); Landroid/os/Process;.myPid:()I(-0.152); Ljava/lang/String;.substring:(II)Ljava/lang/String;(-0.150); Ljava/io/File;.exists:()Z(-0.148); Landroid/media/MediaPlayer;.start:()V(-0.147)
2019,12,1350,171,1179,0.8733,3,0,False,Ljava/net/HttpURLConnection;.getErrorStream:()Ljava/io/InputStream;(-0.085); Ljava/net/URLConnection;.getInputStream:()Ljava/io/InputStream;(-0.084); Ljava/lang/StringBuffer;.append:(J)Ljava/lang/StringBuffer;(+0.082); Landroid/webkit/WebView;.stopLoading:()V(+0.081); Ljava/net/HttpURLConnection;.setInstanceFollowRedirects:(Z)V(-0.079); Ljava/lang/StringBuffer;.append:(I)Ljava/lang/StringBuffer;(+0.077); Ljava/net/HttpURLConnection;.getHeaderField:(Ljava/lang/String;)Ljava/lang/String;(-0.076); Landroid/os/Handler;.obtainMessage:(ILjava/lang/Object;)Landroid/os/Message;(+0.076); Landroid/app/Activity;.setContentView:(I)V(+0.076); Landroid/webkit/WebViewClient;.onPageFinished:(Landroid/webkit/WebView;Ljava/lang/String;)V(-0.076)
2019,13,678,513,165,0.2434,3,0,False,Landroid/os/Process;.myPid:()I(-0.107); Landroid/os/PowerManager$WakeLock;.release:()V(+0.105); Ljava/io/File;.mkdirs:()Z(+0.105); Ljava/lang/String;.indexOf:(II)I(+0.105); Ljava/net/ServerSocket;.close:()V(+0.104); Landroid/location/LocationManager;.isProviderEnabled:(Ljava/lang/String;)Z(+0.103); Landroid/hardware/Camera;.open:()Landroid/hardware/Camera;(+0.103); Landroid/media/AudioRecord;.startRecording:()V(-0.102); Landroid/media/AudioRecord;.getMinBufferSize:(III)I(+0.102); Landroid/content/ContentResolver;.delete:(Landroid/net/Uri;Ljava/lang/String;[Ljava/lang/String;)I(-0.102)
2019,14,1267,351,916,0.723,3,0,False,Landroid/webkit/WebView;.addJavascriptInterface:(Ljava/lang/Object;Ljava/lang/String;)V(-0.102); Landroid/content/Context;.getApplicationInfo:()Landroid/content/pm/ApplicationInfo;(+0.102); Ljava/lang/StringBuilder;.append:(F)Ljava/lang/StringBuilder;(+0.102); Landroid/webkit/WebView;.setWebChromeClient:(Landroid/webkit/WebChromeClient;)V(-0.101); Landroid/webkit/WebView;.canGoBack:()Z(-0.101); Ljava/lang/String;.valueOf:(I)Ljava/lang/String;(+0.101); Landroid/webkit/WebView;.destroy:()V(+0.101); Ljava/lang/StringBuilder;.append:(Z)Ljava/lang/StringBuilder;(-0.101); Ljava/lang/StringBuilder;.append:(D)Ljava/lang/StringBuilder;(+0.100); Landroid/net/ConnectivityManager;.getActiveNetworkInfo:()Landroid/net/NetworkInfo;(+0.100)
2019,15,3745,3352,393,0.1049,3,0,False,Ljava/net/HttpURLConnection;.getHeaderField:(Ljava/lang/String;)Ljava/lang/String;(-0.095); Ljava/net/HttpURLConnection;.setInstanceFollowRedirects:(Z)V(-0.093); Landroid/content/Context;.getApplicationInfo:()Landroid/content/pm/ApplicationInfo;(+0.093); Ljava/net/HttpURLConnection;.setReadTimeout:(I)V(+0.091); Ljava/lang/StringBuilder;.append:(D)Ljava/lang/StringBuilder;(+0.091); Landroid/webkit/WebView;.setVisibility:(I)V(-0.091); Ljava/lang/String;.getBytes:(Ljava/lang/String;)[B(-0.091); Ljava/io/File;.exists:()Z(-0.091); Ljava/io/File;.mkdirs:()Z(+0.091); Ljava/io/FileOutputStream;.write:([BII)V(+0.090)
2019,16,4471,2822,1649,0.3688,3,0,False,Landroid/webkit/WebView;.getSettings:()Landroid/webkit/WebSettings;(+0.121); Landroid/webkit/WebView;.onResume:()V(+0.118); Ljava/lang/StringBuilder;.append:(Ljava/lang/Object;)Ljava/lang/StringBuilder;(+0.118); Ljava/lang/StringBuilder;.append:(I)Ljava/lang/StringBuilder;(-0.117); Landroid/webkit/WebView;.onPause:()V(-0.117); Ljava/lang/StringBuilder;.append:(J)Ljava/lang/StringBuilder;(+0.117); Ljava/lang/StringBuilder;.append:(Ljava/lang/String;)Ljava/lang/StringBuilder;(+0.116); Landroid/webkit/WebViewClient;.<init>:()V(-0.116); Landroid/webkit/WebView;.onTouchEvent:(Landroid/view/MotionEvent;)Z(+0.116); Landroid/webkit/WebViewClient;.shouldOverrideUrlLoading:(Landroid/webkit/WebView;Ljava/lang/String;)Z(-0.116)
2019,17,369,22,347,0.9404,3,0,False,Ljava/io/FileOutputStream;.write:([BII)V(+0.439); Ljava/lang/Runtime;.exec:(Ljava/lang/String;)Ljava/lang/Process;(+0.398); Ljava/io/File;.exists:()Z(-0.381); Ljava/io/File;.mkdirs:()Z(+0.360); Ljava/io/File;.mkdir:()Z(+0.171); Ljava/io/File;.delete:()Z(+0.162); Ljava/lang/StringBuilder;.append:(Ljava/lang/String;)Ljava/lang/StringBuilder;(+0.129); Ljava/net/HttpURLConnection;.getContentLength:()I(+0.112); Ljava/lang/System;.loadLibrary:(Ljava/lang/String;)V(-0.093); Ljava/net/HttpURLConnection;.setRequestMethod:(Ljava/lang/String;)V(+0.092)
2019,18,740,647,93,0.1257,3,0,False,Landroid/webkit/WebView;.loadUrl:(Ljava/lang/String;)V(-0.142); Landroid/webkit/WebView;.canGoBack:()Z(-0.142); Landroid/webkit/WebView;.goBack:()V(+0.141); Ljava/lang/StringBuilder;.append:(I)Ljava/lang/StringBuilder;(-0.135); Ljava/lang/StringBuilder;.append:(Ljava/lang/String;)Ljava/lang/StringBuilder;(+0.135); Ljava/lang/StringBuilder;.append:(Ljava/lang/Object;)Ljava/lang/StringBuilder;(+0.134); Ljava/lang/String;.substring:(II)Ljava/lang/String;(-0.134); Ljava/lang/String;.substring:(I)Ljava/lang/String;(-0.132); Landroid/webkit/WebView;.<init>:(Landroid/content/Context;Landroid/util/AttributeSet;)V(-0.131); Ljava/io/File;.mkdirs:()Z(+0.131)
2019,19,801,694,107,0.1336,3,0,False,Landroid/webkit/WebViewClient;.<init>:()V(-0.148); Landroid/webkit/WebView;.getSettings:()Landroid/webkit/WebSettings;(+0.145); Landroid/webkit/WebView;.setWebViewClient:(Landroid/webkit/WebViewClient;)V(+0.144); Ljavax/crypto/Cipher;.getInstance:(Ljava/lang/String;)Ljavax/crypto/Cipher;(+0.142); Ljavax/crypto/Cipher;.doFinal:([B)[B(+0.142); Ljava/net/HttpURLConnection;.setInstanceFollowRedirects:(Z)V(-0.141); Ljava/lang/StringBuilder;.append:(Ljava/lang/String;)Ljava/lang/StringBuilder;(+0.141); Landroid/webkit/WebView;.<init>:(Landroid/content/Context;)V(-0.141); Ljava/lang/StringBuilder;.append:(I)Ljava/lang/StringBuilder;(-0.141); Ljava/net/HttpURLConnection;.getHeaderField:(Ljava/lang/String;)Ljava/lang/String;(-0.140)
2019,20,92,19,73,0.7935,2,0,False,Landroid/webkit/WebView;.loadUrl:(Ljava/lang/String;)V(-0.303); Landroid/webkit/WebView;.goBack:()V(+0.299); Landroid/webkit/WebView;.setWebChromeClient:(Landroid/webkit/WebChromeClient;)V(-0.296); Landroid/webkit/WebView;.canGoBack:()Z(-0.290); Landroid/webkit/WebView;.setWebViewClient:(Landroid/webkit/WebViewClient;)V(+0.280); Landroid/webkit/WebViewClient;.<init>:()V(-0.252); Landroid/webkit/WebView;.getSettings:()Landroid/webkit/WebSettings;(+0.239); Landroid/webkit/WebView;.addJavascriptInterface:(Ljava/lang/Object;Ljava/lang/String;)V(-0.170); Landroid/webkit/WebView;.<init>:(Landroid/content/Context;)V(-0.152); Landroid/webkit/WebViewClient;.onPageFinished:(Landroid/webkit/WebView;Ljava/lang/String;)V(-0.152)
2019,21,13,7,6,0.4615,1,1,False,Ljava/lang/System;.loadLibrary:(Ljava/lang/String;)V(-0.387); Landroid/os/Process;.myPid:()I(-0.341); Landroid/os/Process;.killProcess:(I)V(+0.324); Landroid/webkit/WebView;.canGoForward:()Z(-0.183); Ljava/util/Timer;.schedule:(Ljava/util/TimerTask;J)V(-0.155); Landroid/net/NetworkInfo;.isConnectedOrConnecting:()Z(+0.148); Ljava/lang/StringBuilder;.append:(Ljava/lang/String;)Ljava/lang/StringBuilder;(+0.134); Ljava/lang/StringBuilder;.append:(I)Ljava/lang/StringBuilder;(-0.118); Ljava/io/FileOutputStream;.write:([B)V(+0.117); Ljava/lang/String;.valueOf:(J)Ljava/lang/String;(-0.115)
2019,22,9,8,1,0.1111,0,2,True,Landroid/media/MediaPlayer;.start:()V(-0.371); Landroid/media/MediaPlayer;.stop:()V(+0.306); Landroid/os/Vibrator;.vibrate:(J)V(+0.275); Landroid/webkit/WebView;.canGoForward:()Z(-0.180); Ljava/net/HttpURLConnection;.setDoOutput:(Z)V(-0.169); Ljava/net/HttpURLConnection;.disconnect:()V(+0.158); Ljava/net/HttpURLConnection;.getResponseCode:()I(-0.156); Ljava/lang/String;.getBytes:()[B(+0.154); Ljava/net/HttpURLConnection;.getOutputStream:()Ljava/io/OutputStream;(+0.149); Ljava/lang/StringBuilder;.append:(Ljava/lang/String;)Ljava/lang/StringBuilder;(+0.145)
2020,0,2769,607,2162,0.7808,4,0,False,Ljava/lang/StringBuilder;.append:(Ljava/lang/String;)Ljava/lang/StringBuilder;(+0.218); Ljava/io/File;.exists:()Z(-0.209); Ljava/lang/StringBuilder;.append:(I)Ljava/lang/StringBuilder;(-0.201); Ljava/lang/String;.substring:(II)Ljava/lang/String;(-0.196); Ljava/lang/String;.getBytes:()[B(+0.186); Ljava/lang/StringBuilder;.append:(Ljava/lang/Object;)Ljava/lang/StringBuilder;(+0.185); Ljava/io/File;.delete:()Z(+0.182); Ljava/lang/String;.valueOf:(Ljava/lang/Object;)Ljava/lang/String;(-0.171); Ljava/lang/String;.substring:(I)Ljava/lang/String;(-0.169); Ljava/lang/StringBuilder;.append:(J)Ljava/lang/StringBuilder;(+0.166)
2020,1,1919,1605,314,0.1636,4,0,False,Ljava/lang/StringBuilder;.append:(Ljava/lang/String;)Ljava/lang/StringBuilder;(+0.200); Ljava/lang/StringBuilder;.append:(I)Ljava/lang/StringBuilder;(-0.198); Landroid/app/Activity;.startActivityForResult:(Landroid/content/Intent;I)V(+0.197); Ljava/lang/StringBuilder;.append:(Ljava/lang/Object;)Ljava/lang/StringBuilder;(+0.195); Ljava/io/File;.exists:()Z(-0.194); Ljava/lang/StringBuilder;.append:(C)Ljava/lang/StringBuilder;(-0.193); Ljava/io/File;.delete:()Z(+0.190); Ljava/lang/String;.substring:(I)Ljava/lang/String;(-0.189); Ljava/lang/StringBuilder;.append:(J)Ljava/lang/StringBuilder;(+0.187); Ljava/lang/String;.substring:(II)Ljava/lang/String;(-0.186)
2020,2,2557,1196,1361,0.5323,4,0,False,Ljava/io/File;.mkdirs:()Z(+0.088); Ljava/lang/StringBuilder;.append:(D)Ljava/lang/StringBuilder;(+0.088); Ljava/lang/StringBuilder;.append:(F)Ljava/lang/StringBuilder;(+0.087); Landroid/content/Context;.getApplicationInfo:()Landroid/content/pm/ApplicationInfo;(+0.086); Ljava/net/HttpURLConnection;.setRequestMethod:(Ljava/lang/String;)V(+0.086); Ljava/lang/String;.getBytes:()[B(+0.085); Landroid/location/LocationManager;.getLastKnownLocation:(Ljava/lang/String;)Landroid/location/Location;(-0.085); Landroid/webkit/WebViewClient;.onReceivedError:(Landroid/webkit/WebView;ILjava/lang/String;Ljava/lang/String;)V(+0.085); Ljava/io/File;.exists:()Z(-0.085); Ljava/lang/String;.indexOf:(Ljava/lang/String;)I(+0.085)
2020,3,496,306,190,0.3831,4,0,False,Ljava/lang/StringBuilder;.append:(Ljava/lang/String;)Ljava/lang/StringBuilder;(+0.112); Ljava/net/Socket;.getInputStream:()Ljava/io/InputStream;(-0.111); Ljava/net/Socket;.getOutputStream:()Ljava/io/OutputStream;(+0.111); Ljava/lang/StringBuilder;.append:(I)Ljava/lang/StringBuilder;(-0.110); Ljava/lang/String;.substring:(II)Ljava/lang/String;(-0.110); Ljava/io/File;.exists:()Z(-0.109); Ljava/lang/String;.substring:(I)Ljava/lang/String;(-0.109); Ljava/lang/String;.indexOf:(I)I(-0.109); Ljava/io/File;.delete:()Z(+0.109); Ljava/lang/StringBuilder;.append:(Ljava/lang/Object;)Ljava/lang/StringBuilder;(+0.109)
2020,4,8416,186,8230,0.9779,4,0,False,Ljava/io/FileOutputStream;.write:([BII)V(+0.382); Ljava/io/File;.exists:()Z(-0.362); Ljava/io/File;.mkdir:()Z(+0.348); Ljava/lang/Runtime;.exec:(Ljava/lang/String;)Ljava/lang/Process;(+0.268); Ljava/lang/System;.loadLibrary:(Ljava/lang/String;)V(-0.262); Ljava/lang/StringBuilder;.append:(Ljava/lang/String;)Ljava/lang/StringBuilder;(+0.256); Ljava/io/File;.delete:()Z(+0.241); Ljava/lang/StringBuilder;.append:(I)Ljava/lang/StringBuilder;(-0.192); Ljava/lang/String;.substring:(II)Ljava/lang/String;(-0.182); Ljava/lang/StringBuilder;.append:(Ljava/lang/Object;)Ljava/lang/StringBuilder;(+0.165)
2020,5,861,11,850,0.9872,0,0,False,Ljava/lang/StringBuilder;.append:(Ljava/lang/String;)Ljava/lang/StringBuilder;(+0.117); Ljava/net/URL;.openConnection:()Ljava/net/URLConnection;(-0.116); Landroid/webkit/WebView;.loadUrl:(Ljava/lang/String;)V(-0.116); Landroid/webkit/WebViewDatabase;.clearHttpAuthUsernamePassword:()V(+0.116); Ljava/io/FileOutputStream;.write:([BII)V(+0.116); Ljava/net/HttpURLConnection;.setConnectTimeout:(I)V(-0.115); Landroid/webkit/WebView;.<init>:(Landroid/content/Context;)V(-0.115); Ljava/io/File;.exists:()Z(-0.115); Ljava/lang/String;.substring:(I)Ljava/lang/String;(-0.115); Landroid/content/Intent;.setFlags:(I)Landroid/content/Intent;(+0.114)
2020,6,4105,3382,723,0.1761,4,0,False,Ljava/lang/String;.indexOf:(II)I(+0.121); Ljava/lang/StringBuilder;.append:(Z)Ljava/lang/StringBuilder;(-0.121); Ljava/lang/StringBuilder;.append:(C)Ljava/lang/StringBuilder;(-0.120); Ljava/lang/String;.substring:(I)Ljava/lang/String;(-0.119); Ljava/lang/StringBuilder;.append:(J)Ljava/lang/StringBuilder;(+0.119); Ljava/net/HttpURLConnection;.setRequestMethod:(Ljava/lang/String;)V(+0.119); Ljava/lang/StringBuilder;.append:(I)Ljava/lang/StringBuilder;(-0.119); Landroid/content/Context;.startActivity:(Landroid/content/Intent;)V(-0.118); Ljava/lang/StringBuilder;.append:(Ljava/lang/Object;)Ljava/lang/StringBuilder;(+0.118); Ljava/lang/String;.substring:(II)Ljava/lang/String;(-0.118)
2020,7,1694,179,1515,0.8943,4,0,False,Ljava/lang/String;.getBytes:()[B(+0.123); Ljava/lang/StringBuilder;.append:(Ljava/lang/String;)Ljava/lang/StringBuilder;(+0.121); Landroid/telephony/TelephonyManager;.getDeviceId:()Ljava/lang/String;(+0.121); Ljava/lang/StringBuilder;.append:(J)Ljava/lang/StringBuilder;(+0.121); Ljava/lang/StringBuilder;.append:(I)Ljava/lang/StringBuilder;(-0.121); Ljava/lang/String;.substring:(II)Ljava/lang/String;(-0.121); Landroid/content/Context;.startActivity:(Landroid/content/Intent;)V(-0.120); Landroid/net/ConnectivityManager;.getActiveNetworkInfo:()Landroid/net/NetworkInfo;(+0.120); Ljava/io/File;.exists:()Z(-0.120); Ljava/lang/StringBuilder;.append:(Ljava/lang/Object;)Ljava/lang/StringBuilder;(+0.120)
2020,8,1346,795,551,0.4094,4,0,False,Landroid/webkit/WebView;.loadUrl:(Ljava/lang/String;)V(-0.171); Landroid/webkit/WebView;.setWebViewClient:(Landroid/webkit/WebViewClient;)V(+0.158); Landroid/webkit/WebViewClient;.<init>:()V(-0.158); Ljava/lang/StringBuilder;.append:(Ljava/lang/String;)Ljava/lang/StringBuilder;(+0.150); Landroid/webkit/WebView;.getSettings:()Landroid/webkit/WebSettings;(+0.150); Ljava/lang/StringBuilder;.append:(I)Ljava/lang/StringBuilder;(-0.148); Ljava/lang/StringBuilder;.append:(Ljava/lang/Object;)Ljava/lang/StringBuilder;(+0.146); Ljava/lang/String;.substring:(I)Ljava/lang/String;(-0.142); Ljava/lang/String;.substring:(II)Ljava/lang/String;(-0.141); Ljava/lang/StringBuilder;.append:(J)Ljava/lang/StringBuilder;(+0.139)
2020,9,6013,5005,1008,0.1676,4,0,False,Ljava/io/File;.mkdirs:()Z(+0.101); Ljava/net/HttpURLConnection;.addRequestProperty:(Ljava/lang/String;Ljava/lang/String;)V(-0.101); Landroid/content/Context;.getApplicationInfo:()Landroid/content/pm/ApplicationInfo;(+0.098); Landroid/app/Activity;.startActivity:(Landroid/content/Intent;)V(+0.098); Landroid/webkit/WebView;.setVisibility:(I)V(-0.098); Ljava/lang/String;.valueOf:(F)Ljava/lang/String;(+0.097); Ldalvik/system/DexClassLoader;.loadClass:(Ljava/lang/String;)Ljava/lang/Class;(-0.097); Ljava/io/File;.exists:()Z(-0.097); Landroid/app/Activity;.startActivityForResult:(Landroid/content/Intent;I)V(+0.097); Landroid/media/MediaPlayer;.start:()V(-0.096)
2020,10,2407,864,1543,0.641,4,0,False,Ljava/lang/String;.valueOf:(Ljava/lang/Object;)Ljava/lang/String;(-0.090); Ljava/io/File;.mkdirs:()Z(+0.090); Landroid/os/Process;.myPid:()I(-0.089); Ljava/lang/StringBuilder;.append:(C)Ljava/lang/StringBuilder;(-0.089); Landroid/content/Intent;.addFlags:(I)Landroid/content/Intent;(+0.089); Ljava/lang/String;.substring:(I)Ljava/lang/String;(-0.088); Ljava/lang/StringBuilder;.append:(I)Ljava/lang/StringBuilder;(-0.088); Landroid/content/Context;.startActivity:(Landroid/content/Intent;)V(-0.088); Ljava/lang/StringBuilder;.append:(Ljava/lang/String;)Ljava/lang/StringBuilder;(+0.088); Ljava/lang/String;.valueOf:(I)Ljava/lang/String;(+0.088)
2020,11,807,359,448,0.5551,4,0,False,Landroid/os/Process;.killProcess:(I)V(+0.162); Ljava/lang/StringBuilder;.append:(Ljava/lang/String;)Ljava/lang/StringBuilder;(+0.158); Ljava/lang/StringBuilder;.append:(I)Ljava/lang/StringBuilder;(-0.156); Ljava/net/URLConnection;.getInputStream:()Ljava/io/InputStream;(-0.153); Ljava/lang/String;.substring:(I)Ljava/lang/String;(-0.152); Ljava/lang/StringBuilder;.append:(Ljava/lang/Object;)Ljava/lang/StringBuilder;(+0.152); Landroid/os/Process;.myPid:()I(-0.152); Ljava/lang/String;.substring:(II)Ljava/lang/String;(-0.150); Ljava/io/File;.exists:()Z(-0.148); Landroid/media/MediaPlayer;.start:()V(-0.147)
2020,12,1350,171,1179,0.8733,3,0,False,Ljava/net/HttpURLConnection;.getErrorStream:()Ljava/io/InputStream;(-0.085); Ljava/net/URLConnection;.getInputStream:()Ljava/io/InputStream;(-0.084); Ljava/lang/StringBuffer;.append:(J)Ljava/lang/StringBuffer;(+0.082); Landroid/webkit/WebView;.stopLoading:()V(+0.081); Ljava/net/HttpURLConnection;.setInstanceFollowRedirects:(Z)V(-0.079); Ljava/lang/StringBuffer;.append:(I)Ljava/lang/StringBuffer;(+0.077); Ljava/net/HttpURLConnection;.getHeaderField:(Ljava/lang/String;)Ljava/lang/String;(-0.076); Landroid/os/Handler;.obtainMessage:(ILjava/lang/Object;)Landroid/os/Message;(+0.076); Landroid/app/Activity;.setContentView:(I)V(+0.076); Landroid/webkit/WebViewClient;.onPageFinished:(Landroid/webkit/WebView;Ljava/lang/String;)V(-0.076)
2020,13,804,638,166,0.2065,4,0,False,Landroid/os/Process;.myPid:()I(-0.109); Ljava/lang/String;.indexOf:(II)I(+0.107); Landroid/os/PowerManager$WakeLock;.release:()V(+0.106); Ljava/io/File;.mkdirs:()Z(+0.106); Ljava/net/ServerSocket;.close:()V(+0.105); Landroid/hardware/Camera;.open:()Landroid/hardware/Camera;(+0.103); Landroid/media/AudioRecord;.startRecording:()V(-0.102); Landroid/media/AudioRecord;.getMinBufferSize:(III)I(+0.102); Landroid/app/Activity;.startActivityForResult:(Landroid/content/Intent;I)V(+0.102); Landroid/webkit/WebView;.<init>:(Landroid/content/Context;Landroid/util/AttributeSet;I)V(+0.102)
2020,14,1298,382,916,0.7057,4,0,False,Landroid/webkit/WebView;.addJavascriptInterface:(Ljava/lang/Object;Ljava/lang/String;)V(-0.102); Landroid/content/Context;.getApplicationInfo:()Landroid/content/pm/ApplicationInfo;(+0.102); Ljava/lang/StringBuilder;.append:(F)Ljava/lang/StringBuilder;(+0.102); Landroid/webkit/WebView;.canGoBack:()Z(-0.102); Landroid/webkit/WebView;.setWebChromeClient:(Landroid/webkit/WebChromeClient;)V(-0.101); Ljava/lang/String;.valueOf:(I)Ljava/lang/String;(+0.101); Landroid/webkit/WebView;.destroy:()V(+0.101); Ljava/lang/StringBuilder;.append:(D)Ljava/lang/StringBuilder;(+0.100); Ljava/lang/StringBuilder;.append:(Z)Ljava/lang/StringBuilder;(-0.100); Ljava/lang/StringBuilder;.append:(J)Ljava/lang/StringBuilder;(+0.100)
2020,15,4430,3983,447,0.1009,4,0,False,Ljava/net/HttpURLConnection;.getHeaderField:(Ljava/lang/String;)Ljava/lang/String;(-0.095); Landroid/content/Context;.getApplicationInfo:()Landroid/content/pm/ApplicationInfo;(+0.094); Ljava/net/HttpURLConnection;.setInstanceFollowRedirects:(Z)V(-0.094); Ljava/io/File;.mkdirs:()Z(+0.092); Ljava/net/HttpURLConnection;.setReadTimeout:(I)V(+0.091); Ljava/lang/StringBuilder;.append:(D)Ljava/lang/StringBuilder;(+0.091); Ljava/net/HttpURLConnection;.disconnect:()V(+0.090); Ljava/io/File;.exists:()Z(-0.090); Landroid/webkit/WebView;.setVisibility:(I)V(-0.090); Ljava/lang/String;.getBytes:(Ljava/lang/String;)[B(-0.090)
2020,16,4648,2888,1760,0.3787,4,0,False,Landroid/webkit/WebView;.getSettings:()Landroid/webkit/WebSettings;(+0.121); Ljava/lang/StringBuilder;.append:(Ljava/lang/Object;)Ljava/lang/StringBuilder;(+0.118); Ljava/lang/StringBuilder;.append:(I)Ljava/lang/StringBuilder;(-0.118); Landroid/webkit/WebView;.onResume:()V(+0.118); Landroid/webkit/WebView;.onPause:()V(-0.117); Ljava/lang/StringBuilder;.append:(J)Ljava/lang/StringBuilder;(+0.117); Ljava/lang/StringBuilder;.append:(Ljava/lang/String;)Ljava/lang/StringBuilder;(+0.116); Landroid/webkit/WebViewClient;.<init>:()V(-0.116); Landroid/webkit/WebViewClient;.shouldOverrideUrlLoading:(Landroid/webkit/WebView;Ljava/lang/String;)Z(-0.116); Landroid/webkit/WebView;.onTouchEvent:(Landroid/view/MotionEvent;)Z(+0.115)
2020,17,378,28,350,0.9259,4,0,False,Ljava/io/FileOutputStream;.write:([BII)V(+0.439); Ljava/lang/Runtime;.exec:(Ljava/lang/String;)Ljava/lang/Process;(+0.397); Ljava/io/File;.exists:()Z(-0.382); Ljava/io/File;.mkdirs:()Z(+0.360); Ljava/io/File;.mkdir:()Z(+0.171); Ljava/io/File;.delete:()Z(+0.164); Ljava/lang/StringBuilder;.append:(Ljava/lang/String;)Ljava/lang/StringBuilder;(+0.132); Ljava/net/HttpURLConnection;.getContentLength:()I(+0.111); Ljava/lang/System;.loadLibrary:(Ljava/lang/String;)V(-0.095); Ljava/net/HttpURLConnection;.setRequestMethod:(Ljava/lang/String;)V(+0.092)
2020,18,751,658,93,0.1238,4,0,False,Landroid/webkit/WebView;.loadUrl:(Ljava/lang/String;)V(-0.143); Landroid/webkit/WebView;.canGoBack:()Z(-0.143); Landroid/webkit/WebView;.goBack:()V(+0.141); Ljava/lang/StringBuilder;.append:(I)Ljava/lang/StringBuilder;(-0.135); Ljava/lang/StringBuilder;.append:(Ljava/lang/String;)Ljava/lang/StringBuilder;(+0.135); Ljava/lang/StringBuilder;.append:(Ljava/lang/Object;)Ljava/lang/StringBuilder;(+0.135); Ljava/lang/String;.substring:(II)Ljava/lang/String;(-0.134); Ljava/lang/String;.substring:(I)Ljava/lang/String;(-0.132); Landroid/webkit/WebView;.<init>:(Landroid/content/Context;Landroid/util/AttributeSet;)V(-0.132); Ljava/lang/StringBuilder;.append:(C)Ljava/lang/StringBuilder;(-0.131)
2020,19,801,694,107,0.1336,3,0,False,Landroid/webkit/WebViewClient;.<init>:()V(-0.148); Landroid/webkit/WebView;.getSettings:()Landroid/webkit/WebSettings;(+0.145); Landroid/webkit/WebView;.setWebViewClient:(Landroid/webkit/WebViewClient;)V(+0.144); Ljavax/crypto/Cipher;.getInstance:(Ljava/lang/String;)Ljavax/crypto/Cipher;(+0.142); Ljavax/crypto/Cipher;.doFinal:([B)[B(+0.142); Ljava/net/HttpURLConnection;.setInstanceFollowRedirects:(Z)V(-0.141); Ljava/lang/StringBuilder;.append:(Ljava/lang/String;)Ljava/lang/StringBuilder;(+0.141); Landroid/webkit/WebView;.<init>:(Landroid/content/Context;)V(-0.141); Ljava/lang/StringBuilder;.append:(I)Ljava/lang/StringBuilder;(-0.141); Ljava/net/HttpURLConnection;.getHeaderField:(Ljava/lang/String;)Ljava/lang/String;(-0.140)
2020,20,107,33,74,0.6916,3,0,False,Landroid/webkit/WebView;.loadUrl:(Ljava/lang/String;)V(-0.296); Landroid/webkit/WebView;.goBack:()V(+0.296); Landroid/webkit/WebView;.setWebChromeClient:(Landroid/webkit/WebChromeClient;)V(-0.293); Landroid/webkit/WebView;.canGoBack:()Z(-0.287); Landroid/webkit/WebView;.setWebViewClient:(Landroid/webkit/WebViewClient;)V(+0.274); Landroid/webkit/WebViewClient;.<init>:()V(-0.246); Landroid/webkit/WebView;.getSettings:()Landroid/webkit/WebSettings;(+0.234); Landroid/webkit/WebView;.addJavascriptInterface:(Ljava/lang/Object;Ljava/lang/String;)V(-0.174); Landroid/webkit/WebViewClient;.onPageFinished:(Landroid/webkit/WebView;Ljava/lang/String;)V(-0.150); Landroid/webkit/WebView;.<init>:(Landroid/content/Context;)V(-0.149)
2020,21,22,12,10,0.4545,2,1,False,Landroid/os/Process;.myPid:()I(-0.418); Landroid/os/Process;.killProcess:(I)V(+0.388); Ljava/lang/System;.loadLibrary:(Ljava/lang/String;)V(-0.363); Landroid/webkit/WebView;.canGoForward:()Z(-0.160); Ljava/lang/StringBuilder;.append:(Ljava/lang/String;)Ljava/lang/StringBuilder;(+0.144); Ljava/lang/StringBuilder;.append:(I)Ljava/lang/StringBuilder;(-0.127); Ljava/lang/StringBuilder;.indexOf:(Ljava/lang/String;)I(-0.124); Ljava/io/File;.exists:()Z(-0.119); Ljava/lang/String;.substring:(II)Ljava/lang/String;(-0.119); Ljava/lang/StringBuilder;.append:(Ljava/lang/Object;)Ljava/lang/StringBuilder;(+0.119)
2020,22,13,11,2,0.1538,1,2,False,Landroid/media/MediaPlayer;.start:()V(-0.418); Landroid/media/MediaPlayer;.stop:()V(+0.359); Landroid/os/Vibrator;.vibrate:(J)V(+0.231); Landroid/webkit/WebView;.canGoForward:()Z(-0.174); Ljava/lang/StringBuilder;.append:(Ljava/lang/String;)Ljava/lang/StringBuilder;(+0.158); Ljava/lang/String;.getBytes:()[B(+0.152); Ljava/lang/StringBuilder;.append:(I)Ljava/lang/StringBuilder;(-0.141); Ljava/io/FileOutputStream;.write:([BII)V(+0.139); Ljava/io/File;.exists:()Z(-0.138); Ljava/lang/String;.substring:(II)Ljava/lang/String;(-0.134)
2020,23,8,7,1,0.125,0,3,True,Landroid/media/MediaPlayer;.start:()V(-0.550); Landroid/media/MediaPlayer;.stop:()V(+0.502); Landroid/content/Context;.startService:(Landroid/content/Intent;)Landroid/content/ComponentName;(+0.186); Landroid/os/PowerManager$WakeLock;.acquire:()V(-0.168); Landroid/os/PowerManager$WakeLock;.release:()V(+0.128); Landroid/media/MediaRecorder;.setAudioSource:(I)V(+0.105); Landroid/app/NotificationManager;.notify:(ILandroid/app/Notification;)V(+0.101); Landroid/content/Intent;.setFlags:(I)Landroid/content/Intent;(+0.099); Landroid/os/Handler;.sendMessage:(Landroid/os/Message;)Z(+0.090); Landroid/app/ActivityManager;.getRunningTasks:(I)Ljava/util/List;(-0.089)
2021,0,2800,627,2173,0.7761,5,0,False,Ljava/lang/StringBuilder;.append:(Ljava/lang/String;)Ljava/lang/StringBuilder;(+0.219); Ljava/io/File;.exists:()Z(-0.210); Ljava/lang/StringBuilder;.append:(I)Ljava/lang/StringBuilder;(-0.202); Ljava/lang/String;.substring:(II)Ljava/lang/String;(-0.197); Ljava/lang/String;.getBytes:()[B(+0.186); Ljava/lang/StringBuilder;.append:(Ljava/lang/Object;)Ljava/lang/StringBuilder;(+0.185); Ljava/io/File;.delete:()Z(+0.183); Ljava/lang/String;.valueOf:(Ljava/lang/Object;)Ljava/lang/String;(-0.172); Ljava/lang/String;.substring:(I)Ljava/lang/String;(-0.169); Ljava/lang/StringBuilder;.append:(J)Ljava/lang/StringBuilder;(+0.166)
2021,1,2255,1922,333,0.1477,5,0,False,Ljava/lang/StringBuilder;.append:(Ljava/lang/String;)Ljava/lang/StringBuilder;(+0.197); Ljava/lang/StringBuilder;.append:(I)Ljava/lang/StringBuilder;(-0.195); Landroid/app/Activity;.startActivityForResult:(Landroid/content/Intent;I)V(+0.194); Ljava/lang/StringBuilder;.append:(Ljava/lang/Object;)Ljava/lang/StringBuilder;(+0.193); Ljava/io/File;.exists:()Z(-0.193); Ljava/lang/StringBuilder;.append:(C)Ljava/lang/StringBuilder;(-0.190); Ljava/io/File;.delete:()Z(+0.188); Ljava/lang/String;.substring:(I)Ljava/lang/String;(-0.185); Ljava/lang/StringBuilder;.append:(J)Ljava/lang/StringBuilder;(+0.185); Ljava/lang/String;.substring:(II)Ljava/lang/String;(-0.184)
2021,2,4106,1597,2509,0.6111,5,0,False,Ljava/io/File;.mkdirs:()Z(+0.094); Landroid/webkit/WebView;.canGoBack:()Z(-0.091); Landroid/webkit/WebView;.goBack:()V(+0.090); Ljava/net/HttpURLConnection;.setRequestMethod:(Ljava/lang/String;)V(+0.088); Ljava/lang/StringBuilder;.append:(F)Ljava/lang/StringBuilder;(+0.088); Landroid/webkit/WebView;.addJavascriptInterface:(Ljava/lang/Object;Ljava/lang/String;)V(-0.088); Ljava/io/File;.exists:()Z(-0.088); Landroid/content/Context;.getApplicationInfo:()Landroid/content/pm/ApplicationInfo;(+0.087); Landroid/app/Activity;.setContentView:(Landroid/view/View;)V(+0.086); Ljava/lang/StringBuilder;.append:(D)Ljava/lang/StringBuilder;(+0.085)
2021,3,524,329,195,0.3721,5,0,False,Ljava/net/Socket;.getInputStream:()Ljava/io/InputStream;(-0.111); Ljava/net/Socket;.getOutputStream:()Ljava/io/OutputStream;(+0.110); Ljava/lang/StringBuilder;.append:(Ljava/lang/String;)Ljava/lang/StringBuilder;(+0.110); Ljava/lang/StringBuilder;.append:(I)Ljava/lang/StringBuilder;(-0.109); Ljava/lang/String;.substring:(II)Ljava/lang/String;(-0.108); Ljava/io/File;.exists:()Z(-0.108); Ljava/lang/String;.substring:(I)Ljava/lang/String;(-0.108); Ljava/lang/String;.indexOf:(I)I(-0.108); Ljava/lang/String;.valueOf:(Ljava/lang/Object;)Ljava/lang/String;(-0.108); Ljava/io/File;.delete:()Z(+0.108)
2021,4,10025,243,9782,0.9758,5,0,False,Ljava/io/FileOutputStream;.write:([BII)V(+0.379); Ljava/io/File;.exists:()Z(-0.361); Ljava/io/File;.mkdir:()Z(+0.348); Ljava/lang/System;.loadLibrary:(Ljava/lang/String;)V(-0.265); Ljava/lang/Runtime;.exec:(Ljava/lang/String;)Ljava/lang/Process;(+0.262); Ljava/lang/StringBuilder;.append:(Ljava/lang/String;)Ljava/lang/StringBuilder;(+0.257); Ljava/io/File;.delete:()Z(+0.241); Ljava/lang/StringBuilder;.append:(I)Ljava/lang/StringBuilder;(-0.193); Ljava/lang/String;.substring:(II)Ljava/lang/String;(-0.182); Ljava/lang/StringBuilder;.append:(Ljava/lang/Object;)Ljava/lang/StringBuilder;(+0.165)
2021,5,4959,4214,745,0.1502,5,0,False,Ljava/lang/String;.indexOf:(II)I(+0.121); Ljava/lang/StringBuilder;.append:(Z)Ljava/lang/StringBuilder;(-0.120); Ljava/lang/StringBuilder;.append:(C)Ljava/lang/StringBuilder;(-0.119); Landroid/content/ContentResolver;.openInputStream:(Landroid/net/Uri;)Ljava/io/InputStream;(-0.118); Ljava/lang/StringBuilder;.append:(J)Ljava/lang/StringBuilder;(+0.118); Ljava/lang/StringBuilder;.append:(Ljava/lang/Object;)Ljava/lang/StringBuilder;(+0.118); Ljava/lang/String;.substring:(I)Ljava/lang/String;(-0.118); Ljava/lang/StringBuilder;.append:(I)Ljava/lang/StringBuilder;(-0.118); Landroid/content/Context;.startActivity:(Landroid/content/Intent;)V(-0.118); Ljava/lang/String;.substring:(II)Ljava/lang/String;(-0.117)
2021,6,1696,181,1515,0.8933,5,0,False,Ljava/lang/String;.getBytes:()[B(+0.123); Ljava/lang/StringBuilder;.append:(Ljava/lang/String;)Ljava/lang/StringBuilder;(+0.121); Landroid/telephony/TelephonyManager;.getDeviceId:()Ljava/lang/String;(+0.121); Ljava/lang/StringBuilder;.append:(J)Ljava/lang/StringBuilder;(+0.121); Ljava/lang/StringBuilder;.append:(I)Ljava/lang/StringBuilder;(-0.121); Ljava/lang/String;.substring:(II)Ljava/lang/String;(-0.121); Landroid/content/Context;.startActivity:(Landroid/content/Intent;)V(-0.120); Landroid/net/ConnectivityManager;.getActiveNetworkInfo:()Landroid/net/NetworkInfo;(+0.120); Ljava/io/File;.exists:()Z(-0.120); Ljava/lang/StringBuilder;.append:(Ljava/lang/Object;)Ljava/lang/StringBuilder;(+0.120)
2021,7,1408,818,590,0.419,5,0,False,Landroid/webkit/WebView;.loadUrl:(Ljava/lang/String;)V(-0.171); Landroid/webkit/WebView;.setWebViewClient:(Landroid/webkit/WebViewClient;)V(+0.158); Landroid/webkit/WebViewClient;.<init>:()V(-0.158); Ljava/lang/StringBuilder;.append:(Ljava/lang/String;)Ljava/lang/StringBuilder;(+0.151); Landroid/webkit/WebView;.getSettings:()Landroid/webkit/WebSettings;(+0.150); Ljava/lang/StringBuilder;.append:(I)Ljava/lang/StringBuilder;(-0.150); Ljava/lang/StringBuilder;.append:(Ljava/lang/Object;)Ljava/lang/StringBuilder;(+0.147); Ljava/lang/String;.substring:(I)Ljava/lang/String;(-0.143); Ljava/lang/String;.substring:(II)Ljava/lang/String;(-0.142); Ljava/lang/StringBuilder;.append:(J)Ljava/lang/StringBuilder;(+0.140)
2021,8,6399,5328,1071,0.1674,5,0,False,Ljava/io/File;.mkdirs:()Z(+0.102); Ljava/net/HttpURLConnection;.addRequestProperty:(Ljava/lang/String;Ljava/lang/String;)V(-0.101); Landroid/content/Context;.getApplicationInfo:()Landroid/content/pm/ApplicationInfo;(+0.100); Landroid/app/Activity;.startActivity:(Landroid/content/Intent;)V(+0.098); Landroid/webkit/WebView;.setVisibility:(I)V(-0.098); Ljava/lang/String;.valueOf:(F)Ljava/lang/String;(+0.098); Landroid/app/Activity;.startActivityForResult:(Landroid/content/Intent;I)V(+0.098); Ljava/io/File;.exists:()Z(-0.097); Ldalvik/system/DexClassLoader;.loadClass:(Ljava/lang/String;)Ljava/lang/Class;(-0.097); Ljava/net/HttpURLConnection;.setInstanceFollowRedirects:(Z)V(-0.097)
2021,9,2539,980,1559,0.614,5,0,False,Ljava/io/File;.mkdirs:()Z(+0.090); Ljava/lang/String;.valueOf:(Ljava/lang/Object;)Ljava/lang/String;(-0.090); Landroid/os/Process;.myPid:()I(-0.089); Ljava/lang/StringBuilder;.append:(C)Ljava/lang/StringBuilder;(-0.089); Landroid/content/Intent;.addFlags:(I)Landroid/content/Intent;(+0.089); Ljava/lang/StringBuilder;.append:(I)Ljava/lang/StringBuilder;(-0.088); Ljava/lang/String;.substring:(I)Ljava/lang/String;(-0.088); Ljava/lang/String;.valueOf:(I)Ljava/lang/String;(+0.088); Ljava/lang/StringBuilder;.append:(Ljava/lang/String;)Ljava/lang/StringBuilder;(+0.088); Landroid/content/Context;.startActivity:(Landroid/content/Intent;)V(-0.088)
2021,10,813,365,448,0.551,5,0,False,Landroid/os/Process;.killProcess:(I)V(+0.162); Ljava/lang/StringBuilder;.append:(Ljava/lang/String;)Ljava/lang/StringBuilder;(+0.158); Ljava/lang/StringBuilder;.append:(I)Ljava/lang/StringBuilder;(-0.156); Ljava/net/URLConnection;.getInputStream:()Ljava/io/InputStream;(-0.153); Ljava/lang/String;.substring:(I)Ljava/lang/String;(-0.152); Ljava/lang/StringBuilder;.append:(Ljava/lang/Object;)Ljava/lang/StringBuilder;(+0.152); Landroid/os/Process;.myPid:()I(-0.152); Ljava/lang/String;.substring:(II)Ljava/lang/String;(-0.150); Ljava/io/File;.exists:()Z(-0.148); Landroid/media/MediaPlayer;.start:()V(-0.147)
2021,11,1353,174,1179,0.8714,4,0,False,Ljava/net/HttpURLConnection;.getErrorStream:()Ljava/io/InputStream;(-0.085); Ljava/net/URLConnection;.getInputStream:()Ljava/io/InputStream;(-0.084); Ljava/lang/StringBuffer;.append:(J)Ljava/lang/StringBuffer;(+0.082); Landroid/webkit/WebView;.stopLoading:()V(+0.081); Ljava/net/HttpURLConnection;.setInstanceFollowRedirects:(Z)V(-0.079); Ljava/lang/StringBuffer;.append:(I)Ljava/lang/StringBuffer;(+0.077); Ljava/net/HttpURLConnection;.getHeaderField:(Ljava/lang/String;)Ljava/lang/String;(-0.076); Landroid/os/Handler;.obtainMessage:(ILjava/lang/Object;)Landroid/os/Message;(+0.076); Landroid/app/Activity;.setContentView:(I)V(+0.076); Landroid/webkit/WebView;.destroy:()V(+0.076)
2021,12,938,772,166,0.177,5,0,False,Landroid/os/Process;.myPid:()I(-0.111); Ljava/lang/String;.indexOf:(II)I(+0.108); Landroid/os/PowerManager$WakeLock;.release:()V(+0.107); Ljava/io/File;.mkdirs:()Z(+0.107); Ljava/net/ServerSocket;.close:()V(+0.106); Landroid/hardware/Camera;.open:()Landroid/hardware/Camera;(+0.104); Landroid/media/AudioRecord;.startRecording:()V(-0.102); Landroid/media/AudioRecord;.getMinBufferSize:(III)I(+0.102); Landroid/app/Activity;.startActivityForResult:(Landroid/content/Intent;I)V(+0.102); Landroid/webkit/WebView;.<init>:(Landroid/content/Context;Landroid/util/AttributeSet;I)V(+0.102)
2021,13,1303,387,916,0.703,5,0,False,Landroid/webkit/WebView;.addJavascriptInterface:(Ljava/lang/Object;Ljava/lang/String;)V(-0.102); Landroid/content/Context;.getApplicationInfo:()Landroid/content/pm/ApplicationInfo;(+0.102); Ljava/lang/StringBuilder;.append:(F)Ljava/lang/StringBuilder;(+0.102); Landroid/webkit/WebView;.canGoBack:()Z(-0.102); Landroid/webkit/WebView;.setWebChromeClient:(Landroid/webkit/WebChromeClient;)V(-0.101); Ljava/lang/String;.valueOf:(I)Ljava/lang/String;(+0.101); Landroid/webkit/WebView;.destroy:()V(+0.101); Ljava/lang/StringBuilder;.append:(D)Ljava/lang/StringBuilder;(+0.100); Ljava/lang/StringBuilder;.append:(Z)Ljava/lang/StringBuilder;(-0.100); Ljava/lang/StringBuilder;.append:(J)Ljava/lang/StringBuilder;(+0.100)
2021,14,5205,4667,538,0.1034,5,0,False,Landroid/content/Context;.getApplicationInfo:()Landroid/content/pm/ApplicationInfo;(+0.096); Ljava/net/HttpURLConnection;.getHeaderField:(Ljava/lang/String;)Ljava/lang/String;(-0.095); Ljava/net/HttpURLConnection;.setInstanceFollowRedirects:(Z)V(-0.093); Ljava/io/File;.mkdirs:()Z(+0.092); Ljava/net/HttpURLConnection;.setReadTimeout:(I)V(+0.091); Ljava/net/HttpURLConnection;.disconnect:()V(+0.091); Ljava/lang/StringBuilder;.append:(D)Ljava/lang/StringBuilder;(+0.091); Ljava/io/File;.exists:()Z(-0.090); Landroid/app/Activity;.startActivityForResult:(Landroid/content/Intent;I)V(+0.089); Ljava/net/HttpURLConnection;.setConnectTimeout:(I)V(-0.089)
2021,15,4683,2919,1764,0.3767,5,0,False,Landroid/webkit/WebView;.getSettings:()Landroid/webkit/WebSettings;(+0.121); Ljava/lang/StringBuilder;.append:(Ljava/lang/Object;)Ljava/lang/StringBuilder;(+0.118); Ljava/lang/StringBuilder;.append:(I)Ljava/lang/StringBuilder;(-0.118); Landroid/webkit/WebView;.onResume:()V(+0.118); Landroid/webkit/WebView;.onPause:()V(-0.117); Ljava/lang/StringBuilder;.append:(J)Ljava/lang/StringBuilder;(+0.117); Ljava/lang/StringBuilder;.append:(Ljava/lang/String;)Ljava/lang/StringBuilder;(+0.116); Landroid/webkit/WebViewClient;.<init>:()V(-0.116); Landroid/webkit/WebViewClient;.shouldOverrideUrlLoading:(Landroid/webkit/WebView;Ljava/lang/String;)Z(-0.116); Landroid/webkit/WebView;.setWebViewClient:(Landroid/webkit/WebViewClient;)V(+0.115)
2021,16,397,28,369,0.9295,5,0,False,Ljava/io/FileOutputStream;.write:([BII)V(+0.436); Ljava/lang/Runtime;.exec:(Ljava/lang/String;)Ljava/lang/Process;(+0.391); Ljava/io/File;.exists:()Z(-0.385); Ljava/io/File;.mkdirs:()Z(+0.363); Ljava/io/File;.mkdir:()Z(+0.171); Ljava/io/File;.delete:()Z(+0.168); Ljava/lang/StringBuilder;.append:(Ljava/lang/String;)Ljava/lang/StringBuilder;(+0.137); Ljava/net/HttpURLConnection;.getContentLength:()I(+0.109); Ljava/lang/System;.loadLibrary:(Ljava/lang/String;)V(-0.094); Ljava/net/HttpURLConnection;.setRequestMethod:(Ljava/lang/String;)V(+0.092)
2021,17,757,664,93,0.1229,5,0,False,Landroid/webkit/WebView;.loadUrl:(Ljava/lang/String;)V(-0.143); Landroid/webkit/WebView;.canGoBack:()Z(-0.143); Landroid/webkit/WebView;.goBack:()V(+0.141); Ljava/lang/StringBuilder;.append:(I)Ljava/lang/StringBuilder;(-0.136); Ljava/lang/StringBuilder;.append:(Ljava/lang/String;)Ljava/lang/StringBuilder;(+0.135); Ljava/lang/StringBuilder;.append:(Ljava/lang/Object;)Ljava/lang/StringBuilder;(+0.135); Ljava/lang/String;.substring:(II)Ljava/lang/String;(-0.134); Ljava/lang/String;.substring:(I)Ljava/lang/String;(-0.132); Ljava/lang/StringBuilder;.append:(C)Ljava/lang/StringBuilder;(-0.132); Landroid/webkit/WebView;.<init>:(Landroid/content/Context;Landroid/util/AttributeSet;)V(-0.132)
2021,18,801,694,107,0.1336,3,0,False,Landroid/webkit/WebViewClient;.<init>:()V(-0.148); Landroid/webkit/WebView;.getSettings:()Landroid/webkit/WebSettings;(+0.145); Landroid/webkit/WebView;.setWebViewClient:(Landroid/webkit/WebViewClient;)V(+0.144); Ljavax/crypto/Cipher;.getInstance:(Ljava/lang/String;)Ljavax/crypto/Cipher;(+0.142); Ljavax/crypto/Cipher;.doFinal:([B)[B(+0.142); Ljava/net/HttpURLConnection;.setInstanceFollowRedirects:(Z)V(-0.141); Ljava/lang/StringBuilder;.append:(Ljava/lang/String;)Ljava/lang/StringBuilder;(+0.141); Landroid/webkit/WebView;.<init>:(Landroid/content/Context;)V(-0.141); Ljava/lang/StringBuilder;.append:(I)Ljava/lang/StringBuilder;(-0.141); Ljava/net/HttpURLConnection;.getHeaderField:(Ljava/lang/String;)Ljava/lang/String;(-0.140)
2021,19,117,33,84,0.7179,4,0,False,Landroid/webkit/WebView;.goBack:()V(+0.297); Landroid/webkit/WebView;.loadUrl:(Ljava/lang/String;)V(-0.297); Landroid/webkit/WebView;.setWebChromeClient:(Landroid/webkit/WebChromeClient;)V(-0.294); Landroid/webkit/WebView;.canGoBack:()Z(-0.288); Landroid/webkit/WebView;.setWebViewClient:(Landroid/webkit/WebViewClient;)V(+0.275); Landroid/webkit/WebViewClient;.<init>:()V(-0.247); Landroid/webkit/WebView;.getSettings:()Landroid/webkit/WebSettings;(+0.235); Landroid/webkit/WebView;.addJavascriptInterface:(Ljava/lang/Object;Ljava/lang/String;)V(-0.170); Landroid/webkit/WebViewClient;.onPageFinished:(Landroid/webkit/WebView;Ljava/lang/String;)V(-0.153); Landroid/webkit/WebView;.<init>:(Landroid/content/Context;)V(-0.149)
2021,20,27,17,10,0.3704,3,1,False,Landroid/os/Process;.myPid:()I(-0.444); Landroid/os/Process;.killProcess:(I)V(+0.407); Ljava/lang/System;.loadLibrary:(Ljava/lang/String;)V(-0.351); Ljava/lang/StringBuilder;.append:(Ljava/lang/String;)Ljava/lang/StringBuilder;(+0.148); Landroid/webkit/WebView;.canGoForward:()Z(-0.144); Ljava/lang/StringBuilder;.append:(I)Ljava/lang/StringBuilder;(-0.133); Ljava/lang/StringBuilder;.indexOf:(Ljava/lang/String;)I(-0.128); Ljava/lang/StringBuilder;.append:(Ljava/lang/Object;)Ljava/lang/StringBuilder;(+0.124); Ljava/lang/String;.substring:(II)Ljava/lang/String;(-0.124); Ljava/lang/StringBuilder;.indexOf:(Ljava/lang/String;I)I(-0.118)
2021,21,13,11,2,0.1538,1,2,False,Landroid/media/MediaPlayer;.start:()V(-0.418); Landroid/media/MediaPlayer;.stop:()V(+0.359); Landroid/os/Vibrator;.vibrate:(J)V(+0.231); Landroid/webkit/WebView;.canGoForward:()Z(-0.174); Ljava/lang/StringBuilder;.append:(Ljava/lang/String;)Ljava/lang/StringBuilder;(+0.158); Ljava/lang/String;.getBytes:()[B(+0.152); Ljava/lang/StringBuilder;.append:(I)Ljava/lang/StringBuilder;(-0.141); Ljava/io/FileOutputStream;.write:([BII)V(+0.139); Ljava/io/File;.exists:()Z(-0.138); Ljava/lang/String;.substring:(II)Ljava/lang/String;(-0.134)
2021,22,8,7,1,0.125,0,3,False,Landroid/media/MediaPlayer;.start:()V(-0.550); Landroid/media/MediaPlayer;.stop:()V(+0.502); Landroid/content/Context;.startService:(Landroid/content/Intent;)Landroid/content/ComponentName;(+0.186); Landroid/os/PowerManager$WakeLock;.acquire:()V(-0.168); Landroid/os/PowerManager$WakeLock;.release:()V(+0.128); Landroid/media/MediaRecorder;.setAudioSource:(I)V(+0.105); Landroid/app/NotificationManager;.notify:(ILandroid/app/Notification;)V(+0.101); Landroid/content/Intent;.setFlags:(I)Landroid/content/Intent;(+0.099); Landroid/os/Handler;.sendMessage:(Landroid/os/Message;)Z(+0.090); Landroid/app/ActivityManager;.getRunningTasks:(I)Ljava/util/List;(-0.089)
2021,23,13,12,1,0.0769,0,4,True,Ljava/lang/System;.loadLibrary:(Ljava/lang/String;)V(-0.331); Landroid/os/PowerManager$WakeLock;.acquire:()V(-0.325); Landroid/os/PowerManager$WakeLock;.release:()V(+0.274); Landroid/location/LocationManager;.getLastKnownLocation:(Ljava/lang/String;)Landroid/location/Location;(-0.274); Ljava/lang/StringBuilder;.append:(Ljava/lang/String;)Ljava/lang/StringBuilder;(+0.195); Ljava/lang/StringBuilder;.append:(I)Ljava/lang/StringBuilder;(-0.179); Ljava/lang/StringBuilder;.append:(Ljava/lang/Object;)Ljava/lang/StringBuilder;(+0.169); Ljava/io/File;.exists:()Z(-0.160); Ljava/lang/String;.substring:(II)Ljava/lang/String;(-0.153); Ljava/io/File;.delete:()Z(+0.145)
2022,0,2826,650,2176,0.77,6,0,False,Ljava/lang/StringBuilder;.append:(Ljava/lang/String;)Ljava/lang/StringBuilder;(+0.219); Ljava/io/File;.exists:()Z(-0.210); Ljava/lang/StringBuilder;.append:(I)Ljava/lang/StringBuilder;(-0.202); Ljava/lang/String;.substring:(II)Ljava/lang/String;(-0.197); Ljava/lang/String;.getBytes:()[B(+0.186); Ljava/lang/StringBuilder;.append:(Ljava/lang/Object;)Ljava/lang/StringBuilder;(+0.185); Ljava/io/File;.delete:()Z(+0.183); Ljava/lang/String;.valueOf:(Ljava/lang/Object;)Ljava/lang/String;(-0.172); Ljava/lang/String;.substring:(I)Ljava/lang/String;(-0.170); Ljava/lang/StringBuilder;.append:(J)Ljava/lang/StringBuilder;(+0.166)
2022,1,2560,2226,334,0.1305,6,0,False,Ljava/lang/StringBuilder;.append:(Ljava/lang/String;)Ljava/lang/StringBuilder;(+0.193); Ljava/lang/StringBuilder;.append:(I)Ljava/lang/StringBuilder;(-0.192); Landroid/app/Activity;.startActivityForResult:(Landroid/content/Intent;I)V(+0.192); Ljava/io/File;.exists:()Z(-0.190); Ljava/lang/StringBuilder;.append:(Ljava/lang/Object;)Ljava/lang/StringBuilder;(+0.190); Ljava/lang/StringBuilder;.append:(C)Ljava/lang/StringBuilder;(-0.187); Ljava/io/File;.delete:()Z(+0.186); Ljava/lang/StringBuilder;.append:(J)Ljava/lang/StringBuilder;(+0.182); Ljava/lang/String;.substring:(II)Ljava/lang/String;(-0.182); Ljava/lang/String;.substring:(I)Ljava/lang/String;(-0.182)
2022,2,4321,1793,2528,0.585,6,0,False,Ljava/io/File;.mkdirs:()Z(+0.093); Landroid/webkit/WebView;.canGoBack:()Z(-0.090); Landroid/webkit/WebView;.goBack:()V(+0.089); Landroid/webkit/WebView;.addJavascriptInterface:(Ljava/lang/Object;Ljava/lang/String;)V(-0.088); Ljava/lang/StringBuilder;.append:(F)Ljava/lang/StringBuilder;(+0.088); Ljava/net/HttpURLConnection;.setRequestMethod:(Ljava/lang/String;)V(+0.088); Landroid/content/Context;.getApplicationInfo:()Landroid/content/pm/ApplicationInfo;(+0.087); Ljava/io/File;.exists:()Z(-0.087); Landroid/app/Activity;.setContentView:(Landroid/view/View;)V(+0.086); Ljava/lang/StringBuilder;.append:(D)Ljava/lang/StringBuilder;(+0.085)
2022,3,531,335,196,0.3691,6,0,False,Ljava/net/Socket;.getInputStream:()Ljava/io/InputStream;(-0.111); Ljava/net/Socket;.getOutputStream:()Ljava/io/OutputStream;(+0.110); Ljava/lang/StringBuilder;.append:(Ljava/lang/String;)Ljava/lang/StringBuilder;(+0.110); Ljava/lang/StringBuilder;.append:(I)Ljava/lang/StringBuilder;(-0.109); Ljava/lang/String;.substring:(II)Ljava/lang/String;(-0.108); Ljava/io/File;.exists:()Z(-0.108); Ljava/lang/String;.substring:(I)Ljava/lang/String;(-0.108); Ljava/lang/String;.valueOf:(Ljava/lang/Object;)Ljava/lang/String;(-0.108); Ljava/lang/String;.indexOf:(I)I(-0.108); Ljava/io/File;.delete:()Z(+0.108)
2022,4,13000,332,12668,0.9745,6,0,False,Ljava/io/FileOutputStream;.write:([BII)V(+0.375); Ljava/io/File;.exists:()Z(-0.359); Ljava/io/File;.mkdir:()Z(+0.347); Ljava/lang/System;.loadLibrary:(Ljava/lang/String;)V(-0.269); Ljava/lang/StringBuilder;.append:(Ljava/lang/String;)Ljava/lang/StringBuilder;(+0.257); Ljava/lang/Runtime;.exec:(Ljava/lang/String;)Ljava/lang/Process;(+0.253); Ljava/io/File;.delete:()Z(+0.240); Ljava/lang/StringBuilder;.append:(I)Ljava/lang/StringBuilder;(-0.193); Ljava/lang/String;.substring:(II)Ljava/lang/String;(-0.182); Ljava/lang/StringBuilder;.append:(Ljava/lang/Object;)Ljava/lang/StringBuilder;(+0.165)
2022,5,5836,5088,748,0.1282,6,0,False,Ljava/lang/String;.indexOf:(II)I(+0.121); Ljava/lang/StringBuilder;.append:(Z)Ljava/lang/StringBuilder;(-0.120); Ljava/lang/StringBuilder;.append:(C)Ljava/lang/StringBuilder;(-0.119); Landroid/content/ContentResolver;.openInputStream:(Landroid/net/Uri;)Ljava/io/InputStream;(-0.119); Ljava/lang/StringBuilder;.append:(Ljava/lang/Object;)Ljava/lang/StringBuilder;(+0.118); Ljava/lang/StringBuilder;.append:(J)Ljava/lang/StringBuilder;(+0.118); Ljava/lang/String;.substring:(II)Ljava/lang/String;(-0.118); Ljava/lang/StringBuilder;.append:(I)Ljava/lang/StringBuilder;(-0.118); Ljava/io/File;.exists:()Z(-0.118); Ljava/lang/String;.substring:(I)Ljava/lang/String;(-0.118)
2022,6,1699,184,1515,0.8917,6,0,False,Ljava/lang/String;.getBytes:()[B(+0.123); Ljava/lang/StringBuilder;.append:(Ljava/lang/String;)Ljava/lang/StringBuilder;(+0.121); Landroid/telephony/TelephonyManager;.getDeviceId:()Ljava/lang/String;(+0.121); Ljava/lang/StringBuilder;.append:(J)Ljava/lang/StringBuilder;(+0.121); Ljava/lang/StringBuilder;.append:(I)Ljava/lang/StringBuilder;(-0.121); Ljava/lang/String;.substring:(II)Ljava/lang/String;(-0.121); Landroid/content/Context;.startActivity:(Landroid/content/Intent;)V(-0.120); Landroid/net/ConnectivityManager;.getActiveNetworkInfo:()Landroid/net/NetworkInfo;(+0.120); Ljava/io/File;.exists:()Z(-0.120); Ljava/lang/StringBuilder;.append:(Ljava/lang/Object;)Ljava/lang/StringBuilder;(+0.120)
2022,7,1421,830,591,0.4159,6,0,False,Landroid/webkit/WebView;.loadUrl:(Ljava/lang/String;)V(-0.171); Landroid/webkit/WebView;.setWebViewClient:(Landroid/webkit/WebViewClient;)V(+0.158); Landroid/webkit/WebViewClient;.<init>:()V(-0.158); Ljava/lang/StringBuilder;.append:(Ljava/lang/String;)Ljava/lang/StringBuilder;(+0.151); Ljava/lang/StringBuilder;.append:(I)Ljava/lang/StringBuilder;(-0.150); Landroid/webkit/WebView;.getSettings:()Landroid/webkit/WebSettings;(+0.150); Ljava/lang/StringBuilder;.append:(Ljava/lang/Object;)Ljava/lang/StringBuilder;(+0.147); Ljava/lang/String;.substring:(I)Ljava/lang/String;(-0.143); Ljava/lang/String;.substring:(II)Ljava/lang/String;(-0.142); Ljava/lang/StringBuilder;.append:(J)Ljava/lang/StringBuilder;(+0.140)
2022,8,6464,5392,1072,0.1658,6,0,False,Ljava/io/File;.mkdirs:()Z(+0.102); Ljava/net/HttpURLConnection;.addRequestProperty:(Ljava/lang/String;Ljava/lang/String;)V(-0.101); Landroid/content/Context;.getApplicationInfo:()Landroid/content/pm/ApplicationInfo;(+0.100); Landroid/app/Activity;.startActivity:(Landroid/content/Intent;)V(+0.098); Landroid/webkit/WebView;.setVisibility:(I)V(-0.098); Landroid/app/Activity;.startActivityForResult:(Landroid/content/Intent;I)V(+0.098); Ljava/lang/String;.valueOf:(F)Ljava/lang/String;(+0.098); Ljava/io/File;.exists:()Z(-0.097); Ldalvik/system/DexClassLoader;.loadClass:(Ljava/lang/String;)Ljava/lang/Class;(-0.097); Ljava/net/HttpURLConnection;.setInstanceFollowRedirects:(Z)V(-0.097)
2022,9,3081,1484,1597,0.5183,6,0,False,Ljava/lang/String;.valueOf:(Ljava/lang/Object;)Ljava/lang/String;(-0.089); Ljava/io/File;.mkdirs:()Z(+0.089); Landroid/os/Process;.myPid:()I(-0.088); Landroid/app/NotificationManager;.notify:(ILandroid/app/Notification;)V(+0.087); Landroid/content/Intent;.addFlags:(I)Landroid/content/Intent;(+0.087); Ljava/lang/String;.valueOf:(I)Ljava/lang/String;(+0.087); Ljava/lang/StringBuilder;.append:(I)Ljava/lang/StringBuilder;(-0.087); Ljava/lang/StringBuilder;.append:(C)Ljava/lang/StringBuilder;(-0.087); Ljava/lang/StringBuilder;.append:(Ljava/lang/String;)Ljava/lang/StringBuilder;(+0.087); Ljava/lang/StringBuilder;.append:(D)Ljava/lang/StringBuilder;(+0.086)
2022,10,819,370,449,0.5482,6,0,False,Landroid/os/Process;.killProcess:(I)V(+0.162); Ljava/lang/StringBuilder;.append:(Ljava/lang/String;)Ljava/lang/StringBuilder;(+0.158); Ljava/lang/StringBuilder;.append:(I)Ljava/lang/StringBuilder;(-0.156); Ljava/net/URLConnection;.getInputStream:()Ljava/io/InputStream;(-0.153); Ljava/lang/String;.substring:(I)Ljava/lang/String;(-0.152); Ljava/lang/StringBuilder;.append:(Ljava/lang/Object;)Ljava/lang/StringBuilder;(+0.152); Landroid/os/Process;.myPid:()I(-0.152); Ljava/lang/String;.substring:(II)Ljava/lang/String;(-0.150); Ljava/io/File;.exists:()Z(-0.148); Landroid/media/MediaPlayer;.start:()V(-0.147)
2022,11,1353,174,1179,0.8714,4,0,False,Ljava/net/HttpURLConnection;.getErrorStream:()Ljava/io/InputStream;(-0.085); Ljava/net/URLConnection;.getInputStream:()Ljava/io/InputStream;(-0.084); Ljava/lang/StringBuffer;.append:(J)Ljava/lang/StringBuffer;(+0.082); Landroid/webkit/WebView;.stopLoading:()V(+0.081); Ljava/net/HttpURLConnection;.setInstanceFollowRedirects:(Z)V(-0.079); Ljava/lang/StringBuffer;.append:(I)Ljava/lang/StringBuffer;(+0.077); Ljava/net/HttpURLConnection;.getHeaderField:(Ljava/lang/String;)Ljava/lang/String;(-0.076); Landroid/os/Handler;.obtainMessage:(ILjava/lang/Object;)Landroid/os/Message;(+0.076); Landroid/app/Activity;.setContentView:(I)V(+0.076); Landroid/webkit/WebView;.destroy:()V(+0.076)
2022,12,1011,844,167,0.1652,6,0,False,Landroid/os/Process;.myPid:()I(-0.111); Ljava/lang/String;.indexOf:(II)I(+0.108); Landroid/os/PowerManager$WakeLock;.release:()V(+0.107); Ljava/io/File;.mkdirs:()Z(+0.107); Ljava/net/ServerSocket;.close:()V(+0.106); Landroid/hardware/Camera;.open:()Landroid/hardware/Camera;(+0.104); Landroid/media/AudioRecord;.startRecording:()V(-0.102); Landroid/webkit/WebView;.<init>:(Landroid/content/Context;Landroid/util/AttributeSet;I)V(+0.102); Landroid/media/AudioRecord;.getMinBufferSize:(III)I(+0.102); Landroid/app/Activity;.startActivityForResult:(Landroid/content/Intent;I)V(+0.102)
2022,13,1303,387,916,0.703,5,0,False,Landroid/webkit/WebView;.addJavascriptInterface:(Ljava/lang/Object;Ljava/lang/String;)V(-0.102); Landroid/content/Context;.getApplicationInfo:()Landroid/content/pm/ApplicationInfo;(+0.102); Ljava/lang/StringBuilder;.append:(F)Ljava/lang/StringBuilder;(+0.102); Landroid/webkit/WebView;.canGoBack:()Z(-0.102); Landroid/webkit/WebView;.setWebChromeClient:(Landroid/webkit/WebChromeClient;)V(-0.101); Ljava/lang/String;.valueOf:(I)Ljava/lang/String;(+0.101); Landroid/webkit/WebView;.destroy:()V(+0.101); Ljava/lang/StringBuilder;.append:(D)Ljava/lang/StringBuilder;(+0.100); Ljava/lang/StringBuilder;.append:(Z)Ljava/lang/StringBuilder;(-0.100); Ljava/lang/StringBuilder;.append:(J)Ljava/lang/StringBuilder;(+0.100)
2022,14,5817,5272,545,0.0937,6,0,False,Landroid/content/Context;.getApplicationInfo:()Landroid/content/pm/ApplicationInfo;(+0.096); Ljava/net/HttpURLConnection;.getHeaderField:(Ljava/lang/String;)Ljava/lang/String;(-0.094); Ljava/net/HttpURLConnection;.setInstanceFollowRedirects:(Z)V(-0.092); Ljava/io/File;.mkdirs:()Z(+0.092); Ljava/net/HttpURLConnection;.setReadTimeout:(I)V(+0.091); Ljava/lang/StringBuilder;.append:(D)Ljava/lang/StringBuilder;(+0.090); Ljava/net/HttpURLConnection;.disconnect:()V(+0.090); Ljava/io/File;.exists:()Z(-0.090); Ljava/lang/String;.getBytes:()[B(+0.089); Landroid/app/Activity;.startActivityForResult:(Landroid/content/Intent;I)V(+0.089)
2022,15,4693,2927,1766,0.3763,6,0,False,Landroid/webkit/WebView;.getSettings:()Landroid/webkit/WebSettings;(+0.121); Ljava/lang/StringBuilder;.append:(Ljava/lang/Object;)Ljava/lang/StringBuilder;(+0.118); Ljava/lang/StringBuilder;.append:(I)Ljava/lang/StringBuilder;(-0.118); Landroid/webkit/WebView;.onResume:()V(+0.117); Landroid/webkit/WebView;.onPause:()V(-0.117); Ljava/lang/StringBuilder;.append:(J)Ljava/lang/StringBuilder;(+0.117); Ljava/lang/StringBuilder;.append:(Ljava/lang/String;)Ljava/lang/StringBuilder;(+0.116); Landroid/webkit/WebViewClient;.<init>:()V(-0.116); Landroid/webkit/WebViewClient;.shouldOverrideUrlLoading:(Landroid/webkit/WebView;Ljava/lang/String;)Z(-0.116); Landroid/webkit/WebView;.setWebViewClient:(Landroid/webkit/WebViewClient;)V(+0.115)
2022,16,397,28,369,0.9295,5,0,False,Ljava/io/FileOutputStream;.write:([BII)V(+0.436); Ljava/lang/Runtime;.exec:(Ljava/lang/String;)Ljava/lang/Process;(+0.391); Ljava/io/File;.exists:()Z(-0.385); Ljava/io/File;.mkdirs:()Z(+0.363); Ljava/io/File;.mkdir:()Z(+0.171); Ljava/io/File;.delete:()Z(+0.168); Ljava/lang/StringBuilder;.append:(Ljava/lang/String;)Ljava/lang/StringBuilder;(+0.137); Ljava/net/HttpURLConnection;.getContentLength:()I(+0.109); Ljava/lang/System;.loadLibrary:(Ljava/lang/String;)V(-0.094); Ljava/net/HttpURLConnection;.setRequestMethod:(Ljava/lang/String;)V(+0.092)
2022,17,761,668,93,0.1222,6,0,False,Landroid/webkit/WebView;.loadUrl:(Ljava/lang/String;)V(-0.144); Landroid/webkit/WebView;.canGoBack:()Z(-0.143); Landroid/webkit/WebView;.goBack:()V(+0.141); Ljava/lang/StringBuilder;.append:(I)Ljava/lang/StringBuilder;(-0.136); Ljava/lang/StringBuilder;.append:(Ljava/lang/String;)Ljava/lang/StringBuilder;(+0.135); Ljava/lang/StringBuilder;.append:(Ljava/lang/Object;)Ljava/lang/StringBuilder;(+0.135); Ljava/lang/String;.substring:(II)Ljava/lang/String;(-0.134); Ljava/lang/String;.substring:(I)Ljava/lang/String;(-0.132); Ljava/lang/StringBuilder;.append:(C)Ljava/lang/StringBuilder;(-0.132); Ljava/lang/StringBuilder;.append:(J)Ljava/lang/StringBuilder;(+0.132)
2022,18,802,695,107,0.1334,4,0,False,Landroid/webkit/WebViewClient;.<init>:()V(-0.148); Landroid/webkit/WebView;.getSettings:()Landroid/webkit/WebSettings;(+0.145); Landroid/webkit/WebView;.setWebViewClient:(Landroid/webkit/WebViewClient;)V(+0.144); Ljavax/crypto/Cipher;.getInstance:(Ljava/lang/String;)Ljavax/crypto/Cipher;(+0.142); Ljavax/crypto/Cipher;.doFinal:([B)[B(+0.142); Ljava/net/HttpURLConnection;.setInstanceFollowRedirects:(Z)V(-0.141); Ljava/lang/StringBuilder;.append:(Ljava/lang/String;)Ljava/lang/StringBuilder;(+0.141); Landroid/webkit/WebView;.<init>:(Landroid/content/Context;)V(-0.141); Ljava/lang/StringBuilder;.append:(I)Ljava/lang/StringBuilder;(-0.141); Ljava/net/HttpURLConnection;.getHeaderField:(Ljava/lang/String;)Ljava/lang/String;(-0.140)
2022,19,118,34,84,0.7119,5,0,False,Landroid/webkit/WebView;.goBack:()V(+0.297); Landroid/webkit/WebView;.loadUrl:(Ljava/lang/String;)V(-0.296); Landroid/webkit/WebView;.setWebChromeClient:(Landroid/webkit/WebChromeClient;)V(-0.294); Landroid/webkit/WebView;.canGoBack:()Z(-0.288); Landroid/webkit/WebView;.setWebViewClient:(Landroid/webkit/WebViewClient;)V(+0.275); Landroid/webkit/WebViewClient;.<init>:()V(-0.246); Landroid/webkit/WebView;.getSettings:()Landroid/webkit/WebSettings;(+0.234); Landroid/webkit/WebView;.addJavascriptInterface:(Ljava/lang/Object;Ljava/lang/String;)V(-0.170); Landroid/webkit/WebViewClient;.onPageFinished:(Landroid/webkit/WebView;Ljava/lang/String;)V(-0.153); Landroid/webkit/WebView;.<init>:(Landroid/content/Context;)V(-0.149)
2022,20,32,22,10,0.3125,4,1,False,Landroid/os/Process;.myPid:()I(-0.441); Landroid/os/Process;.killProcess:(I)V(+0.395); Ljava/lang/System;.loadLibrary:(Ljava/lang/String;)V(-0.343); Ljava/lang/StringBuilder;.append:(Ljava/lang/String;)Ljava/lang/StringBuilder;(+0.170); Ljava/lang/StringBuilder;.append:(I)Ljava/lang/StringBuilder;(-0.153); Ljava/lang/StringBuilder;.append:(Ljava/lang/Object;)Ljava/lang/StringBuilder;(+0.144); Ljava/lang/String;.substring:(II)Ljava/lang/String;(-0.142); Landroid/webkit/WebView;.canGoForward:()Z(-0.139); Ljava/io/File;.delete:()Z(+0.132); Ljava/lang/StringBuilder;.append:(J)Ljava/lang/StringBuilder;(+0.131)
2022,21,13,11,2,0.1538,1,2,False,Landroid/media/MediaPlayer;.start:()V(-0.418); Landroid/media/MediaPlayer;.stop:()V(+0.359); Landroid/os/Vibrator;.vibrate:(J)V(+0.231); Landroid/webkit/WebView;.canGoForward:()Z(-0.174); Ljava/lang/StringBuilder;.append:(Ljava/lang/String;)Ljava/lang/StringBuilder;(+0.158); Ljava/lang/String;.getBytes:()[B(+0.152); Ljava/lang/StringBuilder;.append:(I)Ljava/lang/StringBuilder;(-0.141); Ljava/io/FileOutputStream;.write:([BII)V(+0.139); Ljava/io/File;.exists:()Z(-0.138); Ljava/lang/String;.substring:(II)Ljava/lang/String;(-0.134)
2022,22,8,7,1,0.125,0,3,False,Landroid/media/MediaPlayer;.start:()V(-0.550); Landroid/media/MediaPlayer;.stop:()V(+0.502); Landroid/content/Context;.startService:(Landroid/content/Intent;)Landroid/content/ComponentName;(+0.186); Landroid/os/PowerManager$WakeLock;.acquire:()V(-0.168); Landroid/os/PowerManager$WakeLock;.release:()V(+0.128); Landroid/media/MediaRecorder;.setAudioSource:(I)V(+0.105); Landroid/app/NotificationManager;.notify:(ILandroid/app/Notification;)V(+0.101); Landroid/content/Intent;.setFlags:(I)Landroid/content/Intent;(+0.099); Landroid/os/Handler;.sendMessage:(Landroid/os/Message;)Z(+0.090); Landroid/app/ActivityManager;.getRunningTasks:(I)Ljava/util/List;(-0.089)
2022,23,144,141,3,0.0208,1,4,False,Ljava/lang/System;.loadLibrary:(Ljava/lang/String;)V(-0.356); Ljava/lang/StringBuilder;.append:(Ljava/lang/String;)Ljava/lang/StringBuilder;(+0.283); Ljava/lang/StringBuilder;.append:(I)Ljava/lang/StringBuilder;(-0.264); Ljava/lang/StringBuilder;.append:(Ljava/lang/Object;)Ljava/lang/StringBuilder;(+0.245); Ljava/lang/String;.substring:(II)Ljava/lang/String;(-0.235); Ljava/lang/StringBuilder;.append:(J)Ljava/lang/StringBuilder;(+0.212); Ljava/io/File;.delete:()Z(+0.212); Ljava/io/File;.exists:()Z(-0.196); Ljava/lang/String;.substring:(I)Ljava/lang/String;(-0.196); Ljava/lang/String;.valueOf:(Ljava/lang/Object;)Ljava/lang/String;(-0.157)
2022,24,4,4,0,0.0,0,5,True,Landroid/content/Context;.getApplicationInfo:()Landroid/content/pm/ApplicationInfo;(+0.439); Ljava/lang/String;.replaceAll:(Ljava/lang/String;Ljava/lang/String;)Ljava/lang/String;(+0.272); Ljava/lang/Runtime;.exec:(Ljava/lang/String;)Ljava/lang/Process;(+0.260); Ljava/lang/StringBuilder;.append:(F)Ljava/lang/StringBuilder;(+0.185); Ljava/io/FileOutputStream;.write:([BII)V(+0.181); Ljava/lang/String;.valueOf:(F)Ljava/lang/String;(+0.138); Ldalvik/system/DexClassLoader;.loadClass:(Ljava/lang/String;)Ljava/lang/Class;(-0.134); Landroid/os/Process;.myPid:()I(-0.133); Ljava/io/File;.deleteOnExit:()V(-0.122); Landroid/content/ContentResolver;.openInputStream:(Landroid/net/Uri;)Ljava/io/InputStream;(-0.120)
2022,25,2,2,0,0.0,0,5,True,Landroid/media/AudioRecord;.startRecording:()V(-0.350); Landroid/media/AudioRecord;.getMinBufferSize:(III)I(+0.346); Landroid/media/AudioRecord;.release:()V(-0.339); Landroid/media/AudioRecord;.stop:()V(-0.338); Landroid/media/AudioRecord;.getState:()I(-0.260); Landroid/media/AudioRecord;.getRecordingState:()I(+0.180); Landroid/media/AudioRecord;.<init>:(IIIII)V(-0.165); Landroid/media/AudioRecord;.read:([BII)I(+0.164); Landroid/media/AudioRecord;.read:(Ljava/nio/ByteBuffer;I)I(-0.146); Landroid/app/NotificationManager;.notify:(ILandroid/app/Notification;)V(+0.123)
2022,26,123,89,34,0.2764,0,5,True,<bucket_39>(+0.000); <bucket_38>(+0.000); <bucket_37>(+0.000); <bucket_36>(+0.000); <bucket_35>(+0.000); <bucket_34>(+0.000); Ljava/net/Socket;.connect:(Ljava/net/SocketAddress;)V(+0.000); <bucket_32>(+0.000); <bucket_47>(+0.000); <bucket_46>(+0.000)
2023,0,2851,662,2189,0.7678,7,0,False,Ljava/lang/StringBuilder;.append:(Ljava/lang/String;)Ljava/lang/StringBuilder;(+0.219); Ljava/io/File;.exists:()Z(-0.210); Ljava/lang/StringBuilder;.append:(I)Ljava/lang/StringBuilder;(-0.202); Ljava/lang/String;.substring:(II)Ljava/lang/String;(-0.197); Ljava/lang/String;.getBytes:()[B(+0.186); Ljava/lang/StringBuilder;.append:(Ljava/lang/Object;)Ljava/lang/StringBuilder;(+0.186); Ljava/io/File;.delete:()Z(+0.183); Ljava/lang/String;.valueOf:(Ljava/lang/Object;)Ljava/lang/String;(-0.172); Ljava/lang/String;.substring:(I)Ljava/lang/String;(-0.170); Ljava/lang/StringBuilder;.append:(J)Ljava/lang/StringBuilder;(+0.166)
2023,1,2978,2635,343,0.1152,7,0,False,Ljava/lang/StringBuilder;.append:(Ljava/lang/String;)Ljava/lang/StringBuilder;(+0.189); Ljava/lang/StringBuilder;.append:(I)Ljava/lang/StringBuilder;(-0.188); Ljava/io/File;.exists:()Z(-0.188); Landroid/app/Activity;.startActivityForResult:(Landroid/content/Intent;I)V(+0.188); Ljava/lang/StringBuilder;.append:(Ljava/lang/Object;)Ljava/lang/StringBuilder;(+0.187); Ljava/lang/StringBuilder;.append:(C)Ljava/lang/StringBuilder;(-0.183); Ljava/io/File;.delete:()Z(+0.183); Ljava/lang/String;.substring:(II)Ljava/lang/String;(-0.180); Ljava/lang/StringBuilder;.append:(J)Ljava/lang/StringBuilder;(+0.179); Ljava/lang/String;.substring:(I)Ljava/lang/String;(-0.178)
2023,2,4434,1902,2532,0.571,7,0,False,Ljava/io/File;.mkdirs:()Z(+0.093); Landroid/webkit/WebView;.canGoBack:()Z(-0.090); Landroid/webkit/WebView;.goBack:()V(+0.089); Landroid/webkit/WebView;.addJavascriptInterface:(Ljava/lang/Object;Ljava/lang/String;)V(-0.088); Ljava/lang/StringBuilder;.append:(F)Ljava/lang/StringBuilder;(+0.087); Landroid/content/Context;.getApplicationInfo:()Landroid/content/pm/ApplicationInfo;(+0.087); Ljava/net/HttpURLConnection;.setRequestMethod:(Ljava/lang/String;)V(+0.087); Ljava/io/File;.exists:()Z(-0.087); Landroid/app/Activity;.setContentView:(Landroid/view/View;)V(+0.085); Ljava/lang/StringBuilder;.append:(D)Ljava/lang/StringBuilder;(+0.085)
2023,3,561,365,196,0.3494,7,0,False,Ljava/net/Socket;.getInputStream:()Ljava/io/InputStream;(-0.111); Ljava/net/Socket;.getOutputStream:()Ljava/io/OutputStream;(+0.110); Ljava/lang/StringBuilder;.append:(Ljava/lang/String;)Ljava/lang/StringBuilder;(+0.109); Ljava/lang/StringBuilder;.append:(I)Ljava/lang/StringBuilder;(-0.109); Ljava/net/Socket;.close:()V(-0.108); Ljava/lang/String;.substring:(II)Ljava/lang/String;(-0.108); Ljava/io/File;.exists:()Z(-0.108); Ljava/lang/String;.indexOf:(I)I(-0.108); Landroid/os/Vibrator;.vibrate:(J)V(+0.108); Ljava/lang/String;.substring:(I)Ljava/lang/String;(-0.107)
2023,4,15603,367,15236,0.9765,7,0,False,Ljava/io/FileOutputStream;.write:([BII)V(+0.373); Ljava/io/File;.exists:()Z(-0.358); Ljava/io/File;.mkdir:()Z(+0.347); Ljava/lang/System;.loadLibrary:(Ljava/lang/String;)V(-0.270); Ljava/lang/StringBuilder;.append:(Ljava/lang/String;)Ljava/lang/StringBuilder;(+0.257); Ljava/lang/Runtime;.exec:(Ljava/lang/String;)Ljava/lang/Process;(+0.249); Ljava/io/File;.delete:()Z(+0.239); Ljava/lang/StringBuilder;.append:(I)Ljava/lang/StringBuilder;(-0.193); Ljava/lang/String;.substring:(II)Ljava/lang/String;(-0.182); Ljava/lang/StringBuilder;.append:(Ljava/lang/Object;)Ljava/lang/StringBuilder;(+0.165)
2023,5,6945,6188,757,0.109,7,0,False,Ljava/lang/String;.indexOf:(II)I(+0.120); Ljava/lang/StringBuilder;.append:(Z)Ljava/lang/StringBuilder;(-0.120); Ljava/lang/StringBuilder;.append:(C)Ljava/lang/StringBuilder;(-0.120); Landroid/content/ContentResolver;.openInputStream:(Landroid/net/Uri;)Ljava/io/InputStream;(-0.120); Ljava/io/File;.exists:()Z(-0.119); Ljava/lang/StringBuilder;.append:(Ljava/lang/Object;)Ljava/lang/StringBuilder;(+0.119); Ljava/io/File;.mkdirs:()Z(+0.119); Ljava/lang/String;.substring:(II)Ljava/lang/String;(-0.118); Ljava/lang/String;.indexOf:(I)I(-0.118); Ljava/lang/StringBuilder;.append:(I)Ljava/lang/StringBuilder;(-0.118)
2023,6,1701,185,1516,0.8912,7,0,False,Ljava/lang/String;.getBytes:()[B(+0.123); Ljava/lang/StringBuilder;.append:(Ljava/lang/String;)Ljava/lang/StringBuilder;(+0.121); Landroid/telephony/TelephonyManager;.getDeviceId:()Ljava/lang/String;(+0.121); Ljava/lang/StringBuilder;.append:(J)Ljava/lang/StringBuilder;(+0.121); Ljava/lang/StringBuilder;.append:(I)Ljava/lang/StringBuilder;(-0.121); Ljava/lang/String;.substring:(II)Ljava/lang/String;(-0.121); Landroid/content/Context;.startActivity:(Landroid/content/Intent;)V(-0.120); Landroid/net/ConnectivityManager;.getActiveNetworkInfo:()Landroid/net/NetworkInfo;(+0.120); Ljava/io/File;.exists:()Z(-0.120); Ljava/lang/StringBuilder;.append:(Ljava/lang/Object;)Ljava/lang/StringBuilder;(+0.120)
2023,7,1429,837,592,0.4143,7,0,False,Landroid/webkit/WebView;.loadUrl:(Ljava/lang/String;)V(-0.171); Landroid/webkit/WebView;.setWebViewClient:(Landroid/webkit/WebViewClient;)V(+0.158); Landroid/webkit/WebViewClient;.<init>:()V(-0.158); Ljava/lang/StringBuilder;.append:(Ljava/lang/String;)Ljava/lang/StringBuilder;(+0.151); Ljava/lang/StringBuilder;.append:(I)Ljava/lang/StringBuilder;(-0.150); Landroid/webkit/WebView;.getSettings:()Landroid/webkit/WebSettings;(+0.150); Ljava/lang/StringBuilder;.append:(Ljava/lang/Object;)Ljava/lang/StringBuilder;(+0.148); Ljava/lang/String;.substring:(I)Ljava/lang/String;(-0.143); Ljava/lang/String;.substring:(II)Ljava/lang/String;(-0.142); Ljava/lang/StringBuilder;.append:(J)Ljava/lang/StringBuilder;(+0.140)
2023,8,6519,5445,1074,0.1647,7,0,False,Ljava/io/File;.mkdirs:()Z(+0.102); Ljava/net/HttpURLConnection;.addRequestProperty:(Ljava/lang/String;Ljava/lang/String;)V(-0.101); Landroid/content/Context;.getApplicationInfo:()Landroid/content/pm/ApplicationInfo;(+0.100); Landroid/app/Activity;.startActivity:(Landroid/content/Intent;)V(+0.098); Landroid/app/Activity;.startActivityForResult:(Landroid/content/Intent;I)V(+0.098); Landroid/webkit/WebView;.setVisibility:(I)V(-0.098); Ljava/lang/String;.valueOf:(F)Ljava/lang/String;(+0.098); Ljava/io/File;.exists:()Z(-0.097); Ldalvik/system/DexClassLoader;.loadClass:(Ljava/lang/String;)Ljava/lang/Class;(-0.097); Ljava/net/HttpURLConnection;.setInstanceFollowRedirects:(Z)V(-0.097)
2023,9,3618,1900,1718,0.4748,7,0,False,Ljava/lang/String;.valueOf:(Ljava/lang/Object;)Ljava/lang/String;(-0.089); Ljava/io/File;.mkdirs:()Z(+0.089); Landroid/os/Process;.myPid:()I(-0.088); Landroid/app/NotificationManager;.notify:(ILandroid/app/Notification;)V(+0.087); Ljava/lang/String;.valueOf:(I)Ljava/lang/String;(+0.087); Ljava/lang/StringBuilder;.append:(I)Ljava/lang/StringBuilder;(-0.086); Landroid/content/Intent;.addFlags:(I)Landroid/content/Intent;(+0.086); Ljava/lang/StringBuilder;.append:(C)Ljava/lang/StringBuilder;(-0.086); Ljava/lang/StringBuilder;.append:(Ljava/lang/Object;)Ljava/lang/StringBuilder;(+0.086); Ljava/lang/StringBuilder;.append:(D)Ljava/lang/StringBuilder;(+0.086)
2023,10,831,379,452,0.5439,7,0,False,Landroid/os/Process;.killProcess:(I)V(+0.162); Ljava/lang/StringBuilder;.append:(Ljava/lang/String;)Ljava/lang/StringBuilder;(+0.159); Ljava/lang/StringBuilder;.append:(I)Ljava/lang/StringBuilder;(-0.157); Ljava/lang/StringBuilder;.append:(Ljava/lang/Object;)Ljava/lang/StringBuilder;(+0.153); Ljava/lang/String;.substring:(I)Ljava/lang/String;(-0.153); Landroid/os/Process;.myPid:()I(-0.152); Ljava/net/URLConnection;.getInputStream:()Ljava/io/InputStream;(-0.152); Ljava/lang/String;.substring:(II)Ljava/lang/String;(-0.151); Ljava/io/File;.exists:()Z(-0.149); Landroid/media/AudioRecord;.release:()V(-0.147)
2023,11,1353,174,1179,0.8714,4,0,False,Ljava/net/HttpURLConnection;.getErrorStream:()Ljava/io/InputStream;(-0.085); Ljava/net/URLConnection;.getInputStream:()Ljava/io/InputStream;(-0.084); Ljava/lang/StringBuffer;.append:(J)Ljava/lang/StringBuffer;(+0.082); Landroid/webkit/WebView;.stopLoading:()V(+0.081); Ljava/net/HttpURLConnection;.setInstanceFollowRedirects:(Z)V(-0.079); Ljava/lang/StringBuffer;.append:(I)Ljava/lang/StringBuffer;(+0.077); Ljava/net/HttpURLConnection;.getHeaderField:(Ljava/lang/String;)Ljava/lang/String;(-0.076); Landroid/os/Handler;.obtainMessage:(ILjava/lang/Object;)Landroid/os/Message;(+0.076); Landroid/app/Activity;.setContentView:(I)V(+0.076); Landroid/webkit/WebView;.destroy:()V(+0.076)
2023,12,1112,944,168,0.1511,7,0,False,Landroid/os/Process;.myPid:()I(-0.112); Ljava/lang/String;.indexOf:(II)I(+0.109); Landroid/os/PowerManager$WakeLock;.release:()V(+0.107); Ljava/net/ServerSocket;.close:()V(+0.107); Ljava/io/File;.mkdirs:()Z(+0.106); Landroid/hardware/Camera;.open:()Landroid/hardware/Camera;(+0.105); Landroid/media/AudioRecord;.startRecording:()V(-0.103); Landroid/webkit/WebView;.<init>:(Landroid/content/Context;Landroid/util/AttributeSet;I)V(+0.103); Landroid/media/AudioRecord;.getMinBufferSize:(III)I(+0.102); Landroid/app/Activity;.startActivityForResult:(Landroid/content/Intent;I)V(+0.102)
2023,13,1304,388,916,0.7025,6,0,False,Landroid/webkit/WebView;.addJavascriptInterface:(Ljava/lang/Object;Ljava/lang/String;)V(-0.102); Landroid/content/Context;.getApplicationInfo:()Landroid/content/pm/ApplicationInfo;(+0.102); Ljava/lang/StringBuilder;.append:(F)Ljava/lang/StringBuilder;(+0.102); Landroid/webkit/WebView;.canGoBack:()Z(-0.102); Landroid/webkit/WebView;.setWebChromeClient:(Landroid/webkit/WebChromeClient;)V(-0.101); Ljava/lang/String;.valueOf:(I)Ljava/lang/String;(+0.101); Landroid/webkit/WebView;.destroy:()V(+0.101); Ljava/lang/StringBuilder;.append:(D)Ljava/lang/StringBuilder;(+0.100); Ljava/lang/StringBuilder;.append:(Z)Ljava/lang/StringBuilder;(-0.100); Ljava/lang/StringBuilder;.append:(J)Ljava/lang/StringBuilder;(+0.100)
2023,14,6397,5820,577,0.0902,7,0,False,Landroid/content/Context;.getApplicationInfo:()Landroid/content/pm/ApplicationInfo;(+0.096); Ljava/net/HttpURLConnection;.getHeaderField:(Ljava/lang/String;)Ljava/lang/String;(-0.093); Ljava/io/File;.mkdirs:()Z(+0.092); Ljava/net/HttpURLConnection;.setInstanceFollowRedirects:(Z)V(-0.091); Ljava/lang/StringBuilder;.append:(D)Ljava/lang/StringBuilder;(+0.090); Ljava/net/HttpURLConnection;.disconnect:()V(+0.089); Ljava/io/File;.exists:()Z(-0.089); Ljava/net/HttpURLConnection;.setReadTimeout:(I)V(+0.089); Ljava/lang/String;.getBytes:()[B(+0.089); Landroid/app/Activity;.startActivityForResult:(Landroid/content/Intent;I)V(+0.089)
2023,15,4695,2929,1766,0.3761,7,0,False,Landroid/webkit/WebView;.getSettings:()Landroid/webkit/WebSettings;(+0.121); Ljava/lang/StringBuilder;.append:(Ljava/lang/Object;)Ljava/lang/StringBuilder;(+0.118); Ljava/lang/StringBuilder;.append:(I)Ljava/lang/StringBuilder;(-0.118); Landroid/webkit/WebView;.onResume:()V(+0.117); Landroid/webkit/WebView;.onPause:()V(-0.117); Ljava/lang/StringBuilder;.append:(J)Ljava/lang/StringBuilder;(+0.117); Ljava/lang/StringBuilder;.append:(Ljava/lang/String;)Ljava/lang/StringBuilder;(+0.116); Landroid/webkit/WebViewClient;.<init>:()V(-0.116); Landroid/webkit/WebViewClient;.shouldOverrideUrlLoading:(Landroid/webkit/WebView;Ljava/lang/String;)Z(-0.116); Landroid/webkit/WebView;.setWebViewClient:(Landroid/webkit/WebViewClient;)V(+0.115)
2023,16,397,28,369,0.9295,5,0,False,Ljava/io/FileOutputStream;.write:([BII)V(+0.436); Ljava/lang/Runtime;.exec:(Ljava/lang/String;)Ljava/lang/Process;(+0.391); Ljava/io/File;.exists:()Z(-0.385); Ljava/io/File;.mkdirs:()Z(+0.363); Ljava/io/File;.mkdir:()Z(+0.171); Ljava/io/File;.delete:()Z(+0.168); Ljava/lang/StringBuilder;.append:(Ljava/lang/String;)Ljava/lang/StringBuilder;(+0.137); Ljava/net/HttpURLConnection;.getContentLength:()I(+0.109); Ljava/lang/System;.loadLibrary:(Ljava/lang/String;)V(-0.094); Ljava/net/HttpURLConnection;.setRequestMethod:(Ljava/lang/String;)V(+0.092)
2023,17,765,672,93,0.1216,7,0,False,Landroid/webkit/WebView;.loadUrl:(Ljava/lang/String;)V(-0.144); Landroid/webkit/WebView;.canGoBack:()Z(-0.143); Landroid/webkit/WebView;.goBack:()V(+0.141); Ljava/lang/StringBuilder;.append:(I)Ljava/lang/StringBuilder;(-0.136); Ljava/lang/StringBuilder;.append:(Ljava/lang/String;)Ljava/lang/StringBuilder;(+0.135); Ljava/lang/StringBuilder;.append:(Ljava/lang/Object;)Ljava/lang/StringBuilder;(+0.135); Ljava/lang/String;.substring:(II)Ljava/lang/String;(-0.134); Ljava/lang/String;.substring:(I)Ljava/lang/String;(-0.133); Ljava/lang/StringBuilder;.append:(C)Ljava/lang/StringBuilder;(-0.132); Ljava/lang/StringBuilder;.append:(J)Ljava/lang/StringBuilder;(+0.132)
2023,18,802,695,107,0.1334,4,0,False,Landroid/webkit/WebViewClient;.<init>:()V(-0.148); Landroid/webkit/WebView;.getSettings:()Landroid/webkit/WebSettings;(+0.145); Landroid/webkit/WebView;.setWebViewClient:(Landroid/webkit/WebViewClient;)V(+0.144); Ljavax/crypto/Cipher;.getInstance:(Ljava/lang/String;)Ljavax/crypto/Cipher;(+0.142); Ljavax/crypto/Cipher;.doFinal:([B)[B(+0.142); Ljava/net/HttpURLConnection;.setInstanceFollowRedirects:(Z)V(-0.141); Ljava/lang/StringBuilder;.append:(Ljava/lang/String;)Ljava/lang/StringBuilder;(+0.141); Landroid/webkit/WebView;.<init>:(Landroid/content/Context;)V(-0.141); Ljava/lang/StringBuilder;.append:(I)Ljava/lang/StringBuilder;(-0.141); Ljava/net/HttpURLConnection;.getHeaderField:(Ljava/lang/String;)Ljava/lang/String;(-0.140)
2023,19,120,34,86,0.7167,6,0,False,Landroid/webkit/WebView;.goBack:()V(+0.297); Landroid/webkit/WebView;.loadUrl:(Ljava/lang/String;)V(-0.296); Landroid/webkit/WebView;.setWebChromeClient:(Landroid/webkit/WebChromeClient;)V(-0.294); Landroid/webkit/WebView;.canGoBack:()Z(-0.288); Landroid/webkit/WebView;.setWebViewClient:(Landroid/webkit/WebViewClient;)V(+0.274); Landroid/webkit/WebViewClient;.<init>:()V(-0.246); Landroid/webkit/WebView;.getSettings:()Landroid/webkit/WebSettings;(+0.234); Landroid/webkit/WebView;.addJavascriptInterface:(Ljava/lang/Object;Ljava/lang/String;)V(-0.170); Landroid/webkit/WebViewClient;.onPageFinished:(Landroid/webkit/WebView;Ljava/lang/String;)V(-0.153); Landroid/webkit/WebView;.<init>:(Landroid/content/Context;)V(-0.149)
2023,20,32,22,10,0.3125,4,1,False,Landroid/os/Process;.myPid:()I(-0.441); Landroid/os/Process;.killProcess:(I)V(+0.395); Ljava/lang/System;.loadLibrary:(Ljava/lang/String;)V(-0.343); Ljava/lang/StringBuilder;.append:(Ljava/lang/String;)Ljava/lang/StringBuilder;(+0.170); Ljava/lang/StringBuilder;.append:(I)Ljava/lang/StringBuilder;(-0.153); Ljava/lang/StringBuilder;.append:(Ljava/lang/Object;)Ljava/lang/StringBuilder;(+0.144); Ljava/lang/String;.substring:(II)Ljava/lang/String;(-0.142); Landroid/webkit/WebView;.canGoForward:()Z(-0.139); Ljava/io/File;.delete:()Z(+0.132); Ljava/lang/StringBuilder;.append:(J)Ljava/lang/StringBuilder;(+0.131)
2023,21,13,11,2,0.1538,1,2,False,Landroid/media/MediaPlayer;.start:()V(-0.418); Landroid/media/MediaPlayer;.stop:()V(+0.359); Landroid/os/Vibrator;.vibrate:(J)V(+0.231); Landroid/webkit/WebView;.canGoForward:()Z(-0.174); Ljava/lang/StringBuilder;.append:(Ljava/lang/String;)Ljava/lang/StringBuilder;(+0.158); Ljava/lang/String;.getBytes:()[B(+0.152); Ljava/lang/StringBuilder;.append:(I)Ljava/lang/StringBuilder;(-0.141); Ljava/io/FileOutputStream;.write:([BII)V(+0.139); Ljava/io/File;.exists:()Z(-0.138); Ljava/lang/String;.substring:(II)Ljava/lang/String;(-0.134)
2023,22,8,7,1,0.125,0,3,False,Landroid/media/MediaPlayer;.start:()V(-0.550); Landroid/media/MediaPlayer;.stop:()V(+0.502); Landroid/content/Context;.startService:(Landroid/content/Intent;)Landroid/content/ComponentName;(+0.186); Landroid/os/PowerManager$WakeLock;.acquire:()V(-0.168); Landroid/os/PowerManager$WakeLock;.release:()V(+0.128); Landroid/media/MediaRecorder;.setAudioSource:(I)V(+0.105); Landroid/app/NotificationManager;.notify:(ILandroid/app/Notification;)V(+0.101); Landroid/content/Intent;.setFlags:(I)Landroid/content/Intent;(+0.099); Landroid/os/Handler;.sendMessage:(Landroid/os/Message;)Z(+0.090); Landroid/app/ActivityManager;.getRunningTasks:(I)Ljava/util/List;(-0.089)
2023,23,459,263,196,0.427,2,4,False,Ljava/lang/System;.loadLibrary:(Ljava/lang/String;)V(-0.318); Ljava/lang/StringBuilder;.append:(Ljava/lang/String;)Ljava/lang/StringBuilder;(+0.288); Ljava/lang/StringBuilder;.append:(I)Ljava/lang/StringBuilder;(-0.265); Ljava/lang/StringBuilder;.append:(Ljava/lang/Object;)Ljava/lang/StringBuilder;(+0.247); Ljava/lang/String;.substring:(II)Ljava/lang/String;(-0.243); Ljava/io/File;.exists:()Z(-0.228); Ljava/io/File;.delete:()Z(+0.227); Ljava/lang/StringBuilder;.append:(J)Ljava/lang/StringBuilder;(+0.219); Landroid/os/Process;.myPid:()I(-0.215); Ljava/lang/String;.substring:(I)Ljava/lang/String;(-0.189)
2023,24,14,5,9,0.6429,1,5,False,Landroid/content/Context;.getApplicationInfo:()Landroid/content/pm/ApplicationInfo;(+0.472); Ljava/lang/String;.replaceAll:(Ljava/lang/String;Ljava/lang/String;)Ljava/lang/String;(+0.274); Ljava/lang/StringBuilder;.append:(F)Ljava/lang/StringBuilder;(+0.194); Ljava/lang/Runtime;.exec:(Ljava/lang/String;)Ljava/lang/Process;(+0.177); Ljava/lang/String;.valueOf:(F)Ljava/lang/String;(+0.158); Landroid/content/Context;.openFileOutput:(Ljava/lang/String;I)Ljava/io/FileOutputStream;(-0.156); Landroid/content/ContentResolver;.openInputStream:(Landroid/net/Uri;)Ljava/io/InputStream;(-0.135); Landroid/net/NetworkInfo;.getExtraInfo:()Ljava/lang/String;(-0.131); Ldalvik/system/DexClassLoader;.loadClass:(Ljava/lang/String;)Ljava/lang/Class;(-0.129); Ljava/io/FileOutputStream;.write:([BII)V(+0.128)
2023,25,2,2,0,0.0,0,5,False,Landroid/media/AudioRecord;.startRecording:()V(-0.350); Landroid/media/AudioRecord;.getMinBufferSize:(III)I(+0.346); Landroid/media/AudioRecord;.release:()V(-0.339); Landroid/media/AudioRecord;.stop:()V(-0.338); Landroid/media/AudioRecord;.getState:()I(-0.260); Landroid/media/AudioRecord;.getRecordingState:()I(+0.180); Landroid/media/AudioRecord;.<init>:(IIIII)V(-0.165); Landroid/media/AudioRecord;.read:([BII)I(+0.164); Landroid/media/AudioRecord;.read:(Ljava/nio/ByteBuffer;I)I(-0.146); Landroid/app/NotificationManager;.notify:(ILandroid/app/Notification;)V(+0.123)
2023,26,123,89,34,0.2764,0,5,False,<bucket_39>(+0.000); <bucket_38>(+0.000); <bucket_37>(+0.000); <bucket_36>(+0.000); <bucket_35>(+0.000); <bucket_34>(+0.000); Ljava/net/Socket;.connect:(Ljava/net/SocketAddress;)V(+0.000); <bucket_32>(+0.000); <bucket_47>(+0.000); <bucket_46>(+0.000)
2023,27,73,41,32,0.4384,0,6,True,<bucket_39>(+0.000); <bucket_38>(+0.000); <bucket_37>(+0.000); <bucket_36>(+0.000); <bucket_35>(+0.000); <bucket_34>(+0.000); Ljava/net/Socket;.connect:(Ljava/net/SocketAddress;)V(+0.000); <bucket_32>(+0.000); <bucket_47>(+0.000); <bucket_46>(+0.000)
