month,cluster_id,n_samples,n_benign,n_malicious,mal_ratio,age,birth_month,is_new,top_features
2017,0,1468,1290,178,0.1213,1,0,False,Landroid/content/Intent;.addFlags:(I)Landroid/content/Intent;(+0.092); Landroid/content/Context;.startActivity:(Landroid/content/Intent;)V(-0.092); Ljava/io/FileOutputStream;.write:([BII)V(+0.091); Ljava/lang/StringBuilder;.append:(D)Ljava/lang/StringBuilder;(+0.091); Landroid/content/Context;.getApplicationInfo:()Landroid/content/pm/ApplicationInfo;(+0.091); Landroid/webkit/WebView;.getSettings:()Landroid/webkit/WebSettings;(+0.091); Ljava/lang/StringBuilder;.append:(Z)Ljava/lang/StringBuilder;(-0.091); Landroid/content/Intent;.setFlags:(I)Landroid/content/Intent;(+0.091); Ljava/lang/StringBuilder;.append:(C)Ljava/lang/StringBuilder;(-0.091); Ljava/lang/String;.valueOf:(Ljava/lang/Object;)Ljava/lang/String;(-0.091)
2017,1,1177,1097,80,0.068,1,0,False,Landroid/content/Intent;.setDataAndType:(Landroid/net/Uri;Ljava/lang/String;)Landroid/content/Intent;(-0.121); Ljava/net/HttpURLConnection;.disconnect:()V(+0.120); Landroid/webkit/WebView;.onResume:()V(+0.120); Landroid/webkit/WebView;.onPause:()V(-0.120); Ljava/lang/StringBuilder;.append:(Ljava/lang/String;)Ljava/lang/StringBuilder;(+0.120); Ljava/lang/StringBuilder;.append:(I)Ljava/lang/StringBuilder;(-0.119); Ljava/net/URL;.openConnection:()Ljava/net/URLConnection;(-0.119); Ljava/lang/String;.substring:(I)Ljava/lang/String;(-0.119); Ljava/net/HttpURLConnection;.getResponseCode:()I(-0.119); Ljava/lang/StringBuilder;.append:(J)Ljava/lang/StringBuilder;(+0.119)
2017,2,478,447,31,0.0649,1,0,False,Ljava/lang/StringBuilder;.append:(Ljava/lang/String;)Ljava/lang/StringBuilder;(+0.233); Ljava/lang/StringBuilder;.append:(I)Ljava/lang/StringBuilder;(-0.228); Ljava/lang/StringBuilder;.append:(Ljava/lang/Object;)Ljava/lang/StringBuilder;(+0.225); Ljava/lang/String;.substring:(I)Ljava/lang/String;(-0.220); Ljava/lang/StringBuilder;.append:(C)Ljava/lang/StringBuilder;(-0.218); Ljava/lang/StringBuilder;.append:(J)Ljava/lang/StringBuilder;(+0.214); Landroid/content/Intent;.addFlags:(I)Landroid/content/Intent;(+0.213); Landroid/content/Context;.startActivity:(Landroid/content/Intent;)V(-0.205); Ljava/io/File;.exists:()Z(-0.205); Landroid/app/Activity;.startActivityForResult:(Landroid/content/Intent;I)V(+0.203)
2017,3,917,668,249,0.2715,1,0,False,Ljava/lang/String;.getBytes:()[B(+0.098); Ljava/lang/String;.substring:(II)Ljava/lang/String;(-0.097); Ljava/lang/String;.substring:(I)Ljava/lang/String;(-0.097); Ljava/lang/StringBuilder;.append:(J)Ljava/lang/StringBuilder;(+0.097); Ljava/lang/String;.getBytes:(Ljava/lang/String;)[B(-0.097); Ljava/lang/String;.valueOf:(I)Ljava/lang/String;(+0.097); Ljava/lang/StringBuilder;.append:(Ljava/lang/String;)Ljava/lang/StringBuilder;(+0.096); Ljava/lang/StringBuilder;.append:(I)Ljava/lang/StringBuilder;(-0.096); Ljava/io/File;.mkdirs:()Z(+0.096); Ljava/lang/StringBuilder;.append:(Ljava/lang/Object;)Ljava/lang/StringBuilder;(+0.096)
2017,4,675,663,12,0.0178,1,0,False,Landroid/webkit/WebView;.getSettings:()Landroid/webkit/WebSettings;(+0.147); Landroid/webkit/WebViewClient;.<init>:()V(-0.145); Landroid/webkit/WebView;.setWebViewClient:(Landroid/webkit/WebViewClient;)V(+0.144); Ljavax/crypto/Cipher;.getInstance:(Ljava/lang/String;)Ljavax/crypto/Cipher;(+0.142); Ljavax/crypto/Cipher;.doFinal:([B)[B(+0.142); Landroid/webkit/WebView;.destroy:()V(+0.141); Ljava/net/HttpURLConnection;.setInstanceFollowRedirects:(Z)V(-0.141); Ljava/lang/StringBuilder;.append:(Ljava/lang/String;)Ljava/lang/StringBuilder;(+0.139); Ljava/net/HttpURLConnection;.getHeaderField:(Ljava/lang/String;)Ljava/lang/String;(-0.139); Landroid/webkit/WebView;.<init>:(Landroid/content/Context;)V(-0.139)
2017,5,619,495,124,0.2003,1,0,False,Landroid/webkit/WebViewClient;.onReceivedError:(Landroid/webkit/WebView;ILjava/lang/String;Ljava/lang/String;)V(+0.097); Landroid/webkit/WebView;.destroy:()V(+0.097); Ljava/lang/StringBuilder;.append:(F)Ljava/lang/StringBuilder;(+0.097); Landroid/net/NetworkInfo;.isConnected:()Z(-0.097); Landroid/webkit/WebView;.<init>:(Landroid/content/Context;)V(-0.097); Landroid/webkit/WebView;.loadUrl:(Ljava/lang/String;)V(-0.096); Ljava/lang/StringBuilder;.append:(D)Ljava/lang/StringBuilder;(+0.096); Ljava/io/FileOutputStream;.write:([BII)V(+0.096); Ljava/net/HttpURLConnection;.getResponseCode:()I(-0.095); Ljava/net/HttpURLConnection;.disconnect:()V(+0.095)
2017,6,1653,1562,91,0.0551,1,0,False,Landroid/webkit/WebViewDatabase;.clearHttpAuthUsernamePassword:()V(+0.106); Ljava/net/HttpURLConnection;.setRequestProperty:(Ljava/lang/String;Ljava/lang/String;)V(-0.106); Ljava/net/HttpURLConnection;.disconnect:()V(+0.106); Landroid/net/ConnectivityManager;.getActiveNetworkInfo:()Landroid/net/NetworkInfo;(+0.106); Landroid/webkit/WebView;.onTouchEvent:(Landroid/view/MotionEvent;)Z(+0.106); Landroid/content/Intent;.addFlags:(I)Landroid/content/Intent;(+0.105); Landroid/content/Context;.startActivity:(Landroid/content/Intent;)V(-0.105); Ljava/lang/String;.getBytes:()[B(+0.105); Landroid/os/Handler;.obtainMessage:(ILjava/lang/Object;)Landroid/os/Message;(+0.105); Ljava/net/HttpURLConnection;.getResponseCode:()I(-0.105)
2017,7,511,468,43,0.0841,1,0,False,Ljava/net/HttpURLConnection;.setDoInput:(Z)V(+0.110); Ljava/net/HttpURLConnection;.setRequestMethod:(Ljava/lang/String;)V(+0.108); Ljava/lang/StringBuilder;.append:(Ljava/lang/Object;)Ljava/lang/StringBuilder;(+0.105); Ljava/lang/StringBuilder;.append:(J)Ljava/lang/StringBuilder;(+0.105); Landroid/app/Activity;.startActivity:(Landroid/content/Intent;)V(+0.105); Landroid/webkit/WebViewClient;.<init>:()V(-0.105); Ljava/lang/StringBuilder;.append:(Z)Ljava/lang/StringBuilder;(-0.105); Ljava/lang/StringBuilder;.append:(I)Ljava/lang/StringBuilder;(-0.105); Ljava/lang/String;.substring:(II)Ljava/lang/String;(-0.105); Ljava/lang/StringBuilder;.append:(Ljava/lang/String;)Ljava/lang/StringBuilder;(+0.105)
2017,8,314,253,61,0.1943,1,0,False,Landroid/os/Process;.killProcess:(I)V(+0.175); Ljava/lang/StringBuilder;.append:(Ljava/lang/String;)Ljava/lang/StringBuilder;(+0.166); Ljava/lang/StringBuilder;.append:(I)Ljava/lang/StringBuilder;(-0.162); Ljava/lang/StringBuilder;.append:(Ljava/lang/Object;)Ljava/lang/StringBuilder;(+0.160); Landroid/os/Process;.myPid:()I(-0.159); Landroid/media/AudioRecord;.startRecording:()V(-0.159); Landroid/media/AudioRecord;.getMinBufferSize:(III)I(+0.159); Ljava/lang/System;.loadLibrary:(Ljava/lang/String;)V(-0.158); Landroid/media/AudioRecord;.stop:()V(-0.158); Landroid/media/AudioRecord;.release:()V(-0.158)
2017,9,573,433,140,0.2443,1,0,False,Landroid/webkit/WebView;.loadUrl:(Ljava/lang/String;)V(-0.226); Landroid/webkit/WebView;.setWebViewClient:(Landroid/webkit/WebViewClient;)V(+0.202); Landroid/webkit/WebViewClient;.<init>:()V(-0.199); Landroid/webkit/WebView;.getSettings:()Landroid/webkit/WebSettings;(+0.195); Ljava/lang/StringBuilder;.append:(Ljava/lang/String;)Ljava/lang/StringBuilder;(+0.160); Landroid/webkit/WebView;.setWebChromeClient:(Landroid/webkit/WebChromeClient;)V(-0.158); Ljava/lang/StringBuilder;.append:(I)Ljava/lang/StringBuilder;(-0.155); Ljava/lang/StringBuilder;.append:(Ljava/lang/Object;)Ljava/lang/StringBuilder;(+0.149); Landroid/webkit/WebView;.goBack:()V(+0.148); Ljava/lang/String;.substring:(I)Ljava/lang/String;(-0.146)
2017,10,161,161,0,0.0,0,0,False,Ljava/lang/String;.valueOf:(C)Ljava/lang/String;(-0.085); Ljava/net/HttpURLConnection;.getRequestProperty:(Ljava/lang/String;)Ljava/lang/String;(-0.084); Landroid/app/ActivityManager;.getRunningTasks:(I)Ljava/util/List;(-0.084); Landroid/net/wifi/WifiManager;.getConnectionInfo:()Landroid/net/wifi/WifiInfo;(+0.084); Landroid/net/NetworkInfo;.isConnectedOrConnecting:()Z(+0.083); Ljava/lang/String;.valueOf:(J)Ljava/lang/String;(-0.083); Ljava/net/HttpURLConnection;.setFixedLengthStreamingMode:(I)V(+0.082); Landroid/webkit/WebView;.getParent:()Landroid/view/ViewParent;(-0.082); Landroid/webkit/WebView;.getUrl:()Ljava/lang/String;(-0.082); Ljava/lang/StringBuffer;.append:(Ljava/lang/StringBuffer;)Ljava/lang/StringBuffer;(-0.082)
2017,11,1628,1426,202,0.1241,1,0,False,Ljava/lang/StringBuilder;.append:(Ljava/lang/String;)Ljava/lang/StringBuilder;(+0.154); Ljava/lang/StringBuilder;.append:(I)Ljava/lang/StringBuilder;(-0.153); Ljava/lang/StringBuilder;.append:(Ljava/lang/Object;)Ljava/lang/StringBuilder;(+0.151); Ljava/lang/String;.substring:(II)Ljava/lang/String;(-0.149); Ljava/lang/String;.substring:(I)Ljava/lang/String;(-0.149); Ljava/io/File;.exists:()Z(-0.146); Ljava/lang/StringBuilder;.append:(J)Ljava/lang/StringBuilder;(+0.146); Ljava/lang/StringBuilder;.append:(C)Ljava/lang/StringBuilder;(-0.145); Ljava/lang/String;.valueOf:(I)Ljava/lang/String;(+0.144); Ljava/io/File;.delete:()Z(+0.141)
2017,12,608,600,8,0.0132,1,0,False,Ljava/net/HttpURLConnection;.setDefaultUseCaches:(Z)V(+0.085); Ljava/net/HttpURLConnection;.setFixedLengthStreamingMode:(I)V(+0.084); Ljava/net/HttpURLConnection;.getHeaderFieldInt:(Ljava/lang/String;I)I(-0.084); Ljava/net/HttpURLConnection;.getRequestMethod:()Ljava/lang/String;(+0.083); Ljava/net/HttpURLConnection;.getContentType:()Ljava/lang/String;(+0.083); Ljava/net/HttpURLConnection;.getResponseMessage:()Ljava/lang/String;(+0.082); Ljava/net/HttpURLConnection;.getContentLength:()I(+0.082); Ljava/lang/StringBuilder;.append:(D)Ljava/lang/StringBuilder;(+0.082); Ljava/net/HttpURLConnection;.getHeaderField:(I)Ljava/lang/String;(+0.082); Ljava/lang/StringBuilder;.append:(F)Ljava/lang/StringBuilder;(+0.082)
2017,13,631,309,322,0.5103,1,0,False,Ljava/io/File;.exists:()Z(-0.298); Ljava/io/FileOutputStream;.write:([BII)V(+0.272); Ljava/lang/StringBuilder;.append:(Ljava/lang/String;)Ljava/lang/StringBuilder;(+0.267); Ljava/io/File;.mkdir:()Z(+0.248); Ljava/io/File;.delete:()Z(+0.247); Ljava/lang/System;.loadLibrary:(Ljava/lang/String;)V(-0.235); Ljava/lang/StringBuilder;.append:(I)Ljava/lang/StringBuilder;(-0.231); Ljava/lang/StringBuilder;.append:(Ljava/lang/Object;)Ljava/lang/StringBuilder;(+0.223); Ljava/lang/String;.substring:(II)Ljava/lang/String;(-0.203); Ljava/lang/StringBuilder;.append:(J)Ljava/lang/StringBuilder;(+0.186)
2017,14,394,393,1,0.0025,1,0,False,Ljava/io/File;.mkdirs:()Z(+0.149); Landroid/webkit/WebView;.canGoBack:()Z(-0.147); Landroid/webkit/WebView;.goBack:()V(+0.144); Landroid/webkit/WebViewClient;.onPageFinished:(Landroid/webkit/WebView;Ljava/lang/String;)V(-0.141); Ljava/lang/StringBuilder;.append:(Ljava/lang/String;)Ljava/lang/StringBuilder;(+0.140); Ljava/lang/StringBuilder;.append:(I)Ljava/lang/StringBuilder;(-0.138); Ljava/lang/StringBuilder;.append:(Ljava/lang/Object;)Ljava/lang/StringBuilder;(+0.137); Ljava/lang/String;.substring:(I)Ljava/lang/String;(-0.136); Ljava/lang/String;.substring:(II)Ljava/lang/String;(-0.136); Landroid/webkit/WebViewClient;.onPageStarted:(Landroid/webkit/WebView;Ljava/lang/String;Landroid/graphics/Bitmap;)V(-0.135)
2017,15,1202,1187,15,0.0125,1,0,False,Landroid/webkit/WebViewDatabase;.clearHttpAuthUsernamePassword:()V(+0.104); Ljava/net/URL;.openConnection:()Ljava/net/URLConnection;(-0.103); Ljava/net/HttpURLConnection;.setRequestProperty:(Ljava/lang/String;Ljava/lang/String;)V(-0.103); Landroid/app/Activity;.startActivityForResult:(Landroid/content/Intent;I)V(+0.103); Landroid/content/Context;.startActivity:(Landroid/content/Intent;)V(-0.103); Ljava/lang/String;.getBytes:()[B(+0.103); Ljava/lang/StringBuilder;.append:(Ljava/lang/Object;)Ljava/lang/StringBuilder;(+0.102); Ljava/net/HttpURLConnection;.setRequestMethod:(Ljava/lang/String;)V(+0.102); Ljava/lang/String;.substring:(II)Ljava/lang/String;(-0.102); Ljava/lang/String;.valueOf:(I)Ljava/lang/String;(+0.102)
2017,16,335,318,17,0.0507,1,0,False,Landroid/os/Process;.myPid:()I(-0.105); Landroid/location/LocationManager;.isProviderEnabled:(Ljava/lang/String;)Z(+0.104); Landroid/webkit/WebView;.<init>:(Landroid/content/Context;Landroid/util/AttributeSet;I)V(+0.103); Ljava/io/File;.mkdir:()Z(+0.103); Landroid/content/Context;.sendBroadcast:(Landroid/content/Intent;)V(+0.102); Landroid/media/AudioRecord;.startRecording:()V(-0.102); Landroid/content/ContentResolver;.delete:(Landroid/net/Uri;Ljava/lang/String;[Ljava/lang/String;)I(-0.102); Landroid/media/AudioRecord;.getMinBufferSize:(III)I(+0.102); Landroid/media/AudioRecord;.stop:()V(-0.101); Landroid/media/AudioRecord;.release:()V(-0.101)
2017,17,109,76,33,0.3028,1,0,False,Ljava/net/HttpURLConnection;.getResponseMessage:()Ljava/lang/String;(+0.103); Landroid/app/NotificationManager;.notify:(ILandroid/app/Notification;)V(+0.102); Ljava/lang/Runtime;.exec:([Ljava/lang/String;)Ljava/lang/Process;(-0.102); Ljava/lang/String;.indexOf:(I)I(-0.101); Ljava/lang/StringBuffer;.append:(Z)Ljava/lang/StringBuffer;(-0.101); Ljava/net/HttpURLConnection;.getContentLength:()I(+0.100); Ljava/net/HttpURLConnection;.getResponseCode:()I(-0.099); Ljava/lang/StringBuffer;.append:(D)Ljava/lang/StringBuffer;(+0.099); Landroid/telephony/TelephonyManager;.getDeviceId:()Ljava/lang/String;(+0.099); Ljava/net/HttpURLConnection;.getHeaderField:(Ljava/lang/String;)Ljava/lang/String;(-0.099)
2017,18,538,533,5,0.0093,1,0,False,Landroid/app/Activity;.startActivityForResult:(Landroid/content/Intent;I)V(+0.187); Ljava/lang/StringBuilder;.append:(C)Ljava/lang/StringBuilder;(-0.179); Landroid/content/Context;.startActivity:(Landroid/content/Intent;)V(-0.178); Landroid/app/Activity;.startActivity:(Landroid/content/Intent;)V(+0.176); Landroid/content/ContentResolver;.openInputStream:(Landroid/net/Uri;)Ljava/io/InputStream;(-0.176); Landroid/content/Intent;.addFlags:(I)Landroid/content/Intent;(+0.176); Ljava/lang/StringBuilder;.append:(I)Ljava/lang/StringBuilder;(-0.175); Ljava/lang/StringBuilder;.append:(Ljava/lang/Object;)Ljava/lang/StringBuilder;(+0.175); Ljava/lang/StringBuilder;.append:(J)Ljava/lang/StringBuilder;(+0.175); Ljava/lang/StringBuilder;.append:(Ljava/lang/String;)Ljava/lang/StringBuilder;(+0.175)
2017,19,2690,2613,77,0.0286,1,0,False,Ljava/io/File;.mkdirs:()Z(+0.101); Ljava/net/HttpURLConnection;.addRequestProperty:(Ljava/lang/String;Ljava/lang/String;)V(-0.101); Landroid/content/Intent;.setDataAndType:(Landroid/net/Uri;Ljava/lang/String;)Landroid/content/Intent;(-0.099); Ljava/lang/String;.valueOf:(Z)Ljava/lang/String;(-0.098); Ljava/net/HttpURLConnection;.setDoInput:(Z)V(+0.096); Landroid/app/Activity;.setContentView:(Landroid/view/View;Landroid/view/ViewGroup$LayoutParams;)V(-0.096); Ljava/io/File;.exists:()Z(-0.096); Ljava/lang/String;.valueOf:(I)Ljava/lang/String;(+0.096); Landroid/content/Context;.getApplicationInfo:()Landroid/content/pm/ApplicationInfo;(+0.096); Landroid/media/MediaPlayer;.start:()V(-0.095)
2017,20,8,8,0,0.0,0,0,True,Landroid/webkit/WebView;.loadUrl:(Ljava/lang/String;)V(-0.296); Landroid/webkit/WebView;.goBack:()V(+0.284); Landroid/webkit/WebView;.canGoBack:()Z(-0.277); Landroid/webkit/WebView;.setWebChromeClient:(Landroid/webkit/WebChromeClient;)V(-0.262); Landroid/webkit/WebView;.setWebViewClient:(Landroid/webkit/WebViewClient;)V(+0.209); Landroid/webkit/WebViewClient;.<init>:()V(-0.203); Landroid/webkit/WebView;.getSettings:()Landroid/webkit/WebSettings;(+0.202); Landroid/os/Process;.myPid:()I(-0.190); Landroid/os/Process;.killProcess:(I)V(+0.183); Landroid/webkit/WebView;.clearCache:(Z)V(-0.178)
2018,0,1979,1778,201,0.1016,2,0,False,Landroid/content/Context;.getApplicationInfo:()Landroid/content/pm/ApplicationInfo;(+0.092); Ljava/lang/StringBuilder;.append:(D)Ljava/lang/StringBuilder;(+0.091); Landroid/content/Intent;.addFlags:(I)Landroid/content/Intent;(+0.091); Landroid/content/Context;.startActivity:(Landroid/content/Intent;)V(-0.090); Ljava/io/FileOutputStream;.write:([BII)V(+0.089); Ljava/lang/StringBuilder;.append:(Z)Ljava/lang/StringBuilder;(-0.089); Ljava/net/HttpURLConnection;.disconnect:()V(+0.089); Ljava/net/HttpURLConnection;.setReadTimeout:(I)V(+0.089); Landroid/webkit/WebView;.<init>:(Landroid/content/Context;)V(-0.089); Landroid/webkit/WebView;.loadUrl:(Ljava/lang/String;)V(-0.089)
2018,1,1255,1161,94,0.0749,2,0,False,Landroid/content/Intent;.setDataAndType:(Landroid/net/Uri;Ljava/lang/String;)Landroid/content/Intent;(-0.121); Ljava/net/HttpURLConnection;.disconnect:()V(+0.120); Landroid/webkit/WebView;.onResume:()V(+0.120); Landroid/webkit/WebView;.onPause:()V(-0.120); Ljava/lang/StringBuilder;.append:(Ljava/lang/String;)Ljava/lang/StringBuilder;(+0.120); Ljava/lang/StringBuilder;.append:(I)Ljava/lang/StringBuilder;(-0.119); Ljava/lang/String;.substring:(I)Ljava/lang/String;(-0.119); Ljava/net/HttpURLConnection;.getResponseCode:()I(-0.119); Ljava/net/URL;.openConnection:()Ljava/net/URLConnection;(-0.119); Ljava/lang/StringBuilder;.append:(J)Ljava/lang/StringBuilder;(+0.119)
2018,2,493,462,31,0.0629,2,0,False,Ljava/lang/StringBuilder;.append:(Ljava/lang/String;)Ljava/lang/StringBuilder;(+0.233); Ljava/lang/StringBuilder;.append:(I)Ljava/lang/StringBuilder;(-0.228); Ljava/lang/StringBuilder;.append:(Ljava/lang/Object;)Ljava/lang/StringBuilder;(+0.225); Ljava/lang/String;.substring:(I)Ljava/lang/String;(-0.219); Ljava/lang/StringBuilder;.append:(C)Ljava/lang/StringBuilder;(-0.217); Ljava/lang/StringBuilder;.append:(J)Ljava/lang/StringBuilder;(+0.213); Landroid/content/Intent;.addFlags:(I)Landroid/content/Intent;(+0.213); Ljava/io/File;.exists:()Z(-0.204); Landroid/content/Context;.startActivity:(Landroid/content/Intent;)V(-0.204); Landroid/app/Activity;.startActivityForResult:(Landroid/content/Intent;I)V(+0.202)
2018,3,1084,806,278,0.2565,2,0,False,Ljava/lang/String;.getBytes:()[B(+0.097); Ljava/lang/String;.substring:(II)Ljava/lang/String;(-0.096); Ljava/lang/String;.substring:(I)Ljava/lang/String;(-0.096); Ljava/lang/String;.getBytes:(Ljava/lang/String;)[B(-0.096); Ljava/lang/StringBuilder;.append:(J)Ljava/lang/StringBuilder;(+0.096); Ljava/lang/StringBuilder;.append:(Ljava/lang/String;)Ljava/lang/StringBuilder;(+0.096); Ljava/lang/StringBuilder;.append:(I)Ljava/lang/StringBuilder;(-0.096); Ljava/lang/String;.valueOf:(I)Ljava/lang/String;(+0.096); Ljava/lang/StringBuilder;.append:(Ljava/lang/Object;)Ljava/lang/StringBuilder;(+0.096); Ljava/lang/StringBuilder;.append:(Z)Ljava/lang/StringBuilder;(-0.095)
2018,4,686,674,12,0.0175,2,0,False,Landroid/webkit/WebView;.getSettings:()Landroid/webkit/WebSettings;(+0.147); Landroid/webkit/WebViewClient;.<init>:()V(-0.145); Landroid/webkit/WebView;.setWebViewClient:(Landroid/webkit/WebViewClient;)V(+0.144); Ljavax/crypto/Cipher;.getInstance:(Ljava/lang/String;)Ljavax/crypto/Cipher;(+0.142); Ljavax/crypto/Cipher;.doFinal:([B)[B(+0.142); Ljava/net/HttpURLConnection;.setInstanceFollowRedirects:(Z)V(-0.141); Landroid/webkit/WebView;.destroy:()V(+0.141); Ljava/lang/StringBuilder;.append:(Ljava/lang/String;)Ljava/lang/StringBuilder;(+0.139); Ljava/net/HttpURLConnection;.getHeaderField:(Ljava/lang/String;)Ljava/lang/String;(-0.139); Ljava/lang/StringBuilder;.append:(I)Ljava/lang/StringBuilder;(-0.139)
2018,5,756,626,130,0.172,2,0,False,Landroid/webkit/WebViewClient;.onReceivedError:(Landroid/webkit/WebView;ILjava/lang/String;Ljava/lang/String;)V(+0.099); Landroid/webkit/WebView;.destroy:()V(+0.098); Ljava/lang/StringBuilder;.append:(F)Ljava/lang/StringBuilder;(+0.097); Landroid/net/NetworkInfo;.isConnected:()Z(-0.096); Landroid/webkit/WebView;.<init>:(Landroid/content/Context;)V(-0.096); Landroid/webkit/WebView;.loadUrl:(Ljava/lang/String;)V(-0.096); Ljava/lang/StringBuilder;.append:(D)Ljava/lang/StringBuilder;(+0.095); Ljava/io/FileOutputStream;.write:([BII)V(+0.095); Ljava/net/HttpURLConnection;.getResponseCode:()I(-0.094); Landroid/content/Context;.getApplicationInfo:()Landroid/content/pm/ApplicationInfo;(+0.094)
2018,6,1773,1673,100,0.0564,2,0,False,Ljava/net/HttpURLConnection;.setRequestProperty:(Ljava/lang/String;Ljava/lang/String;)V(-0.106); Landroid/webkit/WebViewDatabase;.clearHttpAuthUsernamePassword:()V(+0.106); Ljava/net/HttpURLConnection;.disconnect:()V(+0.106); Landroid/net/ConnectivityManager;.getActiveNetworkInfo:()Landroid/net/NetworkInfo;(+0.106); Landroid/webkit/WebView;.onTouchEvent:(Landroid/view/MotionEvent;)Z(+0.105); Landroid/os/Handler;.obtainMessage:(ILjava/lang/Object;)Landroid/os/Message;(+0.105); Ljava/net/HttpURLConnection;.getResponseCode:()I(-0.105); Ljava/lang/String;.getBytes:()[B(+0.105); Landroid/content/Intent;.addFlags:(I)Landroid/content/Intent;(+0.105); Landroid/content/Context;.startActivity:(Landroid/content/Intent;)V(-0.105)
2018,7,549,506,43,0.0783,2,0,False,Ljava/net/HttpURLConnection;.setDoInput:(Z)V(+0.111); Ljava/net/HttpURLConnection;.setRequestMethod:(Ljava/lang/String;)V(+0.109); Ljava/lang/StringBuilder;.append:(Ljava/lang/Object;)Ljava/lang/StringBuilder;(+0.106); Ljava/lang/StringBuilder;.append:(J)Ljava/lang/StringBuilder;(+0.106); Ljava/lang/StringBuilder;.append:(Z)Ljava/lang/StringBuilder;(-0.106); Landroid/app/Activity;.startActivity:(Landroid/content/Intent;)V(+0.105); Ljava/lang/StringBuilder;.append:(I)Ljava/lang/StringBuilder;(-0.105); Landroid/webkit/WebView;.canGoBack:()Z(-0.105); Ljava/lang/StringBuilder;.append:(Ljava/lang/String;)Ljava/lang/StringBuilder;(+0.105); Ljava/lang/String;.substring:(II)Ljava/lang/String;(-0.105)
2018,8,380,319,61,0.1605,2,0,False,Landroid/os/Process;.killProcess:(I)V(+0.179); Ljava/lang/StringBuilder;.append:(Ljava/lang/String;)Ljava/lang/StringBuilder;(+0.168); Ljava/lang/StringBuilder;.append:(I)Ljava/lang/StringBuilder;(-0.164); Landroid/media/AudioRecord;.startRecording:()V(-0.163); Landroid/media/AudioRecord;.getMinBufferSize:(III)I(+0.163); Landroid/media/AudioRecord;.stop:()V(-0.162); Landroid/media/AudioRecord;.release:()V(-0.162); Ljava/lang/StringBuilder;.append:(Ljava/lang/Object;)Ljava/lang/StringBuilder;(+0.162); Landroid/os/Process;.myPid:()I(-0.161); Ljava/lang/System;.loadLibrary:(Ljava/lang/String;)V(-0.160)
2018,9,637,496,141,0.2214,2,0,False,Landroid/webkit/WebView;.loadUrl:(Ljava/lang/String;)V(-0.219); Landroid/webkit/WebView;.setWebViewClient:(Landroid/webkit/WebViewClient;)V(+0.197); Landroid/webkit/WebViewClient;.<init>:()V(-0.194); Landroid/webkit/WebView;.getSettings:()Landroid/webkit/WebSettings;(+0.190); Ljava/lang/StringBuilder;.append:(Ljava/lang/String;)Ljava/lang/StringBuilder;(+0.160); Landroid/webkit/WebView;.setWebChromeClient:(Landroid/webkit/WebChromeClient;)V(-0.158); Ljava/lang/StringBuilder;.append:(I)Ljava/lang/StringBuilder;(-0.155); Ljava/lang/StringBuilder;.append:(Ljava/lang/Object;)Ljava/lang/StringBuilder;(+0.149); Landroid/webkit/WebView;.goBack:()V(+0.148); Ljava/lang/String;.substring:(I)Ljava/lang/String;(-0.146)
2018,10,161,161,0,0.0,0,0,False,Ljava/lang/String;.valueOf:(C)Ljava/lang/String;(-0.085); Ljava/net/HttpURLConnection;.getRequestProperty:(Ljava/lang/String;)Ljava/lang/String;(-0.084); Landroid/app/ActivityManager;.getRunningTasks:(I)Ljava/util/List;(-0.084); Landroid/net/wifi/WifiManager;.getConnectionInfo:()Landroid/net/wifi/WifiInfo;(+0.084); Landroid/net/NetworkInfo;.isConnectedOrConnecting:()Z(+0.083); Ljava/lang/String;.valueOf:(J)Ljava/lang/String;(-0.083); Ljava/net/HttpURLConnection;.setFixedLengthStreamingMode:(I)V(+0.082); Landroid/webkit/WebView;.getParent:()Landroid/view/ViewParent;(-0.082); Landroid/webkit/WebView;.getUrl:()Ljava/lang/String;(-0.082); Ljava/lang/StringBuffer;.append:(Ljava/lang/StringBuffer;)Ljava/lang/StringBuffer;(-0.082)
2018,11,1967,1699,268,0.1362,2,0,False,Ljava/lang/StringBuilder;.append:(Ljava/lang/String;)Ljava/lang/StringBuilder;(+0.153); Ljava/lang/StringBuilder;.append:(I)Ljava/lang/StringBuilder;(-0.151); Ljava/lang/StringBuilder;.append:(Ljava/lang/Object;)Ljava/lang/StringBuilder;(+0.149); Ljava/lang/String;.substring:(II)Ljava/lang/String;(-0.148); Ljava/lang/String;.substring:(I)Ljava/lang/String;(-0.147); Ljava/io/File;.exists:()Z(-0.146); Ljava/lang/StringBuilder;.append:(J)Ljava/lang/StringBuilder;(+0.144); Ljava/lang/String;.valueOf:(I)Ljava/lang/String;(+0.144); Ljava/lang/StringBuilder;.append:(C)Ljava/lang/StringBuilder;(-0.142); Ljava/io/File;.delete:()Z(+0.141)
2018,12,727,716,11,0.0151,2,0,False,Ljava/net/HttpURLConnection;.setDefaultUseCaches:(Z)V(+0.086); Ljava/net/HttpURLConnection;.getHeaderFieldInt:(Ljava/lang/String;I)I(-0.085); Ljava/net/HttpURLConnection;.getContentType:()Ljava/lang/String;(+0.084); Ljava/net/HttpURLConnection;.setFixedLengthStreamingMode:(I)V(+0.083); Ljava/lang/StringBuilder;.append:(D)Ljava/lang/StringBuilder;(+0.083); Ljava/net/HttpURLConnection;.getResponseMessage:()Ljava/lang/String;(+0.082); Ljava/net/HttpURLConnection;.getRequestMethod:()Ljava/lang/String;(+0.082); Ljava/lang/StringBuilder;.append:(F)Ljava/lang/StringBuilder;(+0.082); Ljava/net/HttpURLConnection;.getHeaderField:(Ljava/lang/String;)Ljava/lang/String;(-0.082); Landroid/content/Context;.getApplicationInfo:()Landroid/content/pm/ApplicationInfo;(+0.082)
2018,13,813,359,454,0.5584,2,0,False,Ljava/io/File;.exists:()Z(-0.302); Ljava/io/FileOutputStream;.write:([BII)V(+0.289); Ljava/io/File;.mkdir:()Z(+0.269); Ljava/lang/StringBuilder;.append:(Ljava/lang/String;)Ljava/lang/StringBuilder;(+0.261); Ljava/lang/System;.loadLibrary:(Ljava/lang/String;)V(-0.253); Ljava/io/File;.delete:()Z(+0.246); Ljava/lang/StringBuilder;.append:(I)Ljava/lang/StringBuilder;(-0.224); Ljava/lang/StringBuilder;.append:(Ljava/lang/Object;)Ljava/lang/StringBuilder;(+0.216); Ljava/lang/String;.substring:(II)Ljava/lang/String;(-0.195); Ljava/lang/StringBuilder;.append:(J)Ljava/lang/StringBuilder;(+0.178)
2018,14,418,417,1,0.0024,2,0,False,Landroid/webkit/WebView;.canGoBack:()Z(-0.151); Ljava/io/File;.mkdirs:()Z(+0.151); Landroid/webkit/WebView;.goBack:()V(+0.147); Landroid/webkit/WebViewClient;.onPageFinished:(Landroid/webkit/WebView;Ljava/lang/String;)V(-0.143); Ljava/lang/StringBuilder;.append:(Ljava/lang/String;)Ljava/lang/StringBuilder;(+0.142); Ljava/lang/StringBuilder;.append:(I)Ljava/lang/StringBuilder;(-0.140); Ljava/lang/StringBuilder;.append:(Ljava/lang/Object;)Ljava/lang/StringBuilder;(+0.139); Landroid/webkit/WebViewClient;.onPageStarted:(Landroid/webkit/WebView;Ljava/lang/String;Landroid/graphics/Bitmap;)V(-0.139); Ljava/lang/String;.substring:(I)Ljava/lang/String;(-0.138); Ljava/lang/String;.substring:(II)Ljava/lang/String;(-0.138)
2018,15,1346,1328,18,0.0134,2,0,False,Landroid/webkit/WebViewDatabase;.clearHttpAuthUsernamePassword:()V(+0.104); Ljava/net/URL;.openConnection:()Ljava/net/URLConnection;(-0.104); Ljava/net/HttpURLConnection;.setRequestMethod:(Ljava/lang/String;)V(+0.103); Ljava/net/HttpURLConnection;.setRequestProperty:(Ljava/lang/String;Ljava/lang/String;)V(-0.103); Ljava/lang/String;.valueOf:(I)Ljava/lang/String;(+0.103); Ljava/lang/String;.getBytes:()[B(+0.103); Landroid/app/Activity;.startActivityForResult:(Landroid/content/Intent;I)V(+0.103); Landroid/content/Context;.startActivity:(Landroid/content/Intent;)V(-0.103); Ljava/lang/StringBuilder;.append:(Ljava/lang/Object;)Ljava/lang/StringBuilder;(+0.102); Ljava/lang/String;.substring:(II)Ljava/lang/String;(-0.102)
2018,16,430,411,19,0.0442,2,0,False,Ljava/io/File;.mkdir:()Z(+0.105); Landroid/os/Process;.myPid:()I(-0.105); Landroid/os/PowerManager$WakeLock;.release:()V(+0.104); Landroid/content/Context;.sendBroadcast:(Landroid/content/Intent;)V(+0.103); Landroid/location/LocationManager;.isProviderEnabled:(Ljava/lang/String;)Z(+0.103); Ljava/lang/StringBuffer;.append:(C)Ljava/lang/StringBuffer;(-0.102); Landroid/webkit/WebView;.<init>:(Landroid/content/Context;Landroid/util/AttributeSet;I)V(+0.102); Landroid/net/NetworkInfo;.isConnected:()Z(-0.102); Ljava/lang/String;.indexOf:(II)I(+0.101); Landroid/location/LocationManager;.getLastKnownLocation:(Ljava/lang/String;)Landroid/location/Location;(-0.101)
2018,17,134,93,41,0.306,2,0,False,Landroid/app/NotificationManager;.notify:(ILandroid/app/Notification;)V(+0.105); Landroid/content/ContentResolver;.openInputStream:(Landroid/net/Uri;)Ljava/io/InputStream;(-0.101); Ljava/net/HttpURLConnection;.getContentLength:()I(+0.101); Ljava/net/HttpURLConnection;.getResponseCode:()I(-0.101); Ljava/net/HttpURLConnection;.getResponseMessage:()Ljava/lang/String;(+0.100); Ljava/lang/String;.indexOf:(I)I(-0.100); Ljava/net/HttpURLConnection;.getHeaderFields:()Ljava/util/Map;(+0.100); Landroid/app/NotificationManager;.notify:(Ljava/lang/String;ILandroid/app/Notification;)V(+0.099); Ljava/lang/Runtime;.exec:([Ljava/lang/String;)Ljava/lang/Process;(-0.099); Ljava/lang/StringBuffer;.append:(Z)Ljava/lang/StringBuffer;(-0.099)
2018,18,625,620,5,0.008,2,0,False,Landroid/app/Activity;.startActivityForResult:(Landroid/content/Intent;I)V(+0.185); Ljava/lang/StringBuilder;.append:(C)Ljava/lang/StringBuilder;(-0.177); Landroid/content/Context;.startActivity:(Landroid/content/Intent;)V(-0.176); Landroid/content/ContentResolver;.openInputStream:(Landroid/net/Uri;)Ljava/io/InputStream;(-0.176); Ljava/lang/StringBuilder;.append:(Ljava/lang/Object;)Ljava/lang/StringBuilder;(+0.175); Ljava/lang/StringBuilder;.append:(I)Ljava/lang/StringBuilder;(-0.175); Landroid/app/Activity;.startActivity:(Landroid/content/Intent;)V(+0.175); Ljava/lang/StringBuilder;.append:(Ljava/lang/String;)Ljava/lang/StringBuilder;(+0.174); Ljava/lang/StringBuilder;.append:(J)Ljava/lang/StringBuilder;(+0.174); Landroid/content/Intent;.addFlags:(I)Landroid/content/Intent;(+0.174)
2018,19,3771,3680,91,0.0241,2,0,False,Ljava/net/HttpURLConnection;.addRequestProperty:(Ljava/lang/String;Ljava/lang/String;)V(-0.102); Ljava/io/File;.mkdirs:()Z(+0.102); Ljava/lang/String;.valueOf:(Z)Ljava/lang/String;(-0.102); Landroid/content/Intent;.setDataAndType:(Landroid/net/Uri;Ljava/lang/String;)Landroid/content/Intent;(-0.099); Ljava/io/File;.exists:()Z(-0.097); Ljava/lang/String;.valueOf:(I)Ljava/lang/String;(+0.097); Landroid/media/MediaPlayer;.start:()V(-0.097); Landroid/content/Context;.getApplicationInfo:()Landroid/content/pm/ApplicationInfo;(+0.096); Landroid/app/Activity;.setContentView:(Landroid/view/View;Landroid/view/ViewGroup$LayoutParams;)V(-0.096); Ljava/net/HttpURLConnection;.setDoInput:(Z)V(+0.096)
2018,20,14,10,4,0.2857,1,0,False,Landroid/webkit/WebView;.loadUrl:(Ljava/lang/String;)V(-0.340); Landroid/webkit/WebView;.goBack:()V(+0.297); Landroid/webkit/WebView;.setWebChromeClient:(Landroid/webkit/WebChromeClient;)V(-0.293); Landroid/webkit/WebView;.canGoBack:()Z(-0.292); Landroid/webkit/WebView;.setWebViewClient:(Landroid/webkit/WebViewClient;)V(+0.254); Landroid/webkit/WebViewClient;.<init>:()V(-0.239); Landroid/webkit/WebView;.getSettings:()Landroid/webkit/WebSettings;(+0.239); Landroid/webkit/WebView;.clearCache:(Z)V(-0.148); Landroid/webkit/WebView;.addJavascriptInterface:(Ljava/lang/Object;Ljava/lang/String;)V(-0.142); Landroid/os/Process;.myPid:()I(-0.141)
2018,21,5,5,0,0.0,0,1,True,Ljava/util/Timer;.schedule:(Ljava/util/TimerTask;J)V(-0.293); Landroid/os/Process;.myPid:()I(-0.241); Ljava/util/Timer;.cancel:()V(-0.230); Landroid/net/NetworkInfo;.isConnected:()Z(-0.225); Landroid/os/Process;.killProcess:(I)V(+0.223); Ljava/io/FileOutputStream;.write:([B)V(+0.212); Landroid/webkit/WebView;.canGoForward:()Z(-0.189); Landroid/net/NetworkInfo;.isConnectedOrConnecting:()Z(+0.169); Landroid/content/Context;.sendBroadcast:(Landroid/content/Intent;)V(+0.163); Landroid/webkit/WebViewClient;.<init>:()V(-0.151)
2019,0,2595,2392,203,0.0782,3,0,False,Ljava/lang/StringBuilder;.append:(D)Ljava/lang/StringBuilder;(+0.091); Landroid/content/Context;.getApplicationInfo:()Landroid/content/pm/ApplicationInfo;(+0.091); Ljava/net/HttpURLConnection;.disconnect:()V(+0.090); Landroid/content/Intent;.addFlags:(I)Landroid/content/Intent;(+0.090); Ljava/net/HttpURLConnection;.setReadTimeout:(I)V(+0.089); Landroid/content/Context;.startActivity:(Landroid/content/Intent;)V(-0.089); Ljava/net/HttpURLConnection;.getHeaderField:(Ljava/lang/String;)Ljava/lang/String;(-0.089); Landroid/content/Intent;.setDataAndType:(Landroid/net/Uri;Ljava/lang/String;)Landroid/content/Intent;(-0.089); Ljava/net/HttpURLConnection;.setInstanceFollowRedirects:(Z)V(-0.088); Ljava/net/HttpURLConnection;.setConnectTimeout:(I)V(-0.088)
2019,1,1284,1186,98,0.0763,3,0,False,Landroid/content/Intent;.setDataAndType:(Landroid/net/Uri;Ljava/lang/String;)Landroid/content/Intent;(-0.121); Ljava/net/HttpURLConnection;.disconnect:()V(+0.120); Landroid/webkit/WebView;.onResume:()V(+0.120); Landroid/webkit/WebView;.onPause:()V(-0.120); Ljava/lang/StringBuilder;.append:(Ljava/lang/String;)Ljava/lang/StringBuilder;(+0.120); Ljava/lang/StringBuilder;.append:(I)Ljava/lang/StringBuilder;(-0.120); Ljava/lang/String;.substring:(I)Ljava/lang/String;(-0.119); Ljava/net/HttpURLConnection;.getResponseCode:()I(-0.119); Ljava/lang/StringBuilder;.append:(J)Ljava/lang/StringBuilder;(+0.119); Ljava/net/URL;.openConnection:()Ljava/net/URLConnection;(-0.119)
2019,2,512,481,31,0.0605,3,0,False,Ljava/lang/StringBuilder;.append:(Ljava/lang/String;)Ljava/lang/StringBuilder;(+0.233); Ljava/lang/StringBuilder;.append:(I)Ljava/lang/StringBuilder;(-0.229); Ljava/lang/StringBuilder;.append:(Ljava/lang/Object;)Ljava/lang/StringBuilder;(+0.225); Ljava/lang/String;.substring:(I)Ljava/lang/String;(-0.220); Ljava/lang/StringBuilder;.append:(C)Ljava/lang/StringBuilder;(-0.218); Ljava/lang/StringBuilder;.append:(J)Ljava/lang/StringBuilder;(+0.214); Landroid/content/Intent;.addFlags:(I)Landroid/content/Intent;(+0.213); Ljava/io/File;.exists:()Z(-0.205); Landroid/content/Context;.startActivity:(Landroid/content/Intent;)V(-0.204); Landroid/app/Activity;.startActivityForResult:(Landroid/content/Intent;I)V(+0.202)
2019,3,1278,987,291,0.2277,3,0,False,Ljava/lang/String;.getBytes:()[B(+0.096); Ljava/lang/String;.substring:(I)Ljava/lang/String;(-0.096); Ljava/lang/String;.substring:(II)Ljava/lang/String;(-0.095); Ljava/lang/StringBuilder;.append:(J)Ljava/lang/StringBuilder;(+0.095); Ljava/lang/String;.getBytes:(Ljava/lang/String;)[B(-0.095); Ljava/lang/String;.valueOf:(I)Ljava/lang/String;(+0.095); Ljava/lang/StringBuilder;.append:(I)Ljava/lang/StringBuilder;(-0.095); Ljava/lang/StringBuilder;.append:(Z)Ljava/lang/StringBuilder;(-0.095); Ljava/lang/StringBuilder;.append:(Ljava/lang/String;)Ljava/lang/StringBuilder;(+0.095); Ljava/lang/StringBuilder;.append:(Ljava/lang/Object;)Ljava/lang/StringBuilder;(+0.095)
2019,4,694,682,12,0.0173,3,0,False,Landroid/webkit/WebView;.getSettings:()Landroid/webkit/WebSettings;(+0.147); Landroid/webkit/WebViewClient;.<init>:()V(-0.145); Landroid/webkit/WebView;.setWebViewClient:(Landroid/webkit/WebViewClient;)V(+0.144); Ljavax/crypto/Cipher;.getInstance:(Ljava/lang/String;)Ljavax/crypto/Cipher;(+0.142); Ljavax/crypto/Cipher;.doFinal:([B)[B(+0.142); Ljava/net/HttpURLConnection;.setInstanceFollowRedirects:(Z)V(-0.141); Landroid/webkit/WebView;.destroy:()V(+0.141); Ljava/lang/StringBuilder;.append:(Ljava/lang/String;)Ljava/lang/StringBuilder;(+0.139); Ljava/net/HttpURLConnection;.getHeaderField:(Ljava/lang/String;)Ljava/lang/String;(-0.139); Ljava/lang/StringBuilder;.append:(I)Ljava/lang/StringBuilder;(-0.139)
2019,5,808,678,130,0.1609,3,0,False,Landroid/webkit/WebViewClient;.onReceivedError:(Landroid/webkit/WebView;ILjava/lang/String;Ljava/lang/String;)V(+0.099); Landroid/webkit/WebView;.destroy:()V(+0.098); Ljava/lang/StringBuilder;.append:(F)Ljava/lang/StringBuilder;(+0.097); Landroid/net/NetworkInfo;.isConnected:()Z(-0.096); Landroid/webkit/WebView;.loadUrl:(Ljava/lang/String;)V(-0.096); Landroid/webkit/WebView;.<init>:(Landroid/content/Context;)V(-0.096); Ljava/lang/StringBuilder;.append:(D)Ljava/lang/StringBuilder;(+0.095); Landroid/content/Context;.getApplicationInfo:()Landroid/content/pm/ApplicationInfo;(+0.095); Ljava/io/FileOutputStream;.write:([BII)V(+0.094); Ljava/net/HttpURLConnection;.setRequestMethod:(Ljava/lang/String;)V(+0.094)
2019,6,1876,1770,106,0.0565,3,0,False,Ljava/net/HttpURLConnection;.setRequestProperty:(Ljava/lang/String;Ljava/lang/String;)V(-0.107); Landroid/webkit/WebViewDatabase;.clearHttpAuthUsernamePassword:()V(+0.106); Ljava/net/HttpURLConnection;.disconnect:()V(+0.106); Landroid/net/ConnectivityManager;.getActiveNetworkInfo:()Landroid/net/NetworkInfo;(+0.106); Landroid/webkit/WebView;.onTouchEvent:(Landroid/view/MotionEvent;)Z(+0.106); Landroid/content/Intent;.addFlags:(I)Landroid/content/Intent;(+0.106); Landroid/content/Context;.startActivity:(Landroid/content/Intent;)V(-0.106); Ljava/net/HttpURLConnection;.getResponseCode:()I(-0.106); Ljava/lang/String;.getBytes:()[B(+0.105); Ljava/net/HttpURLConnection;.connect:()V(+0.105)
2019,7,576,533,43,0.0747,3,0,False,Ljava/net/HttpURLConnection;.setDoInput:(Z)V(+0.111); Ljava/net/HttpURLConnection;.setRequestMethod:(Ljava/lang/String;)V(+0.110); Ljava/lang/StringBuilder;.append:(Ljava/lang/Object;)Ljava/lang/StringBuilder;(+0.107); Ljava/lang/StringBuilder;.append:(J)Ljava/lang/StringBuilder;(+0.106); Landroid/webkit/WebView;.canGoBack:()Z(-0.106); Ljava/lang/StringBuilder;.append:(I)Ljava/lang/StringBuilder;(-0.106); Ljava/lang/StringBuilder;.append:(Z)Ljava/lang/StringBuilder;(-0.106); Ljava/lang/StringBuilder;.append:(Ljava/lang/String;)Ljava/lang/StringBuilder;(+0.106); Ljava/lang/String;.substring:(II)Ljava/lang/String;(-0.106); Landroid/app/Activity;.startActivity:(Landroid/content/Intent;)V(+0.106)
2019,8,413,352,61,0.1477,3,0,False,Landroid/os/Process;.killProcess:(I)V(+0.179); Ljava/lang/StringBuilder;.append:(Ljava/lang/String;)Ljava/lang/StringBuilder;(+0.169); Ljava/lang/StringBuilder;.append:(I)Ljava/lang/StringBuilder;(-0.164); Landroid/media/AudioRecord;.startRecording:()V(-0.164); Landroid/media/AudioRecord;.getMinBufferSize:(III)I(+0.163); Landroid/media/AudioRecord;.stop:()V(-0.163); Landroid/media/AudioRecord;.release:()V(-0.162); Ljava/lang/StringBuilder;.append:(Ljava/lang/Object;)Ljava/lang/StringBuilder;(+0.162); Landroid/os/Process;.myPid:()I(-0.161); Ljava/lang/System;.loadLibrary:(Ljava/lang/String;)V(-0.160)
2019,9,658,517,141,0.2143,3,0,False,Landroid/webkit/WebView;.loadUrl:(Ljava/lang/String;)V(-0.218); Landroid/webkit/WebView;.setWebViewClient:(Landroid/webkit/WebViewClient;)V(+0.196); Landroid/webkit/WebViewClient;.<init>:()V(-0.192); Landroid/webkit/WebView;.getSettings:()Landroid/webkit/WebSettings;(+0.189); Ljava/lang/StringBuilder;.append:(Ljava/lang/String;)Ljava/lang/StringBuilder;(+0.161); Landroid/webkit/WebView;.setWebChromeClient:(Landroid/webkit/WebChromeClient;)V(-0.157); Ljava/lang/StringBuilder;.append:(I)Ljava/lang/StringBuilder;(-0.156); Ljava/lang/StringBuilder;.append:(Ljava/lang/Object;)Ljava/lang/StringBuilder;(+0.150); Landroid/webkit/WebView;.goBack:()V(+0.148); Ljava/lang/String;.substring:(I)Ljava/lang/String;(-0.146)
2019,10,163,163,0,0.0,1,0,False,Ljava/lang/String;.valueOf:(C)Ljava/lang/String;(-0.085); Ljava/net/HttpURLConnection;.getRequestProperty:(Ljava/lang/String;)Ljava/lang/String;(-0.084); Landroid/app/ActivityManager;.getRunningTasks:(I)Ljava/util/List;(-0.084); Landroid/net/wifi/WifiManager;.getConnectionInfo:()Landroid/net/wifi/WifiInfo;(+0.084); Landroid/net/NetworkInfo;.isConnectedOrConnecting:()Z(+0.083); Ljava/lang/String;.valueOf:(J)Ljava/lang/String;(-0.083); Ljava/net/HttpURLConnection;.setFixedLengthStreamingMode:(I)V(+0.082); Landroid/webkit/WebView;.getParent:()Landroid/view/ViewParent;(-0.082); Landroid/webkit/WebView;.getUrl:()Ljava/lang/String;(-0.082); Ljava/lang/StringBuffer;.append:(Ljava/lang/StringBuffer;)Ljava/lang/StringBuffer;(-0.082)
2019,11,2396,2088,308,0.1285,3,0,False,Ljava/lang/StringBuilder;.append:(Ljava/lang/String;)Ljava/lang/StringBuilder;(+0.154); Ljava/lang/StringBuilder;.append:(I)Ljava/lang/StringBuilder;(-0.151); Ljava/lang/StringBuilder;.append:(Ljava/lang/Object;)Ljava/lang/StringBuilder;(+0.150); Ljava/lang/String;.substring:(II)Ljava/lang/String;(-0.148); Ljava/lang/String;.substring:(I)Ljava/lang/String;(-0.147); Ljava/io/File;.exists:()Z(-0.146); Ljava/lang/String;.valueOf:(I)Ljava/lang/String;(+0.144); Ljava/lang/StringBuilder;.append:(J)Ljava/lang/StringBuilder;(+0.144); Ljava/io/File;.delete:()Z(+0.141); Ljava/lang/StringBuilder;.append:(C)Ljava/lang/StringBuilder;(-0.141)
2019,12,912,899,13,0.0143,3,0,False,Ljava/net/HttpURLConnection;.setDefaultUseCaches:(Z)V(+0.086); Ljava/net/HttpURLConnection;.getContentType:()Ljava/lang/String;(+0.085); Ljava/lang/StringBuilder;.append:(D)Ljava/lang/StringBuilder;(+0.084); Ljava/net/HttpURLConnection;.getHeaderFieldInt:(Ljava/lang/String;I)I(-0.083); Ljava/lang/StringBuilder;.append:(F)Ljava/lang/StringBuilder;(+0.083); Landroid/content/Context;.getApplicationInfo:()Landroid/content/pm/ApplicationInfo;(+0.082); Ljava/net/HttpURLConnection;.getResponseMessage:()Ljava/lang/String;(+0.082); Ljava/net/HttpURLConnection;.getHeaderField:(Ljava/lang/String;)Ljava/lang/String;(-0.082); Ljava/net/HttpURLConnection;.setFixedLengthStreamingMode:(I)V(+0.082); Ljava/net/HttpURLConnection;.disconnect:()V(+0.082)
2019,13,1103,411,692,0.6274,3,0,False,Ljava/io/File;.exists:()Z(-0.305); Ljava/io/FileOutputStream;.write:([BII)V(+0.299); Ljava/io/File;.mkdir:()Z(+0.287); Ljava/lang/System;.loadLibrary:(Ljava/lang/String;)V(-0.270); Ljava/lang/StringBuilder;.append:(Ljava/lang/String;)Ljava/lang/StringBuilder;(+0.256); Ljava/io/File;.delete:()Z(+0.245); Ljava/lang/StringBuilder;.append:(I)Ljava/lang/StringBuilder;(-0.218); Ljava/lang/StringBuilder;.append:(Ljava/lang/Object;)Ljava/lang/StringBuilder;(+0.210); Ljava/lang/String;.substring:(II)Ljava/lang/String;(-0.188); Ljava/io/File;.mkdirs:()Z(+0.174)
2019,14,436,435,1,0.0023,3,0,False,Landroid/webkit/WebView;.canGoBack:()Z(-0.153); Ljava/io/File;.mkdirs:()Z(+0.152); Landroid/webkit/WebView;.goBack:()V(+0.148); Landroid/webkit/WebViewClient;.onPageFinished:(Landroid/webkit/WebView;Ljava/lang/String;)V(-0.145); Ljava/lang/StringBuilder;.append:(Ljava/lang/String;)Ljava/lang/StringBuilder;(+0.143); Ljava/lang/StringBuilder;.append:(I)Ljava/lang/StringBuilder;(-0.141); Landroid/webkit/WebViewClient;.onPageStarted:(Landroid/webkit/WebView;Ljava/lang/String;Landroid/graphics/Bitmap;)V(-0.141); Ljava/lang/StringBuilder;.append:(Ljava/lang/Object;)Ljava/lang/StringBuilder;(+0.140); Ljava/lang/String;.substring:(I)Ljava/lang/String;(-0.139); Ljava/lang/String;.substring:(II)Ljava/lang/String;(-0.139)
2019,15,1452,1434,18,0.0124,3,0,False,Landroid/webkit/WebViewDatabase;.clearHttpAuthUsernamePassword:()V(+0.104); Ljava/net/URL;.openConnection:()Ljava/net/URLConnection;(-0.104); Ljava/net/HttpURLConnection;.setRequestMethod:(Ljava/lang/String;)V(+0.103); Ljava/lang/String;.valueOf:(I)Ljava/lang/String;(+0.103); Landroid/content/Context;.getApplicationInfo:()Landroid/content/pm/ApplicationInfo;(+0.102); Ljava/net/HttpURLConnection;.setRequestProperty:(Ljava/lang/String;Ljava/lang/String;)V(-0.102); Ljava/lang/StringBuilder;.append:(Ljava/lang/Object;)Ljava/lang/StringBuilder;(+0.102); Landroid/content/Context;.startActivity:(Landroid/content/Intent;)V(-0.102); Ljava/lang/String;.getBytes:()[B(+0.102); Ljava/lang/String;.substring:(II)Ljava/lang/String;(-0.102)
2019,16,545,526,19,0.0349,3,0,False,Ljava/io/File;.mkdir:()Z(+0.106); Landroid/os/PowerManager$WakeLock;.release:()V(+0.104); Landroid/os/Process;.myPid:()I(-0.104); Landroid/content/Context;.sendBroadcast:(Landroid/content/Intent;)V(+0.104); Landroid/net/NetworkInfo;.isConnected:()Z(-0.103); Ljava/lang/String;.indexOf:(II)I(+0.102); Ljava/io/File;.mkdirs:()Z(+0.102); Ljava/lang/StringBuffer;.append:(C)Ljava/lang/StringBuffer;(-0.102); Landroid/content/ContentResolver;.insert:(Landroid/net/Uri;Landroid/content/ContentValues;)Landroid/net/Uri;(-0.101); Landroid/content/Context;.startService:(Landroid/content/Intent;)Landroid/content/ComponentName;(+0.101)
2019,17,340,298,42,0.1235,3,0,False,Landroid/app/NotificationManager;.notify:(ILandroid/app/Notification;)V(+0.113); Landroid/net/ConnectivityManager;.getNetworkInfo:(I)Landroid/net/NetworkInfo;(-0.109); Landroid/content/ContentResolver;.openInputStream:(Landroid/net/Uri;)Ljava/io/InputStream;(-0.107); Landroid/app/NotificationManager;.notify:(Ljava/lang/String;ILandroid/app/Notification;)V(+0.106); Landroid/net/NetworkInfo;.isConnected:()Z(-0.102); Landroid/content/Context;.startActivity:(Landroid/content/Intent;)V(-0.101); Ljava/net/HttpURLConnection;.getResponseCode:()I(-0.101); Landroid/content/ContentResolver;.insert:(Landroid/net/Uri;Landroid/content/ContentValues;)Landroid/net/Uri;(-0.100); Ljava/lang/StringBuffer;.append:(I)Ljava/lang/StringBuffer;(+0.100); Ljava/lang/StringBuilder;.append:([CII)Ljava/lang/StringBuilder;(+0.100)
2019,18,772,767,5,0.0065,3,0,False,Landroid/app/Activity;.startActivityForResult:(Landroid/content/Intent;I)V(+0.181); Ljava/lang/StringBuilder;.append:(C)Ljava/lang/StringBuilder;(-0.175); Landroid/content/ContentResolver;.openInputStream:(Landroid/net/Uri;)Ljava/io/InputStream;(-0.175); Ljava/lang/StringBuilder;.append:(Ljava/lang/String;)Ljava/lang/StringBuilder;(+0.174); Ljava/lang/StringBuilder;.append:(Ljava/lang/Object;)Ljava/lang/StringBuilder;(+0.174); Ljava/lang/StringBuilder;.append:(I)Ljava/lang/StringBuilder;(-0.174); Ljava/io/File;.exists:()Z(-0.174); Ljava/lang/StringBuilder;.append:(J)Ljava/lang/StringBuilder;(+0.173); Landroid/content/Context;.startActivity:(Landroid/content/Intent;)V(-0.172); Ljava/lang/String;.substring:(I)Ljava/lang/String;(-0.172)
2019,19,4463,4370,93,0.0208,3,0,False,Ljava/io/File;.mkdirs:()Z(+0.104); Ljava/lang/String;.valueOf:(Z)Ljava/lang/String;(-0.103); Ljava/net/HttpURLConnection;.addRequestProperty:(Ljava/lang/String;Ljava/lang/String;)V(-0.103); Landroid/content/Intent;.setDataAndType:(Landroid/net/Uri;Ljava/lang/String;)Landroid/content/Intent;(-0.100); Ljava/lang/String;.valueOf:(I)Ljava/lang/String;(+0.098); Ljava/io/File;.exists:()Z(-0.098); Landroid/media/MediaPlayer;.start:()V(-0.097); Landroid/content/Context;.getApplicationInfo:()Landroid/content/pm/ApplicationInfo;(+0.097); Ljava/lang/StringBuilder;.append:(Ljava/lang/CharSequence;)Ljava/lang/StringBuilder;(-0.097); Landroid/app/Activity;.setContentView:(Landroid/view/View;Landroid/view/ViewGroup$LayoutParams;)V(-0.096)
2019,20,24,17,7,0.2917,2,0,False,Landroid/webkit/WebView;.loadUrl:(Ljava/lang/String;)V(-0.351); Landroid/webkit/WebView;.goBack:()V(+0.309); Landroid/webkit/WebView;.setWebChromeClient:(Landroid/webkit/WebChromeClient;)V(-0.307); Landroid/webkit/WebView;.canGoBack:()Z(-0.302); Landroid/webkit/WebView;.setWebViewClient:(Landroid/webkit/WebViewClient;)V(+0.269); Landroid/webkit/WebView;.getSettings:()Landroid/webkit/WebSettings;(+0.251); Landroid/webkit/WebViewClient;.<init>:()V(-0.249); Landroid/webkit/WebView;.addJavascriptInterface:(Ljava/lang/Object;Ljava/lang/String;)V(-0.145); Landroid/webkit/WebView;.clearCache:(Z)V(-0.140); Landroid/webkit/WebView;.reload:()V(+0.135)
2019,21,5,5,0,0.0,0,1,False,Ljava/util/Timer;.schedule:(Ljava/util/TimerTask;J)V(-0.293); Landroid/os/Process;.myPid:()I(-0.241); Ljava/util/Timer;.cancel:()V(-0.230); Landroid/net/NetworkInfo;.isConnected:()Z(-0.225); Landroid/os/Process;.killProcess:(I)V(+0.223); Ljava/io/FileOutputStream;.write:([B)V(+0.212); Landroid/webkit/WebView;.canGoForward:()Z(-0.189); Landroid/net/NetworkInfo;.isConnectedOrConnecting:()Z(+0.169); Landroid/content/Context;.sendBroadcast:(Landroid/content/Intent;)V(+0.163); Landroid/webkit/WebViewClient;.<init>:()V(-0.151)
2019,22,9,9,0,0.0,0,2,True,Landroid/media/MediaPlayer;.start:()V(-0.439); Landroid/os/Process;.myPid:()I(-0.388); Landroid/os/Process;.killProcess:(I)V(+0.381); Landroid/media/MediaPlayer;.stop:()V(+0.371); Ljava/lang/System;.loadLibrary:(Ljava/lang/String;)V(-0.145); Landroid/webkit/WebView;.canGoForward:()Z(-0.128); Ljava/net/HttpURLConnection;.setDoInput:(Z)V(+0.121); Ljava/lang/StringBuilder;.indexOf:(Ljava/lang/String;)I(-0.111); Ljava/lang/StringBuilder;.indexOf:(Ljava/lang/String;I)I(-0.111); Ljava/net/HttpURLConnection;.setRequestMethod:(Ljava/lang/String;)V(+0.108)
2020,0,3513,3297,216,0.0615,4,0,False,Ljava/lang/StringBuilder;.append:(D)Ljava/lang/StringBuilder;(+0.091); Ljava/net/HttpURLConnection;.disconnect:()V(+0.091); Landroid/content/Intent;.addFlags:(I)Landroid/content/Intent;(+0.089); Landroid/webkit/WebView;.stopLoading:()V(+0.089); Ljava/lang/StringBuilder;.append:(F)Ljava/lang/StringBuilder;(+0.089); Landroid/content/Intent;.setDataAndType:(Landroid/net/Uri;Ljava/lang/String;)Landroid/content/Intent;(-0.089); Ljava/net/HttpURLConnection;.getHeaderField:(Ljava/lang/String;)Ljava/lang/String;(-0.088); Landroid/content/Context;.getApplicationInfo:()Landroid/content/pm/ApplicationInfo;(+0.088); Ljava/lang/String;.valueOf:(Ljava/lang/Object;)Ljava/lang/String;(-0.088); Ljava/net/HttpURLConnection;.setInstanceFollowRedirects:(Z)V(-0.088)
2020,1,1315,1215,100,0.076,4,0,False,Ljava/net/HttpURLConnection;.disconnect:()V(+0.121); Landroid/content/Intent;.setDataAndType:(Landroid/net/Uri;Ljava/lang/String;)Landroid/content/Intent;(-0.121); Landroid/webkit/WebView;.onResume:()V(+0.120); Ljava/lang/StringBuilder;.append:(Ljava/lang/String;)Ljava/lang/StringBuilder;(+0.120); Landroid/webkit/WebView;.onPause:()V(-0.120); Ljava/lang/StringBuilder;.append:(I)Ljava/lang/StringBuilder;(-0.120); Ljava/lang/String;.substring:(I)Ljava/lang/String;(-0.120); Ljava/lang/StringBuilder;.append:(J)Ljava/lang/StringBuilder;(+0.119); Ljava/lang/StringBuilder;.append:(Ljava/lang/Object;)Ljava/lang/StringBuilder;(+0.119); Ljava/net/HttpURLConnection;.getResponseCode:()I(-0.119)
2020,2,521,490,31,0.0595,4,0,False,Ljava/lang/StringBuilder;.append:(Ljava/lang/String;)Ljava/lang/StringBuilder;(+0.234); Ljava/lang/StringBuilder;.append:(I)Ljava/lang/StringBuilder;(-0.229); Ljava/lang/StringBuilder;.append:(Ljava/lang/Object;)Ljava/lang/StringBuilder;(+0.225); Ljava/lang/String;.substring:(I)Ljava/lang/String;(-0.220); Ljava/lang/StringBuilder;.append:(C)Ljava/lang/StringBuilder;(-0.218); Ljava/lang/StringBuilder;.append:(J)Ljava/lang/StringBuilder;(+0.214); Landroid/content/Intent;.addFlags:(I)Landroid/content/Intent;(+0.213); Ljava/io/File;.exists:()Z(-0.205); Landroid/content/Context;.startActivity:(Landroid/content/Intent;)V(-0.204); Landroid/app/Activity;.startActivityForResult:(Landroid/content/Intent;I)V(+0.202)
2020,3,1379,1084,295,0.2139,4,0,False,Ljava/lang/String;.getBytes:()[B(+0.096); Ljava/lang/String;.substring:(I)Ljava/lang/String;(-0.095); Ljava/lang/String;.substring:(II)Ljava/lang/String;(-0.095); Ljava/lang/StringBuilder;.append:(J)Ljava/lang/StringBuilder;(+0.095); Ljava/lang/String;.valueOf:(I)Ljava/lang/String;(+0.095); Ljava/lang/StringBuilder;.append:(Z)Ljava/lang/StringBuilder;(-0.095); Ljava/lang/String;.getBytes:(Ljava/lang/String;)[B(-0.095); Ljava/lang/StringBuilder;.append:(I)Ljava/lang/StringBuilder;(-0.095); Ljava/lang/StringBuilder;.append:(Ljava/lang/String;)Ljava/lang/StringBuilder;(+0.094); Ljava/lang/String;.valueOf:(Ljava/lang/Object;)Ljava/lang/String;(-0.094)
2020,4,695,683,12,0.0173,4,0,False,Landroid/webkit/WebView;.getSettings:()Landroid/webkit/WebSettings;(+0.147); Landroid/webkit/WebViewClient;.<init>:()V(-0.145); Landroid/webkit/WebView;.setWebViewClient:(Landroid/webkit/WebViewClient;)V(+0.144); Ljavax/crypto/Cipher;.getInstance:(Ljava/lang/String;)Ljavax/crypto/Cipher;(+0.142); Ljavax/crypto/Cipher;.doFinal:([B)[B(+0.142); Ljava/net/HttpURLConnection;.setInstanceFollowRedirects:(Z)V(-0.141); Landroid/webkit/WebView;.destroy:()V(+0.141); Ljava/lang/StringBuilder;.append:(Ljava/lang/String;)Ljava/lang/StringBuilder;(+0.139); Ljava/lang/StringBuilder;.append:(I)Ljava/lang/StringBuilder;(-0.139); Ljava/net/HttpURLConnection;.getHeaderField:(Ljava/lang/String;)Ljava/lang/String;(-0.139)
2020,5,856,726,130,0.1519,4,0,False,Landroid/webkit/WebViewClient;.onReceivedError:(Landroid/webkit/WebView;ILjava/lang/String;Ljava/lang/String;)V(+0.100); Landroid/webkit/WebView;.destroy:()V(+0.098); Ljava/lang/StringBuilder;.append:(F)Ljava/lang/StringBuilder;(+0.097); Landroid/webkit/WebView;.loadUrl:(Ljava/lang/String;)V(-0.097); Landroid/net/NetworkInfo;.isConnected:()Z(-0.096); Landroid/webkit/WebView;.<init>:(Landroid/content/Context;)V(-0.096); Ljava/lang/StringBuilder;.append:(D)Ljava/lang/StringBuilder;(+0.095); Ljava/io/FileOutputStream;.write:([BII)V(+0.095); Ljava/net/HttpURLConnection;.setRequestMethod:(Ljava/lang/String;)V(+0.095); Ljava/net/HttpURLConnection;.getErrorStream:()Ljava/io/InputStream;(-0.095)
2020,6,1939,1817,122,0.0629,4,0,False,Ljava/net/HttpURLConnection;.setRequestProperty:(Ljava/lang/String;Ljava/lang/String;)V(-0.107); Landroid/webkit/WebViewDatabase;.clearHttpAuthUsernamePassword:()V(+0.107); Ljava/net/HttpURLConnection;.disconnect:()V(+0.106); Landroid/net/ConnectivityManager;.getActiveNetworkInfo:()Landroid/net/NetworkInfo;(+0.106); Landroid/webkit/WebView;.onTouchEvent:(Landroid/view/MotionEvent;)Z(+0.106); Landroid/content/Intent;.addFlags:(I)Landroid/content/Intent;(+0.106); Landroid/content/Context;.startActivity:(Landroid/content/Intent;)V(-0.106); Ljava/net/HttpURLConnection;.getResponseCode:()I(-0.106); Ljava/lang/String;.getBytes:()[B(+0.105); Ljava/net/HttpURLConnection;.connect:()V(+0.105)
2020,7,605,562,43,0.0711,4,0,False,Ljava/net/HttpURLConnection;.setDoInput:(Z)V(+0.110); Ljava/net/HttpURLConnection;.setRequestMethod:(Ljava/lang/String;)V(+0.109); Ljava/lang/StringBuilder;.append:(Ljava/lang/Object;)Ljava/lang/StringBuilder;(+0.107); Landroid/webkit/WebView;.canGoBack:()Z(-0.107); Ljava/lang/StringBuilder;.append:(J)Ljava/lang/StringBuilder;(+0.107); Ljava/lang/StringBuilder;.append:(I)Ljava/lang/StringBuilder;(-0.107); Ljava/lang/StringBuilder;.append:(Z)Ljava/lang/StringBuilder;(-0.107); Ljava/lang/StringBuilder;.append:(Ljava/lang/String;)Ljava/lang/StringBuilder;(+0.107); Ljava/lang/String;.substring:(II)Ljava/lang/String;(-0.107); Ljava/lang/StringBuilder;.append:(C)Ljava/lang/StringBuilder;(-0.106)
2020,8,420,359,61,0.1452,4,0,False,Landroid/os/Process;.killProcess:(I)V(+0.179); Ljava/lang/StringBuilder;.append:(Ljava/lang/String;)Ljava/lang/StringBuilder;(+0.169); Ljava/lang/StringBuilder;.append:(I)Ljava/lang/StringBuilder;(-0.164); Landroid/media/AudioRecord;.startRecording:()V(-0.163); Landroid/media/AudioRecord;.getMinBufferSize:(III)I(+0.163); Landroid/media/AudioRecord;.stop:()V(-0.163); Landroid/media/AudioRecord;.release:()V(-0.162); Ljava/lang/StringBuilder;.append:(Ljava/lang/Object;)Ljava/lang/StringBuilder;(+0.162); Landroid/os/Process;.myPid:()I(-0.161); Ljava/lang/System;.loadLibrary:(Ljava/lang/String;)V(-0.160)
2020,9,680,539,141,0.2074,4,0,False,Landroid/webkit/WebView;.loadUrl:(Ljava/lang/String;)V(-0.217); Landroid/webkit/WebView;.setWebViewClient:(Landroid/webkit/WebViewClient;)V(+0.195); Landroid/webkit/WebViewClient;.<init>:()V(-0.192); Landroid/webkit/WebView;.getSettings:()Landroid/webkit/WebSettings;(+0.188); Ljava/lang/StringBuilder;.append:(Ljava/lang/String;)Ljava/lang/StringBuilder;(+0.162); Landroid/webkit/WebView;.setWebChromeClient:(Landroid/webkit/WebChromeClient;)V(-0.156); Ljava/lang/StringBuilder;.append:(I)Ljava/lang/StringBuilder;(-0.156); Ljava/lang/StringBuilder;.append:(Ljava/lang/Object;)Ljava/lang/StringBuilder;(+0.151); Landroid/webkit/WebView;.goBack:()V(+0.148); Ljava/lang/String;.substring:(I)Ljava/lang/String;(-0.147)
2020,10,163,163,0,0.0,1,0,False,Ljava/lang/String;.valueOf:(C)Ljava/lang/String;(-0.085); Ljava/net/HttpURLConnection;.getRequestProperty:(Ljava/lang/String;)Ljava/lang/String;(-0.084); Landroid/app/ActivityManager;.getRunningTasks:(I)Ljava/util/List;(-0.084); Landroid/net/wifi/WifiManager;.getConnectionInfo:()Landroid/net/wifi/WifiInfo;(+0.084); Landroid/net/NetworkInfo;.isConnectedOrConnecting:()Z(+0.083); Ljava/lang/String;.valueOf:(J)Ljava/lang/String;(-0.083); Ljava/net/HttpURLConnection;.setFixedLengthStreamingMode:(I)V(+0.082); Landroid/webkit/WebView;.getParent:()Landroid/view/ViewParent;(-0.082); Landroid/webkit/WebView;.getUrl:()Ljava/lang/String;(-0.082); Ljava/lang/StringBuffer;.append:(Ljava/lang/StringBuffer;)Ljava/lang/StringBuffer;(-0.082)
2020,11,2741,2432,309,0.1127,4,0,False,Ljava/lang/StringBuilder;.append:(Ljava/lang/String;)Ljava/lang/StringBuilder;(+0.152); Ljava/lang/StringBuilder;.append:(I)Ljava/lang/StringBuilder;(-0.150); Ljava/lang/StringBuilder;.append:(Ljava/lang/Object;)Ljava/lang/StringBuilder;(+0.148); Ljava/lang/String;.substring:(II)Ljava/lang/String;(-0.147); Ljava/lang/String;.substring:(I)Ljava/lang/String;(-0.145); Ljava/io/File;.exists:()Z(-0.145); Ljava/lang/String;.valueOf:(I)Ljava/lang/String;(+0.144); Ljava/lang/StringBuilder;.append:(J)Ljava/lang/StringBuilder;(+0.143); Ljava/lang/StringBuilder;.append:(C)Ljava/lang/StringBuilder;(-0.140); Ljava/io/File;.delete:()Z(+0.140)
2020,12,998,985,13,0.013,4,0,False,Ljava/net/HttpURLConnection;.setDefaultUseCaches:(Z)V(+0.086); Ljava/net/HttpURLConnection;.getContentType:()Ljava/lang/String;(+0.085); Ljava/lang/StringBuilder;.append:(D)Ljava/lang/StringBuilder;(+0.084); Ljava/net/HttpURLConnection;.getHeaderFieldInt:(Ljava/lang/String;I)I(-0.083); Ljava/lang/StringBuilder;.append:(F)Ljava/lang/StringBuilder;(+0.083); Ljava/net/HttpURLConnection;.getResponseMessage:()Ljava/lang/String;(+0.082); Landroid/content/Context;.getApplicationInfo:()Landroid/content/pm/ApplicationInfo;(+0.082); Ljava/net/HttpURLConnection;.disconnect:()V(+0.082); Ljava/net/HttpURLConnection;.getHeaderField:(Ljava/lang/String;)Ljava/lang/String;(-0.082); Ljava/io/File;.mkdirs:()Z(+0.081)
2020,13,1442,461,981,0.6803,4,0,False,Ljava/io/File;.exists:()Z(-0.305); Ljava/io/FileOutputStream;.write:([BII)V(+0.303); Ljava/io/File;.mkdir:()Z(+0.299); Ljava/lang/System;.loadLibrary:(Ljava/lang/String;)V(-0.281); Ljava/lang/StringBuilder;.append:(Ljava/lang/String;)Ljava/lang/StringBuilder;(+0.253); Ljava/io/File;.delete:()Z(+0.243); Ljava/lang/StringBuilder;.append:(I)Ljava/lang/StringBuilder;(-0.213); Ljava/lang/StringBuilder;.append:(Ljava/lang/Object;)Ljava/lang/StringBuilder;(+0.206); Ljava/lang/String;.substring:(II)Ljava/lang/String;(-0.184); Ljava/lang/StringBuilder;.append:(J)Ljava/lang/StringBuilder;(+0.167)
2020,14,443,442,1,0.0023,4,0,False,Landroid/webkit/WebView;.canGoBack:()Z(-0.154); Ljava/io/File;.mkdirs:()Z(+0.152); Landroid/webkit/WebView;.goBack:()V(+0.149); Landroid/webkit/WebViewClient;.onPageFinished:(Landroid/webkit/WebView;Ljava/lang/String;)V(-0.145); Ljava/lang/StringBuilder;.append:(Ljava/lang/String;)Ljava/lang/StringBuilder;(+0.144); Ljava/lang/StringBuilder;.append:(I)Ljava/lang/StringBuilder;(-0.142); Landroid/webkit/WebViewClient;.onPageStarted:(Landroid/webkit/WebView;Ljava/lang/String;Landroid/graphics/Bitmap;)V(-0.142); Ljava/lang/StringBuilder;.append:(Ljava/lang/Object;)Ljava/lang/StringBuilder;(+0.141); Ljava/lang/String;.substring:(I)Ljava/lang/String;(-0.139); Ljava/lang/String;.substring:(II)Ljava/lang/String;(-0.139)
2020,15,1514,1496,18,0.0119,4,0,False,Landroid/webkit/WebViewDatabase;.clearHttpAuthUsernamePassword:()V(+0.104); Ljava/net/URL;.openConnection:()Ljava/net/URLConnection;(-0.104); Ljava/net/HttpURLConnection;.setRequestMethod:(Ljava/lang/String;)V(+0.104); Ljava/lang/String;.valueOf:(I)Ljava/lang/String;(+0.103); Landroid/content/Context;.getApplicationInfo:()Landroid/content/pm/ApplicationInfo;(+0.103); Ljava/lang/String;.getBytes:()[B(+0.102); Ljava/lang/StringBuilder;.append:(Ljava/lang/Object;)Ljava/lang/StringBuilder;(+0.102); Ljava/lang/String;.substring:(II)Ljava/lang/String;(-0.102); Ljava/net/HttpURLConnection;.getResponseCode:()I(-0.102); Landroid/content/Context;.startActivity:(Landroid/content/Intent;)V(-0.102)
2020,16,673,654,19,0.0282,4,0,False,Ljava/io/File;.mkdir:()Z(+0.106); Landroid/os/Process;.myPid:()I(-0.105); Ljava/io/File;.mkdirs:()Z(+0.105); Landroid/os/PowerManager$WakeLock;.release:()V(+0.105); Landroid/net/NetworkInfo;.isConnected:()Z(-0.104); Ljava/lang/String;.indexOf:(II)I(+0.103); Landroid/content/Context;.sendBroadcast:(Landroid/content/Intent;)V(+0.103); Landroid/content/ContentResolver;.insert:(Landroid/net/Uri;Landroid/content/ContentValues;)Landroid/net/Uri;(-0.102); Landroid/content/Context;.startService:(Landroid/content/Intent;)Landroid/content/ComponentName;(+0.101); Landroid/webkit/WebView;.<init>:(Landroid/content/Context;Landroid/util/AttributeSet;I)V(+0.101)
2020,17,622,580,42,0.0675,4,0,False,Landroid/app/NotificationManager;.notify:(ILandroid/app/Notification;)V(+0.111); Landroid/net/ConnectivityManager;.getNetworkInfo:(I)Landroid/net/NetworkInfo;(-0.110); Landroid/app/NotificationManager;.notify:(Ljava/lang/String;ILandroid/app/Notification;)V(+0.109); Landroid/net/NetworkInfo;.isConnected:()Z(-0.105); Ljava/net/HttpURLConnection;.getResponseCode:()I(-0.103); Ljava/lang/StringBuffer;.append:(I)Ljava/lang/StringBuffer;(+0.102); Ljava/net/HttpURLConnection;.disconnect:()V(+0.101); Landroid/content/Context;.startActivity:(Landroid/content/Intent;)V(-0.101); Landroid/content/ContentResolver;.openInputStream:(Landroid/net/Uri;)Ljava/io/InputStream;(-0.100); Landroid/os/Vibrator;.vibrate:(J)V(+0.100)
2020,18,1023,1017,6,0.0059,4,0,False,Landroid/app/Activity;.startActivityForResult:(Landroid/content/Intent;I)V(+0.176); Ljava/io/File;.exists:()Z(-0.175); Landroid/content/ContentResolver;.openInputStream:(Landroid/net/Uri;)Ljava/io/InputStream;(-0.173); Ljava/lang/StringBuilder;.append:(Ljava/lang/String;)Ljava/lang/StringBuilder;(+0.173); Ljava/lang/StringBuilder;.append:(Ljava/lang/Object;)Ljava/lang/StringBuilder;(+0.172); Ljava/lang/StringBuilder;.append:(I)Ljava/lang/StringBuilder;(-0.172); Ljava/lang/StringBuilder;.append:(C)Ljava/lang/StringBuilder;(-0.172); Ljava/lang/StringBuilder;.append:(J)Ljava/lang/StringBuilder;(+0.171); Ljava/io/File;.delete:()Z(+0.170); Ljava/lang/String;.substring:(I)Ljava/lang/String;(-0.169)
2020,19,5034,4939,95,0.0189,4,0,False,Ljava/io/File;.mkdirs:()Z(+0.105); Ljava/net/HttpURLConnection;.addRequestProperty:(Ljava/lang/String;Ljava/lang/String;)V(-0.103); Ljava/lang/String;.valueOf:(Z)Ljava/lang/String;(-0.103); Landroid/content/Intent;.setDataAndType:(Landroid/net/Uri;Ljava/lang/String;)Landroid/content/Intent;(-0.100); Ljava/lang/String;.valueOf:(I)Ljava/lang/String;(+0.098); Ljava/io/File;.exists:()Z(-0.098); Landroid/content/Context;.getApplicationInfo:()Landroid/content/pm/ApplicationInfo;(+0.097); Ljava/lang/StringBuilder;.append:(Ljava/lang/CharSequence;)Ljava/lang/StringBuilder;(-0.097); Landroid/media/MediaPlayer;.start:()V(-0.097); Landroid/app/Activity;.setContentView:(Landroid/view/View;Landroid/view/ViewGroup$LayoutParams;)V(-0.096)
2020,20,39,31,8,0.2051,3,0,False,Landroid/webkit/WebView;.loadUrl:(Ljava/lang/String;)V(-0.329); Landroid/webkit/WebView;.setWebChromeClient:(Landroid/webkit/WebChromeClient;)V(-0.307); Landroid/webkit/WebView;.goBack:()V(+0.299); Landroid/webkit/WebView;.canGoBack:()Z(-0.295); Landroid/webkit/WebView;.setWebViewClient:(Landroid/webkit/WebViewClient;)V(+0.256); Landroid/webkit/WebView;.getSettings:()Landroid/webkit/WebSettings;(+0.241); Landroid/webkit/WebViewClient;.<init>:()V(-0.235); Landroid/webkit/WebView;.addJavascriptInterface:(Ljava/lang/Object;Ljava/lang/String;)V(-0.169); Landroid/webkit/WebView;.reload:()V(+0.140); Landroid/webkit/WebView;.<init>:(Landroid/content/Context;)V(-0.131)
2020,21,6,6,0,0.0,1,1,False,Landroid/os/Process;.myPid:()I(-0.289); Ljava/util/Timer;.schedule:(Ljava/util/TimerTask;J)V(-0.281); Landroid/os/Process;.killProcess:(I)V(+0.266); Ljava/util/Timer;.cancel:()V(-0.221); Landroid/net/NetworkInfo;.isConnected:()Z(-0.219); Ljava/io/FileOutputStream;.write:([B)V(+0.212); Landroid/webkit/WebView;.canGoForward:()Z(-0.186); Landroid/content/Context;.sendBroadcast:(Landroid/content/Intent;)V(+0.160); Landroid/webkit/WebViewClient;.<init>:()V(-0.142); Landroid/net/NetworkInfo;.isConnectedOrConnecting:()Z(+0.136)
2020,22,16,15,1,0.0625,1,2,False,Landroid/os/Process;.myPid:()I(-0.414); Landroid/media/MediaPlayer;.start:()V(-0.402); Landroid/os/Process;.killProcess:(I)V(+0.402); Landroid/media/MediaPlayer;.stop:()V(+0.331); Ljava/lang/System;.loadLibrary:(Ljava/lang/String;)V(-0.143); Landroid/webkit/WebView;.canGoForward:()Z(-0.125); Ljava/lang/StringBuilder;.append:(Ljava/lang/String;)Ljava/lang/StringBuilder;(+0.111); Ljava/lang/StringBuilder;.indexOf:(Ljava/lang/String;I)I(-0.111); Ljava/lang/StringBuilder;.indexOf:(Ljava/lang/String;)I(-0.110); Ljava/lang/StringBuilder;.append:(I)Ljava/lang/StringBuilder;(-0.100)
2020,23,7,7,0,0.0,0,3,True,Ljava/lang/System;.loadLibrary:(Ljava/lang/String;)V(-0.591); Ljava/lang/String;.valueOf:(D)Ljava/lang/String;(-0.155); Landroid/media/MediaPlayer;.start:()V(-0.133); Landroid/content/ContentResolver;.insert:(Landroid/net/Uri;Landroid/content/ContentValues;)Landroid/net/Uri;(+0.121); Landroid/net/NetworkInfo;.isConnectedOrConnecting:()Z(+0.118); Landroid/os/Vibrator;.vibrate:([JI)V(+0.115); Landroid/os/Vibrator;.vibrate:(J)V(+0.114); Landroid/os/Process;.killProcess:(I)V(+0.113); Landroid/webkit/WebView;.getUrl:()Ljava/lang/String;(+0.103); Landroid/os/Handler;.obtainMessage:()Landroid/os/Message;(-0.102)
2021,0,4527,4182,345,0.0762,5,0,False,Ljava/net/HttpURLConnection;.disconnect:()V(+0.092); Ljava/lang/StringBuilder;.append:(D)Ljava/lang/StringBuilder;(+0.091); Landroid/webkit/WebView;.stopLoading:()V(+0.090); Ljava/lang/StringBuilder;.append:(F)Ljava/lang/StringBuilder;(+0.089); Ljava/lang/String;.valueOf:(Z)Ljava/lang/String;(-0.089); Landroid/content/Intent;.setDataAndType:(Landroid/net/Uri;Ljava/lang/String;)Landroid/content/Intent;(-0.089); Landroid/content/Intent;.addFlags:(I)Landroid/content/Intent;(+0.088); Ljava/lang/String;.valueOf:(Ljava/lang/Object;)Ljava/lang/String;(-0.088); Ljava/net/HttpURLConnection;.getHeaderField:(Ljava/lang/String;)Ljava/lang/String;(-0.087); Ljava/net/HttpURLConnection;.getResponseCode:()I(-0.087)
2021,1,1329,1229,100,0.0752,5,0,False,Ljava/net/HttpURLConnection;.disconnect:()V(+0.121); Ljava/lang/StringBuilder;.append:(Ljava/lang/String;)Ljava/lang/StringBuilder;(+0.121); Landroid/webkit/WebView;.onResume:()V(+0.120); Ljava/lang/StringBuilder;.append:(I)Ljava/lang/StringBuilder;(-0.120); Landroid/content/Intent;.setDataAndType:(Landroid/net/Uri;Ljava/lang/String;)Landroid/content/Intent;(-0.120); Landroid/webkit/WebView;.onPause:()V(-0.120); Ljava/lang/String;.substring:(I)Ljava/lang/String;(-0.120); Ljava/lang/StringBuilder;.append:(J)Ljava/lang/StringBuilder;(+0.120); Ljava/lang/StringBuilder;.append:(Ljava/lang/Object;)Ljava/lang/StringBuilder;(+0.120); Ljava/net/URL;.openConnection:()Ljava/net/URLConnection;(-0.119)
2021,2,547,516,31,0.0567,5,0,False,Ljava/lang/StringBuilder;.append:(Ljava/lang/String;)Ljava/lang/StringBuilder;(+0.234); Ljava/lang/StringBuilder;.append:(I)Ljava/lang/StringBuilder;(-0.229); Ljava/lang/StringBuilder;.append:(Ljava/lang/Object;)Ljava/lang/StringBuilder;(+0.226); Ljava/lang/String;.substring:(I)Ljava/lang/String;(-0.220); Ljava/lang/StringBuilder;.append:(C)Ljava/lang/StringBuilder;(-0.218); Ljava/lang/StringBuilder;.append:(J)Ljava/lang/StringBuilder;(+0.214); Landroid/content/Intent;.addFlags:(I)Landroid/content/Intent;(+0.213); Ljava/io/File;.exists:()Z(-0.205); Landroid/content/Context;.startActivity:(Landroid/content/Intent;)V(-0.204); Ljava/lang/String;.substring:(II)Ljava/lang/String;(-0.202)
2021,3,1533,1238,295,0.1924,5,0,False,Ljava/lang/String;.substring:(I)Ljava/lang/String;(-0.096); Ljava/lang/String;.valueOf:(I)Ljava/lang/String;(+0.096); Ljava/lang/String;.getBytes:()[B(+0.095); Ljava/lang/String;.substring:(II)Ljava/lang/String;(-0.095); Ljava/lang/StringBuilder;.append:(Z)Ljava/lang/StringBuilder;(-0.095); Ljava/lang/StringBuilder;.append:(J)Ljava/lang/StringBuilder;(+0.095); Ljava/lang/StringBuilder;.append:(I)Ljava/lang/StringBuilder;(-0.095); Ljava/lang/String;.valueOf:(Ljava/lang/Object;)Ljava/lang/String;(-0.095); Landroid/content/Intent;.addFlags:(I)Landroid/content/Intent;(+0.095); Ljava/lang/StringBuilder;.append:(Ljava/lang/String;)Ljava/lang/StringBuilder;(+0.095)
2021,4,695,683,12,0.0173,4,0,False,Landroid/webkit/WebView;.getSettings:()Landroid/webkit/WebSettings;(+0.147); Landroid/webkit/WebViewClient;.<init>:()V(-0.145); Landroid/webkit/WebView;.setWebViewClient:(Landroid/webkit/WebViewClient;)V(+0.144); Ljavax/crypto/Cipher;.getInstance:(Ljava/lang/String;)Ljavax/crypto/Cipher;(+0.142); Ljavax/crypto/Cipher;.doFinal:([B)[B(+0.142); Ljava/net/HttpURLConnection;.setInstanceFollowRedirects:(Z)V(-0.141); Landroid/webkit/WebView;.destroy:()V(+0.141); Ljava/lang/StringBuilder;.append:(Ljava/lang/String;)Ljava/lang/StringBuilder;(+0.139); Ljava/lang/StringBuilder;.append:(I)Ljava/lang/StringBuilder;(-0.139); Ljava/net/HttpURLConnection;.getHeaderField:(Ljava/lang/String;)Ljava/lang/String;(-0.139)
2021,5,882,752,130,0.1474,5,0,False,Landroid/webkit/WebViewClient;.onReceivedError:(Landroid/webkit/WebView;ILjava/lang/String;Ljava/lang/String;)V(+0.100); Landroid/webkit/WebView;.destroy:()V(+0.098); Ljava/lang/StringBuilder;.append:(F)Ljava/lang/StringBuilder;(+0.097); Landroid/webkit/WebView;.loadUrl:(Ljava/lang/String;)V(-0.097); Landroid/net/NetworkInfo;.isConnected:()Z(-0.097); Landroid/webkit/WebView;.<init>:(Landroid/content/Context;)V(-0.096); Ljava/io/FileOutputStream;.write:([BII)V(+0.095); Ljava/net/HttpURLConnection;.getErrorStream:()Ljava/io/InputStream;(-0.095); Ljava/lang/StringBuilder;.append:(D)Ljava/lang/StringBuilder;(+0.095); Ljava/net/HttpURLConnection;.setRequestMethod:(Ljava/lang/String;)V(+0.095)
2021,6,1963,1841,122,0.0621,5,0,False,Landroid/webkit/WebViewDatabase;.clearHttpAuthUsernamePassword:()V(+0.106); Ljava/net/HttpURLConnection;.setRequestProperty:(Ljava/lang/String;Ljava/lang/String;)V(-0.106); Ljava/net/HttpURLConnection;.disconnect:()V(+0.106); Landroid/net/ConnectivityManager;.getActiveNetworkInfo:()Landroid/net/NetworkInfo;(+0.106); Landroid/webkit/WebView;.onTouchEvent:(Landroid/view/MotionEvent;)Z(+0.106); Landroid/content/Intent;.addFlags:(I)Landroid/content/Intent;(+0.106); Landroid/content/Context;.startActivity:(Landroid/content/Intent;)V(-0.106); Ljava/net/HttpURLConnection;.getResponseCode:()I(-0.105); Ljava/lang/String;.getBytes:()[B(+0.105); Ljava/net/HttpURLConnection;.connect:()V(+0.105)
2021,7,651,608,43,0.0661,5,0,False,Ljava/lang/StringBuilder;.append:(Ljava/lang/Object;)Ljava/lang/StringBuilder;(+0.109); Ljava/lang/StringBuilder;.append:(I)Ljava/lang/StringBuilder;(-0.109); Ljava/lang/StringBuilder;.append:(Ljava/lang/String;)Ljava/lang/StringBuilder;(+0.109); Ljava/lang/StringBuilder;.append:(Z)Ljava/lang/StringBuilder;(-0.109); Landroid/webkit/WebView;.canGoBack:()Z(-0.109); Ljava/lang/StringBuilder;.append:(J)Ljava/lang/StringBuilder;(+0.109); Ljava/lang/String;.substring:(II)Ljava/lang/String;(-0.108); Ljava/lang/StringBuilder;.append:(C)Ljava/lang/StringBuilder;(-0.108); Ljava/lang/String;.substring:(I)Ljava/lang/String;(-0.108); Ljava/lang/StringBuilder;.append:(F)Ljava/lang/StringBuilder;(+0.107)
2021,8,427,366,61,0.1429,5,0,False,Landroid/os/Process;.killProcess:(I)V(+0.178); Ljava/lang/StringBuilder;.append:(Ljava/lang/String;)Ljava/lang/StringBuilder;(+0.169); Ljava/lang/StringBuilder;.append:(I)Ljava/lang/StringBuilder;(-0.165); Landroid/media/AudioRecord;.startRecording:()V(-0.163); Landroid/media/AudioRecord;.getMinBufferSize:(III)I(+0.163); Landroid/media/AudioRecord;.stop:()V(-0.163); Ljava/lang/StringBuilder;.append:(Ljava/lang/Object;)Ljava/lang/StringBuilder;(+0.162); Landroid/media/AudioRecord;.release:()V(-0.162); Landroid/os/Process;.myPid:()I(-0.161); Ljava/lang/System;.loadLibrary:(Ljava/lang/String;)V(-0.160)
2021,9,709,561,148,0.2087,5,0,False,Landroid/webkit/WebView;.loadUrl:(Ljava/lang/String;)V(-0.216); Landroid/webkit/WebView;.setWebViewClient:(Landroid/webkit/WebViewClient;)V(+0.194); Landroid/webkit/WebViewClient;.<init>:()V(-0.191); Landroid/webkit/WebView;.getSettings:()Landroid/webkit/WebSettings;(+0.187); Ljava/lang/StringBuilder;.append:(Ljava/lang/String;)Ljava/lang/StringBuilder;(+0.163); Ljava/lang/StringBuilder;.append:(I)Ljava/lang/StringBuilder;(-0.157); Landroid/webkit/WebView;.setWebChromeClient:(Landroid/webkit/WebChromeClient;)V(-0.156); Ljava/lang/StringBuilder;.append:(Ljava/lang/Object;)Ljava/lang/StringBuilder;(+0.152); Landroid/webkit/WebView;.goBack:()V(+0.148); Ljava/lang/String;.substring:(I)Ljava/lang/String;(-0.148)
2021,10,163,163,0,0.0,1,0,False,Ljava/lang/String;.valueOf:(C)Ljava/lang/String;(-0.085); Ljava/net/HttpURLConnection;.getRequestProperty:(Ljava/lang/String;)Ljava/lang/String;(-0.084); Landroid/app/ActivityManager;.getRunningTasks:(I)Ljava/util/List;(-0.084); Landroid/net/wifi/WifiManager;.getConnectionInfo:()Landroid/net/wifi/WifiInfo;(+0.084); Landroid/net/NetworkInfo;.isConnectedOrConnecting:()Z(+0.083); Ljava/lang/String;.valueOf:(J)Ljava/lang/String;(-0.083); Ljava/net/HttpURLConnection;.setFixedLengthStreamingMode:(I)V(+0.082); Landroid/webkit/WebView;.getParent:()Landroid/view/ViewParent;(-0.082); Landroid/webkit/WebView;.getUrl:()Ljava/lang/String;(-0.082); Ljava/lang/StringBuffer;.append:(Ljava/lang/StringBuffer;)Ljava/lang/StringBuffer;(-0.082)
2021,11,3185,2871,314,0.0986,5,0,False,Ljava/lang/StringBuilder;.append:(Ljava/lang/String;)Ljava/lang/StringBuilder;(+0.149); Ljava/lang/StringBuilder;.append:(I)Ljava/lang/StringBuilder;(-0.147); Ljava/lang/StringBuilder;.append:(Ljava/lang/Object;)Ljava/lang/StringBuilder;(+0.146); Ljava/lang/String;.substring:(II)Ljava/lang/String;(-0.145); Ljava/lang/String;.valueOf:(I)Ljava/lang/String;(+0.144); Ljava/io/File;.exists:()Z(-0.144); Ljava/lang/String;.substring:(I)Ljava/lang/String;(-0.143); Ljava/lang/StringBuilder;.append:(J)Ljava/lang/StringBuilder;(+0.141); Ljava/lang/StringBuilder;.append:(C)Ljava/lang/StringBuilder;(-0.139); Ljava/io/File;.delete:()Z(+0.139)
2021,12,1138,1124,14,0.0123,5,0,False,Ljava/net/HttpURLConnection;.setDefaultUseCaches:(Z)V(+0.086); Ljava/net/HttpURLConnection;.getContentType:()Ljava/lang/String;(+0.085); Ljava/lang/StringBuilder;.append:(D)Ljava/lang/StringBuilder;(+0.084); Ljava/net/HttpURLConnection;.getHeaderFieldInt:(Ljava/lang/String;I)I(-0.083); Ljava/lang/StringBuilder;.append:(F)Ljava/lang/StringBuilder;(+0.083); Ljava/net/HttpURLConnection;.getResponseMessage:()Ljava/lang/String;(+0.083); Ljava/net/HttpURLConnection;.disconnect:()V(+0.082); Landroid/content/Context;.getApplicationInfo:()Landroid/content/pm/ApplicationInfo;(+0.082); Ljava/net/HttpURLConnection;.addRequestProperty:(Ljava/lang/String;Ljava/lang/String;)V(-0.081); Ljava/net/HttpURLConnection;.getHeaderField:(Ljava/lang/String;)Ljava/lang/String;(-0.081)
2021,13,1688,527,1161,0.6878,5,0,False,Ljava/io/File;.exists:()Z(-0.305); Ljava/io/File;.mkdir:()Z(+0.301); Ljava/io/FileOutputStream;.write:([BII)V(+0.301); Ljava/lang/System;.loadLibrary:(Ljava/lang/String;)V(-0.284); Ljava/lang/StringBuilder;.append:(Ljava/lang/String;)Ljava/lang/StringBuilder;(+0.252); Ljava/io/File;.delete:()Z(+0.242); Ljava/lang/StringBuilder;.append:(I)Ljava/lang/StringBuilder;(-0.212); Ljava/lang/StringBuilder;.append:(Ljava/lang/Object;)Ljava/lang/StringBuilder;(+0.205); Ljava/lang/String;.substring:(II)Ljava/lang/String;(-0.183); Ljava/lang/StringBuilder;.append:(J)Ljava/lang/StringBuilder;(+0.166)
2021,14,447,446,1,0.0022,5,0,False,Landroid/webkit/WebView;.canGoBack:()Z(-0.154); Ljava/io/File;.mkdirs:()Z(+0.153); Landroid/webkit/WebView;.goBack:()V(+0.149); Landroid/webkit/WebViewClient;.onPageFinished:(Landroid/webkit/WebView;Ljava/lang/String;)V(-0.146); Ljava/lang/StringBuilder;.append:(Ljava/lang/String;)Ljava/lang/StringBuilder;(+0.144); Ljava/lang/StringBuilder;.append:(I)Ljava/lang/StringBuilder;(-0.142); Landroid/webkit/WebViewClient;.onPageStarted:(Landroid/webkit/WebView;Ljava/lang/String;Landroid/graphics/Bitmap;)V(-0.142); Ljava/lang/StringBuilder;.append:(Ljava/lang/Object;)Ljava/lang/StringBuilder;(+0.141); Ljava/lang/String;.substring:(I)Ljava/lang/String;(-0.140); Ljava/net/HttpURLConnection;.setDoInput:(Z)V(+0.139)
2021,15,1575,1556,19,0.0121,5,0,False,Landroid/webkit/WebViewDatabase;.clearHttpAuthUsernamePassword:()V(+0.104); Ljava/net/URL;.openConnection:()Ljava/net/URLConnection;(-0.104); Ljava/net/HttpURLConnection;.setRequestMethod:(Ljava/lang/String;)V(+0.104); Ljava/lang/String;.valueOf:(I)Ljava/lang/String;(+0.103); Landroid/content/Context;.getApplicationInfo:()Landroid/content/pm/ApplicationInfo;(+0.103); Ljava/lang/String;.getBytes:()[B(+0.103); Ljava/lang/String;.substring:(II)Ljava/lang/String;(-0.103); Ljava/lang/StringBuilder;.append:(Ljava/lang/Object;)Ljava/lang/StringBuilder;(+0.103); Landroid/content/Context;.startActivity:(Landroid/content/Intent;)V(-0.102); Ljava/net/HttpURLConnection;.getResponseCode:()I(-0.102)
2021,16,808,789,19,0.0235,5,0,False,Ljava/io/File;.mkdirs:()Z(+0.107); Ljava/io/File;.mkdir:()Z(+0.106); Landroid/os/Process;.myPid:()I(-0.106); Ljava/lang/String;.indexOf:(II)I(+0.105); Landroid/os/PowerManager$WakeLock;.release:()V(+0.105); Landroid/net/NetworkInfo;.isConnected:()Z(-0.104); Landroid/content/Context;.sendBroadcast:(Landroid/content/Intent;)V(+0.102); Landroid/content/Context;.startService:(Landroid/content/Intent;)Landroid/content/ComponentName;(+0.102); Landroid/content/ContentResolver;.insert:(Landroid/net/Uri;Landroid/content/ContentValues;)Landroid/net/Uri;(-0.102); Landroid/os/Handler;.sendMessage:(Landroid/os/Message;)Z(+0.101)
2021,17,948,905,43,0.0454,5,0,False,Landroid/net/ConnectivityManager;.getNetworkInfo:(I)Landroid/net/NetworkInfo;(-0.109); Landroid/app/NotificationManager;.notify:(Ljava/lang/String;ILandroid/app/Notification;)V(+0.109); Landroid/app/NotificationManager;.notify:(ILandroid/app/Notification;)V(+0.108); Landroid/net/NetworkInfo;.isConnected:()Z(-0.106); Ljava/net/HttpURLConnection;.getResponseCode:()I(-0.104); Ljava/net/HttpURLConnection;.disconnect:()V(+0.103); Ljava/lang/StringBuffer;.append:(I)Ljava/lang/StringBuffer;(+0.102); Landroid/os/Vibrator;.vibrate:(J)V(+0.101); Landroid/content/Context;.startActivity:(Landroid/content/Intent;)V(-0.100); Ljava/lang/StringBuilder;.append:([CII)Ljava/lang/StringBuilder;(+0.099)
2021,18,1290,1281,9,0.007,5,0,False,Ljava/io/File;.exists:()Z(-0.176); Ljava/lang/StringBuilder;.append:(Ljava/lang/String;)Ljava/lang/StringBuilder;(+0.172); Landroid/content/ContentResolver;.openInputStream:(Landroid/net/Uri;)Ljava/io/InputStream;(-0.172); Landroid/app/Activity;.startActivityForResult:(Landroid/content/Intent;I)V(+0.172); Ljava/io/File;.delete:()Z(+0.171); Ljava/lang/StringBuilder;.append:(Ljava/lang/Object;)Ljava/lang/StringBuilder;(+0.171); Ljava/lang/StringBuilder;.append:(I)Ljava/lang/StringBuilder;(-0.171); Ljava/lang/StringBuilder;.append:(C)Ljava/lang/StringBuilder;(-0.169); Ljava/lang/StringBuilder;.append:(J)Ljava/lang/StringBuilder;(+0.169); Ljava/lang/String;.substring:(I)Ljava/lang/String;(-0.167)
2021,19,5386,5288,98,0.0182,5,0,False,Ljava/io/File;.mkdirs:()Z(+0.106); Ljava/net/HttpURLConnection;.addRequestProperty:(Ljava/lang/String;Ljava/lang/String;)V(-0.104); Ljava/lang/String;.valueOf:(Z)Ljava/lang/String;(-0.103); Landroid/content/Intent;.setDataAndType:(Landroid/net/Uri;Ljava/lang/String;)Landroid/content/Intent;(-0.100); Ljava/io/File;.exists:()Z(-0.099); Ljava/lang/String;.valueOf:(I)Ljava/lang/String;(+0.099); Landroid/content/Context;.getApplicationInfo:()Landroid/content/pm/ApplicationInfo;(+0.098); Ljava/lang/StringBuilder;.append:(Ljava/lang/CharSequence;)Ljava/lang/StringBuilder;(-0.098); Landroid/media/MediaPlayer;.start:()V(-0.097); Ljava/net/HttpURLConnection;.setReadTimeout:(I)V(+0.096)
2021,20,41,31,10,0.2439,4,0,False,Landroid/webkit/WebView;.loadUrl:(Ljava/lang/String;)V(-0.330); Landroid/webkit/WebView;.setWebChromeClient:(Landroid/webkit/WebChromeClient;)V(-0.308); Landroid/webkit/WebView;.goBack:()V(+0.300); Landroid/webkit/WebView;.canGoBack:()Z(-0.296); Landroid/webkit/WebView;.setWebViewClient:(Landroid/webkit/WebViewClient;)V(+0.257); Landroid/webkit/WebView;.getSettings:()Landroid/webkit/WebSettings;(+0.242); Landroid/webkit/WebViewClient;.<init>:()V(-0.235); Landroid/webkit/WebView;.addJavascriptInterface:(Ljava/lang/Object;Ljava/lang/String;)V(-0.169); Landroid/webkit/WebView;.reload:()V(+0.137); Landroid/webkit/WebView;.<init>:(Landroid/content/Context;)V(-0.132)
2021,21,6,6,0,0.0,1,1,False,Landroid/os/Process;.myPid:()I(-0.289); Ljava/util/Timer;.schedule:(Ljava/util/TimerTask;J)V(-0.281); Landroid/os/Process;.killProcess:(I)V(+0.266); Ljava/util/Timer;.cancel:()V(-0.221); Landroid/net/NetworkInfo;.isConnected:()Z(-0.219); Ljava/io/FileOutputStream;.write:([B)V(+0.212); Landroid/webkit/WebView;.canGoForward:()Z(-0.186); Landroid/content/Context;.sendBroadcast:(Landroid/content/Intent;)V(+0.160); Landroid/webkit/WebViewClient;.<init>:()V(-0.142); Landroid/net/NetworkInfo;.isConnectedOrConnecting:()Z(+0.136)
2021,22,19,18,1,0.0526,2,2,False,Landroid/os/Process;.myPid:()I(-0.458); Landroid/os/Process;.killProcess:(I)V(+0.439); Landroid/media/MediaPlayer;.start:()V(-0.359); Landroid/media/MediaPlayer;.stop:()V(+0.286); Ljava/lang/System;.loadLibrary:(Ljava/lang/String;)V(-0.156); Landroid/webkit/WebView;.canGoForward:()Z(-0.119); Ljava/lang/StringBuilder;.indexOf:(Ljava/lang/String;I)I(-0.115); Ljava/lang/StringBuilder;.append:(Ljava/lang/String;)Ljava/lang/StringBuilder;(+0.114); Ljava/lang/StringBuilder;.indexOf:(Ljava/lang/String;)I(-0.113); Ljava/lang/StringBuilder;.append:(I)Ljava/lang/StringBuilder;(-0.101)
2021,23,7,7,0,0.0,0,3,False,Ljava/lang/System;.loadLibrary:(Ljava/lang/String;)V(-0.591); Ljava/lang/String;.valueOf:(D)Ljava/lang/String;(-0.155); Landroid/media/MediaPlayer;.start:()V(-0.133); Landroid/content/ContentResolver;.insert:(Landroid/net/Uri;Landroid/content/ContentValues;)Landroid/net/Uri;(+0.121); Landroid/net/NetworkInfo;.isConnectedOrConnecting:()Z(+0.118); Landroid/os/Vibrator;.vibrate:([JI)V(+0.115); Landroid/os/Vibrator;.vibrate:(J)V(+0.114); Landroid/os/Process;.killProcess:(I)V(+0.113); Landroid/webkit/WebView;.getUrl:()Ljava/lang/String;(+0.103); Landroid/os/Handler;.obtainMessage:()Landroid/os/Message;(-0.102)
2021,24,13,12,1,0.0769,0,4,True,Landroid/os/PowerManager$WakeLock;.acquire:()V(-0.362); Landroid/location/LocationManager;.getLastKnownLocation:(Ljava/lang/String;)Landroid/location/Location;(-0.296); Ljava/lang/System;.loadLibrary:(Ljava/lang/String;)V(-0.296); Landroid/os/PowerManager$WakeLock;.release:()V(+0.242); Landroid/location/LocationManager;.isProviderEnabled:(Ljava/lang/String;)Z(+0.197); Ljava/lang/StringBuilder;.append:(Ljava/lang/String;)Ljava/lang/StringBuilder;(+0.180); Ljava/lang/StringBuilder;.append:(I)Ljava/lang/StringBuilder;(-0.166); Ljava/lang/StringBuilder;.append:(Ljava/lang/Object;)Ljava/lang/StringBuilder;(+0.159); Ljava/lang/String;.substring:(II)Ljava/lang/String;(-0.135); Ljava/lang/String;.substring:(I)Ljava/lang/String;(-0.133)
2022,0,5075,4727,348,0.0686,6,0,False,Ljava/net/HttpURLConnection;.disconnect:()V(+0.091); Ljava/lang/StringBuilder;.append:(D)Ljava/lang/StringBuilder;(+0.091); Landroid/webkit/WebView;.stopLoading:()V(+0.090); Ljava/lang/String;.valueOf:(Z)Ljava/lang/String;(-0.090); Ljava/lang/StringBuilder;.append:(F)Ljava/lang/StringBuilder;(+0.089); Landroid/content/Intent;.setDataAndType:(Landroid/net/Uri;Ljava/lang/String;)Landroid/content/Intent;(-0.089); Landroid/content/Intent;.addFlags:(I)Landroid/content/Intent;(+0.088); Ljava/lang/String;.valueOf:(Ljava/lang/Object;)Ljava/lang/String;(-0.088); Ljava/net/HttpURLConnection;.setReadTimeout:(I)V(+0.087); Ljava/net/HttpURLConnection;.getHeaderField:(Ljava/lang/String;)Ljava/lang/String;(-0.087)
2022,1,1336,1236,100,0.0749,6,0,False,Ljava/net/HttpURLConnection;.disconnect:()V(+0.121); Ljava/lang/StringBuilder;.append:(Ljava/lang/String;)Ljava/lang/StringBuilder;(+0.121); Ljava/lang/StringBuilder;.append:(I)Ljava/lang/StringBuilder;(-0.120); Landroid/content/Intent;.setDataAndType:(Landroid/net/Uri;Ljava/lang/String;)Landroid/content/Intent;(-0.120); Landroid/webkit/WebView;.onResume:()V(+0.120); Landroid/webkit/WebView;.onPause:()V(-0.120); Ljava/lang/String;.substring:(I)Ljava/lang/String;(-0.120); Ljava/lang/StringBuilder;.append:(J)Ljava/lang/StringBuilder;(+0.120); Ljava/lang/StringBuilder;.append:(Ljava/lang/Object;)Ljava/lang/StringBuilder;(+0.120); Ljava/net/URL;.openConnection:()Ljava/net/URLConnection;(-0.119)
2022,2,551,520,31,0.0563,6,0,False,Ljava/lang/StringBuilder;.append:(Ljava/lang/String;)Ljava/lang/StringBuilder;(+0.234); Ljava/lang/StringBuilder;.append:(I)Ljava/lang/StringBuilder;(-0.230); Ljava/lang/StringBuilder;.append:(Ljava/lang/Object;)Ljava/lang/StringBuilder;(+0.226); Ljava/lang/String;.substring:(I)Ljava/lang/String;(-0.221); Ljava/lang/StringBuilder;.append:(C)Ljava/lang/StringBuilder;(-0.218); Ljava/lang/StringBuilder;.append:(J)Ljava/lang/StringBuilder;(+0.214); Landroid/content/Intent;.addFlags:(I)Landroid/content/Intent;(+0.212); Ljava/io/File;.exists:()Z(-0.206); Landroid/content/Context;.startActivity:(Landroid/content/Intent;)V(-0.203); Ljava/lang/String;.substring:(II)Ljava/lang/String;(-0.202)
2022,3,2003,1705,298,0.1488,6,0,False,Ljava/lang/String;.valueOf:(I)Ljava/lang/String;(+0.095); Ljava/lang/String;.substring:(I)Ljava/lang/String;(-0.094); Ljava/lang/StringBuilder;.append:(Z)Ljava/lang/StringBuilder;(-0.094); Landroid/os/Handler;.sendMessage:(Landroid/os/Message;)Z(+0.094); Landroid/content/Intent;.addFlags:(I)Landroid/content/Intent;(+0.094); Ljava/lang/String;.substring:(II)Ljava/lang/String;(-0.094); Landroid/app/NotificationManager;.notify:(ILandroid/app/Notification;)V(+0.094); Ljava/lang/String;.valueOf:(Ljava/lang/Object;)Ljava/lang/String;(-0.094); Ljava/lang/StringBuilder;.append:(I)Ljava/lang/StringBuilder;(-0.094); Ljava/lang/StringBuilder;.append:(J)Ljava/lang/StringBuilder;(+0.094)
2022,4,696,684,12,0.0172,5,0,False,Landroid/webkit/WebView;.getSettings:()Landroid/webkit/WebSettings;(+0.147); Landroid/webkit/WebViewClient;.<init>:()V(-0.145); Landroid/webkit/WebView;.setWebViewClient:(Landroid/webkit/WebViewClient;)V(+0.144); Ljavax/crypto/Cipher;.getInstance:(Ljava/lang/String;)Ljavax/crypto/Cipher;(+0.142); Ljavax/crypto/Cipher;.doFinal:([B)[B(+0.142); Ljava/net/HttpURLConnection;.setInstanceFollowRedirects:(Z)V(-0.141); Landroid/webkit/WebView;.destroy:()V(+0.141); Ljava/lang/StringBuilder;.append:(Ljava/lang/String;)Ljava/lang/StringBuilder;(+0.139); Ljava/lang/StringBuilder;.append:(I)Ljava/lang/StringBuilder;(-0.139); Ljava/net/HttpURLConnection;.getHeaderField:(Ljava/lang/String;)Ljava/lang/String;(-0.139)
2022,5,882,752,130,0.1474,5,0,False,Landroid/webkit/WebViewClient;.onReceivedError:(Landroid/webkit/WebView;ILjava/lang/String;Ljava/lang/String;)V(+0.100); Landroid/webkit/WebView;.destroy:()V(+0.098); Ljava/lang/StringBuilder;.append:(F)Ljava/lang/StringBuilder;(+0.097); Landroid/webkit/WebView;.loadUrl:(Ljava/lang/String;)V(-0.097); Landroid/net/NetworkInfo;.isConnected:()Z(-0.097); Landroid/webkit/WebView;.<init>:(Landroid/content/Context;)V(-0.096); Ljava/io/FileOutputStream;.write:([BII)V(+0.095); Ljava/net/HttpURLConnection;.getErrorStream:()Ljava/io/InputStream;(-0.095); Ljava/lang/StringBuilder;.append:(D)Ljava/lang/StringBuilder;(+0.095); Ljava/net/HttpURLConnection;.setRequestMethod:(Ljava/lang/String;)V(+0.095)
2022,6,1964,1842,122,0.0621,6,0,False,Landroid/webkit/WebViewDatabase;.clearHttpAuthUsernamePassword:()V(+0.106); Ljava/net/HttpURLConnection;.setRequestProperty:(Ljava/lang/String;Ljava/lang/String;)V(-0.106); Ljava/net/HttpURLConnection;.disconnect:()V(+0.106); Landroid/net/ConnectivityManager;.getActiveNetworkInfo:()Landroid/net/NetworkInfo;(+0.106); Landroid/webkit/WebView;.onTouchEvent:(Landroid/view/MotionEvent;)Z(+0.106); Landroid/content/Intent;.addFlags:(I)Landroid/content/Intent;(+0.106); Landroid/content/Context;.startActivity:(Landroid/content/Intent;)V(-0.106); Ljava/net/HttpURLConnection;.getResponseCode:()I(-0.105); Ljava/lang/String;.getBytes:()[B(+0.105); Ljava/net/HttpURLConnection;.connect:()V(+0.105)
2022,7,668,625,43,0.0644,6,0,False,Ljava/lang/StringBuilder;.append:(Ljava/lang/Object;)Ljava/lang/StringBuilder;(+0.109); Landroid/webkit/WebView;.canGoBack:()Z(-0.109); Ljava/lang/StringBuilder;.append:(I)Ljava/lang/StringBuilder;(-0.109); Ljava/lang/StringBuilder;.append:(Ljava/lang/String;)Ljava/lang/StringBuilder;(+0.109); Ljava/lang/StringBuilder;.append:(Z)Ljava/lang/StringBuilder;(-0.109); Ljava/lang/StringBuilder;.append:(J)Ljava/lang/StringBuilder;(+0.109); Ljava/lang/String;.substring:(II)Ljava/lang/String;(-0.109); Ljava/lang/StringBuilder;.append:(C)Ljava/lang/StringBuilder;(-0.108); Ljava/lang/String;.substring:(I)Ljava/lang/String;(-0.108); Ljava/lang/StringBuilder;.append:(F)Ljava/lang/StringBuilder;(+0.107)
2022,8,435,373,62,0.1425,6,0,False,Landroid/os/Process;.killProcess:(I)V(+0.178); Ljava/lang/StringBuilder;.append:(Ljava/lang/String;)Ljava/lang/StringBuilder;(+0.169); Landroid/media/AudioRecord;.startRecording:()V(-0.165); Landroid/media/AudioRecord;.getMinBufferSize:(III)I(+0.165); Ljava/lang/StringBuilder;.append:(I)Ljava/lang/StringBuilder;(-0.165); Landroid/media/AudioRecord;.stop:()V(-0.164); Landroid/media/AudioRecord;.release:()V(-0.164); Ljava/lang/StringBuilder;.append:(Ljava/lang/Object;)Ljava/lang/StringBuilder;(+0.162); Ljava/lang/System;.loadLibrary:(Ljava/lang/String;)V(-0.160); Landroid/os/Process;.myPid:()I(-0.160)
2022,9,718,570,148,0.2061,6,0,False,Landroid/webkit/WebView;.loadUrl:(Ljava/lang/String;)V(-0.216); Landroid/webkit/WebView;.setWebViewClient:(Landroid/webkit/WebViewClient;)V(+0.194); Landroid/webkit/WebViewClient;.<init>:()V(-0.191); Landroid/webkit/WebView;.getSettings:()Landroid/webkit/WebSettings;(+0.187); Ljava/lang/StringBuilder;.append:(Ljava/lang/String;)Ljava/lang/StringBuilder;(+0.163); Ljava/lang/StringBuilder;.append:(I)Ljava/lang/StringBuilder;(-0.158); Landroid/webkit/WebView;.setWebChromeClient:(Landroid/webkit/WebChromeClient;)V(-0.156); Ljava/lang/StringBuilder;.append:(Ljava/lang/Object;)Ljava/lang/StringBuilder;(+0.152); Ljava/lang/String;.substring:(I)Ljava/lang/String;(-0.148); Landroid/webkit/WebView;.goBack:()V(+0.148)
2022,10,163,163,0,0.0,1,0,False,Ljava/lang/String;.valueOf:(C)Ljava/lang/String;(-0.085); Ljava/net/HttpURLConnection;.getRequestProperty:(Ljava/lang/String;)Ljava/lang/String;(-0.084); Landroid/app/ActivityManager;.getRunningTasks:(I)Ljava/util/List;(-0.084); Landroid/net/wifi/WifiManager;.getConnectionInfo:()Landroid/net/wifi/WifiInfo;(+0.084); Landroid/net/NetworkInfo;.isConnectedOrConnecting:()Z(+0.083); Ljava/lang/String;.valueOf:(J)Ljava/lang/String;(-0.083); Ljava/net/HttpURLConnection;.setFixedLengthStreamingMode:(I)V(+0.082); Landroid/webkit/WebView;.getParent:()Landroid/view/ViewParent;(-0.082); Landroid/webkit/WebView;.getUrl:()Ljava/lang/String;(-0.082); Ljava/lang/StringBuffer;.append:(Ljava/lang/StringBuffer;)Ljava/lang/StringBuffer;(-0.082)
2022,11,3808,3493,315,0.0827,6,0,False,Ljava/lang/StringBuilder;.append:(Ljava/lang/String;)Ljava/lang/StringBuilder;(+0.145); Ljava/lang/StringBuilder;.append:(I)Ljava/lang/StringBuilder;(-0.144); Ljava/lang/StringBuilder;.append:(Ljava/lang/Object;)Ljava/lang/StringBuilder;(+0.143); Ljava/lang/String;.substring:(II)Ljava/lang/String;(-0.142); Ljava/lang/String;.valueOf:(I)Ljava/lang/String;(+0.142); Ljava/io/File;.exists:()Z(-0.142); Ljava/lang/String;.substring:(I)Ljava/lang/String;(-0.140); Ljava/lang/StringBuilder;.append:(J)Ljava/lang/StringBuilder;(+0.138); Ljava/lang/StringBuilder;.append:(C)Ljava/lang/StringBuilder;(-0.137); Ljava/io/File;.delete:()Z(+0.136)
2022,12,1473,1459,14,0.0095,6,0,False,Ljava/net/HttpURLConnection;.setDefaultUseCaches:(Z)V(+0.085); Ljava/net/HttpURLConnection;.getContentType:()Ljava/lang/String;(+0.085); Ljava/lang/StringBuilder;.append:(D)Ljava/lang/StringBuilder;(+0.083); Ljava/net/HttpURLConnection;.getHeaderFieldInt:(Ljava/lang/String;I)I(-0.082); Ljava/net/HttpURLConnection;.disconnect:()V(+0.082); Ljava/net/HttpURLConnection;.getResponseMessage:()Ljava/lang/String;(+0.082); Ljava/lang/StringBuilder;.append:(F)Ljava/lang/StringBuilder;(+0.082); Landroid/os/Handler;.sendMessage:(Landroid/os/Message;)Z(+0.081); Ljava/net/HttpURLConnection;.getContentEncoding:()Ljava/lang/String;(+0.080); Ljava/lang/String;.indexOf:(Ljava/lang/String;I)I(-0.080)
2022,13,2239,757,1482,0.6619,6,0,False,Ljava/io/File;.exists:()Z(-0.302); Ljava/io/File;.mkdir:()Z(+0.297); Ljava/lang/System;.loadLibrary:(Ljava/lang/String;)V(-0.294); Ljava/io/FileOutputStream;.write:([BII)V(+0.291); Ljava/lang/StringBuilder;.append:(Ljava/lang/String;)Ljava/lang/StringBuilder;(+0.255); Ljava/io/File;.delete:()Z(+0.241); Ljava/lang/StringBuilder;.append:(I)Ljava/lang/StringBuilder;(-0.215); Ljava/lang/StringBuilder;.append:(Ljava/lang/Object;)Ljava/lang/StringBuilder;(+0.208); Ljava/lang/String;.substring:(II)Ljava/lang/String;(-0.184); Ljava/lang/StringBuilder;.append:(J)Ljava/lang/StringBuilder;(+0.169)
2022,14,450,449,1,0.0022,6,0,False,Landroid/webkit/WebView;.canGoBack:()Z(-0.154); Ljava/io/File;.mkdirs:()Z(+0.153); Landroid/webkit/WebView;.goBack:()V(+0.149); Landroid/webkit/WebViewClient;.onPageFinished:(Landroid/webkit/WebView;Ljava/lang/String;)V(-0.146); Ljava/lang/StringBuilder;.append:(Ljava/lang/String;)Ljava/lang/StringBuilder;(+0.144); Ljava/lang/StringBuilder;.append:(I)Ljava/lang/StringBuilder;(-0.142); Landroid/webkit/WebViewClient;.onPageStarted:(Landroid/webkit/WebView;Ljava/lang/String;Landroid/graphics/Bitmap;)V(-0.142); Ljava/lang/StringBuilder;.append:(Ljava/lang/Object;)Ljava/lang/StringBuilder;(+0.141); Ljava/lang/String;.substring:(I)Ljava/lang/String;(-0.140); Ljava/lang/String;.substring:(II)Ljava/lang/String;(-0.139)
2022,15,1691,1672,19,0.0112,6,0,False,Ljava/net/URL;.openConnection:()Ljava/net/URLConnection;(-0.104); Ljava/net/HttpURLConnection;.setRequestMethod:(Ljava/lang/String;)V(+0.104); Landroid/webkit/WebViewDatabase;.clearHttpAuthUsernamePassword:()V(+0.104); Ljava/lang/String;.valueOf:(I)Ljava/lang/String;(+0.104); Landroid/content/Context;.getApplicationInfo:()Landroid/content/pm/ApplicationInfo;(+0.103); Ljava/lang/String;.getBytes:()[B(+0.103); Ljava/lang/String;.substring:(II)Ljava/lang/String;(-0.103); Ljava/lang/StringBuilder;.append:(Ljava/lang/Object;)Ljava/lang/StringBuilder;(+0.102); Ljava/lang/StringBuilder;.append:(C)Ljava/lang/StringBuilder;(-0.102); Ljava/lang/StringBuilder;.append:(I)Ljava/lang/StringBuilder;(-0.102)
2022,16,880,861,19,0.0216,6,0,False,Ljava/io/File;.mkdirs:()Z(+0.107); Landroid/os/Process;.myPid:()I(-0.107); Ljava/io/File;.mkdir:()Z(+0.106); Ljava/lang/String;.indexOf:(II)I(+0.105); Landroid/os/PowerManager$WakeLock;.release:()V(+0.105); Landroid/net/NetworkInfo;.isConnected:()Z(-0.104); Landroid/content/Context;.sendBroadcast:(Landroid/content/Intent;)V(+0.102); Landroid/content/ContentResolver;.insert:(Landroid/net/Uri;Landroid/content/ContentValues;)Landroid/net/Uri;(-0.102); Landroid/content/Context;.startService:(Landroid/content/Intent;)Landroid/content/ComponentName;(+0.101); Landroid/os/Handler;.sendMessage:(Landroid/os/Message;)Z(+0.101)
2022,17,1048,1005,43,0.041,6,0,False,Landroid/app/NotificationManager;.notify:(Ljava/lang/String;ILandroid/app/Notification;)V(+0.109); Landroid/net/ConnectivityManager;.getNetworkInfo:(I)Landroid/net/NetworkInfo;(-0.109); Landroid/app/NotificationManager;.notify:(ILandroid/app/Notification;)V(+0.107); Landroid/net/NetworkInfo;.isConnected:()Z(-0.106); Ljava/net/HttpURLConnection;.getResponseCode:()I(-0.103); Ljava/net/HttpURLConnection;.disconnect:()V(+0.103); Ljava/lang/StringBuffer;.append:(I)Ljava/lang/StringBuffer;(+0.102); Landroid/os/Vibrator;.vibrate:(J)V(+0.101); Landroid/content/Context;.startActivity:(Landroid/content/Intent;)V(-0.100); Ljava/lang/StringBuilder;.append:([CII)Ljava/lang/StringBuilder;(+0.099)
2022,18,1579,1570,9,0.0057,6,0,False,Ljava/io/File;.exists:()Z(-0.176); Ljava/io/File;.delete:()Z(+0.170); Ljava/lang/StringBuilder;.append:(Ljava/lang/String;)Ljava/lang/StringBuilder;(+0.170); Landroid/content/ContentResolver;.openInputStream:(Landroid/net/Uri;)Ljava/io/InputStream;(-0.170); Ljava/lang/StringBuilder;.append:(I)Ljava/lang/StringBuilder;(-0.168); Ljava/lang/StringBuilder;.append:(Ljava/lang/Object;)Ljava/lang/StringBuilder;(+0.168); Landroid/app/Activity;.startActivityForResult:(Landroid/content/Intent;I)V(+0.167); Ljava/lang/StringBuilder;.append:(C)Ljava/lang/StringBuilder;(-0.167); Ljava/lang/StringBuilder;.append:(J)Ljava/lang/StringBuilder;(+0.166); Ljava/lang/String;.indexOf:(II)I(+0.165)
2022,19,5465,5367,98,0.0179,6,0,False,Ljava/io/File;.mkdirs:()Z(+0.106); Ljava/net/HttpURLConnection;.addRequestProperty:(Ljava/lang/String;Ljava/lang/String;)V(-0.103); Ljava/lang/String;.valueOf:(Z)Ljava/lang/String;(-0.103); Landroid/content/Intent;.setDataAndType:(Landroid/net/Uri;Ljava/lang/String;)Landroid/content/Intent;(-0.100); Ljava/io/File;.exists:()Z(-0.099); Ljava/lang/String;.valueOf:(I)Ljava/lang/String;(+0.099); Landroid/content/Context;.getApplicationInfo:()Landroid/content/pm/ApplicationInfo;(+0.098); Ljava/lang/StringBuilder;.append:(Ljava/lang/CharSequence;)Ljava/lang/StringBuilder;(-0.098); Landroid/media/MediaPlayer;.start:()V(-0.097); Ljava/net/HttpURLConnection;.setReadTimeout:(I)V(+0.097)
2022,20,42,32,10,0.2381,5,0,False,Landroid/webkit/WebView;.loadUrl:(Ljava/lang/String;)V(-0.329); Landroid/webkit/WebView;.setWebChromeClient:(Landroid/webkit/WebChromeClient;)V(-0.308); Landroid/webkit/WebView;.goBack:()V(+0.299); Landroid/webkit/WebView;.canGoBack:()Z(-0.295); Landroid/webkit/WebView;.setWebViewClient:(Landroid/webkit/WebViewClient;)V(+0.256); Landroid/webkit/WebView;.getSettings:()Landroid/webkit/WebSettings;(+0.241); Landroid/webkit/WebViewClient;.<init>:()V(-0.235); Landroid/webkit/WebView;.addJavascriptInterface:(Ljava/lang/Object;Ljava/lang/String;)V(-0.170); Landroid/webkit/WebView;.reload:()V(+0.137); Landroid/webkit/WebView;.<init>:(Landroid/content/Context;)V(-0.132)
2022,21,7,7,0,0.0,2,1,False,Landroid/os/Process;.myPid:()I(-0.305); Ljava/util/Timer;.schedule:(Ljava/util/TimerTask;J)V(-0.285); Landroid/os/Process;.killProcess:(I)V(+0.282); Ljava/util/Timer;.cancel:()V(-0.234); Landroid/net/NetworkInfo;.isConnected:()Z(-0.219); Ljava/io/FileOutputStream;.write:([B)V(+0.213); Landroid/webkit/WebView;.canGoForward:()Z(-0.178); Landroid/content/Context;.sendBroadcast:(Landroid/content/Intent;)V(+0.150); Ljava/lang/System;.loadLibrary:(Ljava/lang/String;)V(-0.130); Landroid/net/NetworkInfo;.isConnectedOrConnecting:()Z(+0.129)
2022,22,19,18,1,0.0526,2,2,False,Landroid/os/Process;.myPid:()I(-0.458); Landroid/os/Process;.killProcess:(I)V(+0.439); Landroid/media/MediaPlayer;.start:()V(-0.359); Landroid/media/MediaPlayer;.stop:()V(+0.286); Ljava/lang/System;.loadLibrary:(Ljava/lang/String;)V(-0.156); Landroid/webkit/WebView;.canGoForward:()Z(-0.119); Ljava/lang/StringBuilder;.indexOf:(Ljava/lang/String;I)I(-0.115); Ljava/lang/StringBuilder;.append:(Ljava/lang/String;)Ljava/lang/StringBuilder;(+0.114); Ljava/lang/StringBuilder;.indexOf:(Ljava/lang/String;)I(-0.113); Ljava/lang/StringBuilder;.append:(I)Ljava/lang/StringBuilder;(-0.101)
2022,23,7,7,0,0.0,0,3,False,Ljava/lang/System;.loadLibrary:(Ljava/lang/String;)V(-0.591); Ljava/lang/String;.valueOf:(D)Ljava/lang/String;(-0.155); Landroid/media/MediaPlayer;.start:()V(-0.133); Landroid/content/ContentResolver;.insert:(Landroid/net/Uri;Landroid/content/ContentValues;)Landroid/net/Uri;(+0.121); Landroid/net/NetworkInfo;.isConnectedOrConnecting:()Z(+0.118); Landroid/os/Vibrator;.vibrate:([JI)V(+0.115); Landroid/os/Vibrator;.vibrate:(J)V(+0.114); Landroid/os/Process;.killProcess:(I)V(+0.113); Landroid/webkit/WebView;.getUrl:()Ljava/lang/String;(+0.103); Landroid/os/Handler;.obtainMessage:()Landroid/os/Message;(-0.102)
2022,24,14,13,1,0.0714,1,4,False,Landroid/os/PowerManager$WakeLock;.acquire:()V(-0.381); Ljava/lang/System;.loadLibrary:(Ljava/lang/String;)V(-0.293); Landroid/location/LocationManager;.getLastKnownLocation:(Ljava/lang/String;)Landroid/location/Location;(-0.278); Landroid/os/PowerManager$WakeLock;.release:()V(+0.257); Landroid/location/LocationManager;.isProviderEnabled:(Ljava/lang/String;)Z(+0.184); Ljava/lang/StringBuilder;.append:(Ljava/lang/String;)Ljava/lang/StringBuilder;(+0.179); Ljava/lang/StringBuilder;.append:(I)Ljava/lang/StringBuilder;(-0.165); Ljava/lang/StringBuilder;.append:(Ljava/lang/Object;)Ljava/lang/StringBuilder;(+0.157); Ljava/lang/String;.substring:(II)Ljava/lang/String;(-0.134); Ljava/lang/String;.substring:(I)Ljava/lang/String;(-0.132)
2022,25,92,90,2,0.0217,0,5,True,Landroid/telephony/TelephonyManager;.getLine1Number:()Ljava/lang/String;(-0.243); Landroid/net/NetworkInfo;.isConnectedOrConnecting:()Z(-0.215); Ljava/lang/String;.getBytes:()[B(+0.188); Ljava/io/FileOutputStream;.write:([BII)V(+0.163); Ljava/util/TimerTask;.cancel:()Z(-0.152); Ljava/lang/String;.getBytes:(Ljava/lang/String;)[B(-0.144); Landroid/webkit/WebView;.<init>:(Landroid/content/Context;)V(-0.143); Ljava/lang/String;.indexOf:(Ljava/lang/String;)I(+0.138); Landroid/telephony/TelephonyManager;.getCellLocation:()Landroid/telephony/CellLocation;(+0.137); Ljava/lang/String;.valueOf:(Ljava/lang/Object;)Ljava/lang/String;(-0.134)
2022,26,2,2,0,0.0,0,5,True,Landroid/content/Context;.getApplicationInfo:()Landroid/content/pm/ApplicationInfo;(+0.401); Landroid/content/Context;.openFileOutput:(Ljava/lang/String;I)Ljava/io/FileOutputStream;(-0.338); Ljava/lang/String;.valueOf:(F)Ljava/lang/String;(+0.281); Ljava/lang/StringBuilder;.append:(F)Ljava/lang/StringBuilder;(+0.216); Landroid/os/Handler;.obtainMessage:(ILjava/lang/Object;)Landroid/os/Message;(+0.193); Landroid/app/NotificationManager;.notify:(Ljava/lang/String;ILandroid/app/Notification;)V(+0.178); Ljava/lang/StringBuilder;.append:(D)Ljava/lang/StringBuilder;(+0.159); Ljava/net/HttpURLConnection;.getHeaderField:(Ljava/lang/String;)Ljava/lang/String;(-0.139); Ljava/lang/StringBuilder;.append:(Ljava/lang/CharSequence;II)Ljava/lang/StringBuilder;(-0.126); Ljava/lang/String;.valueOf:(J)Ljava/lang/String;(-0.117)
2022,27,1,1,0,0.0,0,5,True,Landroid/content/Context;.sendBroadcast:(Landroid/content/Intent;)V(+0.269); Ljava/lang/Runtime;.exec:(Ljava/lang/String;)Ljava/lang/Process;(+0.228); Landroid/content/Context;.getApplicationInfo:()Landroid/content/pm/ApplicationInfo;(+0.206); Landroid/app/NotificationManager;.notify:(ILandroid/app/Notification;)V(+0.196); Landroid/os/Handler;.obtainMessage:(ILjava/lang/Object;)Landroid/os/Message;(+0.185); Landroid/os/Handler;.sendMessage:(Landroid/os/Message;)Z(+0.181); Ljava/io/FileOutputStream;.write:([BII)V(+0.153); Ljava/lang/String;.valueOf:(F)Ljava/lang/String;(+0.145); Landroid/content/Intent;.setDataAndType:(Landroid/net/Uri;Ljava/lang/String;)Landroid/content/Intent;(-0.137); Ljava/lang/StringBuilder;.append:(F)Ljava/lang/StringBuilder;(+0.137)
2023,0,5504,5149,355,0.0645,7,0,False,Ljava/lang/StringBuilder;.append:(D)Ljava/lang/StringBuilder;(+0.091); Ljava/lang/String;.valueOf:(Z)Ljava/lang/String;(-0.090); Landroid/webkit/WebView;.stopLoading:()V(+0.090); Ljava/net/HttpURLConnection;.disconnect:()V(+0.090); Landroid/content/Intent;.setDataAndType:(Landroid/net/Uri;Ljava/lang/String;)Landroid/content/Intent;(-0.089); Ljava/lang/StringBuilder;.append:(F)Ljava/lang/StringBuilder;(+0.089); Landroid/content/Intent;.addFlags:(I)Landroid/content/Intent;(+0.088); Ljava/lang/String;.valueOf:(Ljava/lang/Object;)Ljava/lang/String;(-0.087); Ljava/io/File;.mkdirs:()Z(+0.087); Landroid/net/NetworkInfo;.isConnected:()Z(-0.086)
2023,1,1336,1236,100,0.0749,6,0,False,Ljava/net/HttpURLConnection;.disconnect:()V(+0.121); Ljava/lang/StringBuilder;.append:(Ljava/lang/String;)Ljava/lang/StringBuilder;(+0.121); Ljava/lang/StringBuilder;.append:(I)Ljava/lang/StringBuilder;(-0.120); Landroid/content/Intent;.setDataAndType:(Landroid/net/Uri;Ljava/lang/String;)Landroid/content/Intent;(-0.120); Landroid/webkit/WebView;.onResume:()V(+0.120); Landroid/webkit/WebView;.onPause:()V(-0.120); Ljava/lang/String;.substring:(I)Ljava/lang/String;(-0.120); Ljava/lang/StringBuilder;.append:(J)Ljava/lang/StringBuilder;(+0.120); Ljava/lang/StringBuilder;.append:(Ljava/lang/Object;)Ljava/lang/StringBuilder;(+0.120); Ljava/net/URL;.openConnection:()Ljava/net/URLConnection;(-0.119)
2023,2,557,526,31,0.0557,7,0,False,Ljava/lang/StringBuilder;.append:(Ljava/lang/String;)Ljava/lang/StringBuilder;(+0.235); Ljava/lang/StringBuilder;.append:(I)Ljava/lang/StringBuilder;(-0.230); Ljava/lang/StringBuilder;.append:(Ljava/lang/Object;)Ljava/lang/StringBuilder;(+0.226); Ljava/lang/String;.substring:(I)Ljava/lang/String;(-0.221); Ljava/lang/StringBuilder;.append:(C)Ljava/lang/StringBuilder;(-0.218); Ljava/lang/StringBuilder;.append:(J)Ljava/lang/StringBuilder;(+0.215); Landroid/content/Intent;.addFlags:(I)Landroid/content/Intent;(+0.212); Ljava/io/File;.exists:()Z(-0.206); Landroid/content/Context;.startActivity:(Landroid/content/Intent;)V(-0.203); Ljava/lang/String;.substring:(II)Ljava/lang/String;(-0.203)
2023,3,2550,2236,314,0.1231,7,0,False,Landroid/app/NotificationManager;.notify:(ILandroid/app/Notification;)V(+0.097); Ljava/lang/String;.valueOf:(I)Ljava/lang/String;(+0.095); Ljava/lang/StringBuilder;.append:(Z)Ljava/lang/StringBuilder;(-0.095); Landroid/os/Handler;.sendMessage:(Landroid/os/Message;)Z(+0.095); Landroid/content/Intent;.addFlags:(I)Landroid/content/Intent;(+0.095); Ljava/lang/String;.substring:(I)Ljava/lang/String;(-0.095); Ljava/io/File;.mkdirs:()Z(+0.094); Ljava/lang/StringBuilder;.append:(F)Ljava/lang/StringBuilder;(+0.094); Ljava/lang/String;.substring:(II)Ljava/lang/String;(-0.094); Ljava/lang/StringBuilder;.append:(C)Ljava/lang/StringBuilder;(-0.094)
2023,4,696,684,12,0.0172,5,0,False,Landroid/webkit/WebView;.getSettings:()Landroid/webkit/WebSettings;(+0.147); Landroid/webkit/WebViewClient;.<init>:()V(-0.145); Landroid/webkit/WebView;.setWebViewClient:(Landroid/webkit/WebViewClient;)V(+0.144); Ljavax/crypto/Cipher;.getInstance:(Ljava/lang/String;)Ljavax/crypto/Cipher;(+0.142); Ljavax/crypto/Cipher;.doFinal:([B)[B(+0.142); Ljava/net/HttpURLConnection;.setInstanceFollowRedirects:(Z)V(-0.141); Landroid/webkit/WebView;.destroy:()V(+0.141); Ljava/lang/StringBuilder;.append:(Ljava/lang/String;)Ljava/lang/StringBuilder;(+0.139); Ljava/lang/StringBuilder;.append:(I)Ljava/lang/StringBuilder;(-0.139); Ljava/net/HttpURLConnection;.getHeaderField:(Ljava/lang/String;)Ljava/lang/String;(-0.139)
2023,5,883,753,130,0.1472,6,0,False,Landroid/webkit/WebViewClient;.onReceivedError:(Landroid/webkit/WebView;ILjava/lang/String;Ljava/lang/String;)V(+0.100); Landroid/webkit/WebView;.destroy:()V(+0.098); Ljava/lang/StringBuilder;.append:(F)Ljava/lang/StringBuilder;(+0.097); Landroid/webkit/WebView;.loadUrl:(Ljava/lang/String;)V(-0.097); Landroid/net/NetworkInfo;.isConnected:()Z(-0.097); Landroid/webkit/WebView;.<init>:(Landroid/content/Context;)V(-0.096); Ljava/io/FileOutputStream;.write:([BII)V(+0.095); Ljava/net/HttpURLConnection;.getErrorStream:()Ljava/io/InputStream;(-0.095); Ljava/lang/StringBuilder;.append:(D)Ljava/lang/StringBuilder;(+0.095); Ljava/net/HttpURLConnection;.setRequestMethod:(Ljava/lang/String;)V(+0.095)
2023,6,1966,1844,122,0.0621,7,0,False,Landroid/webkit/WebViewDatabase;.clearHttpAuthUsernamePassword:()V(+0.106); Ljava/net/HttpURLConnection;.setRequestProperty:(Ljava/lang/String;Ljava/lang/String;)V(-0.106); Ljava/net/HttpURLConnection;.disconnect:()V(+0.106); Landroid/net/ConnectivityManager;.getActiveNetworkInfo:()Landroid/net/NetworkInfo;(+0.106); Landroid/webkit/WebView;.onTouchEvent:(Landroid/view/MotionEvent;)Z(+0.106); Landroid/content/Intent;.addFlags:(I)Landroid/content/Intent;(+0.106); Landroid/content/Context;.startActivity:(Landroid/content/Intent;)V(-0.106); Ljava/net/HttpURLConnection;.getResponseCode:()I(-0.105); Ljava/lang/String;.getBytes:()[B(+0.105); Ljava/net/HttpURLConnection;.connect:()V(+0.105)
2023,7,704,661,43,0.0611,7,0,False,Landroid/webkit/WebView;.canGoBack:()Z(-0.110); Ljava/lang/StringBuilder;.append:(Ljava/lang/Object;)Ljava/lang/StringBuilder;(+0.109); Ljava/lang/StringBuilder;.append:(I)Ljava/lang/StringBuilder;(-0.109); Ljava/lang/StringBuilder;.append:(Ljava/lang/String;)Ljava/lang/StringBuilder;(+0.109); Ljava/lang/StringBuilder;.append:(Z)Ljava/lang/StringBuilder;(-0.109); Ljava/lang/StringBuilder;.append:(J)Ljava/lang/StringBuilder;(+0.109); Ljava/lang/String;.substring:(II)Ljava/lang/String;(-0.109); Ljava/lang/StringBuilder;.append:(C)Ljava/lang/StringBuilder;(-0.108); Ljava/lang/String;.substring:(I)Ljava/lang/String;(-0.108); Ljava/lang/StringBuilder;.append:(F)Ljava/lang/StringBuilder;(+0.108)
2023,8,444,382,62,0.1396,7,0,False,Landroid/os/Process;.killProcess:(I)V(+0.177); Ljava/lang/StringBuilder;.append:(Ljava/lang/String;)Ljava/lang/StringBuilder;(+0.170); Ljava/lang/StringBuilder;.append:(I)Ljava/lang/StringBuilder;(-0.165); Landroid/media/AudioRecord;.startRecording:()V(-0.165); Landroid/media/AudioRecord;.getMinBufferSize:(III)I(+0.165); Landroid/media/AudioRecord;.stop:()V(-0.164); Landroid/media/AudioRecord;.release:()V(-0.164); Ljava/lang/StringBuilder;.append:(Ljava/lang/Object;)Ljava/lang/StringBuilder;(+0.163); Ljava/lang/System;.loadLibrary:(Ljava/lang/String;)V(-0.161); Landroid/os/Process;.myPid:()I(-0.161)
2023,9,722,574,148,0.205,7,0,False,Landroid/webkit/WebView;.loadUrl:(Ljava/lang/String;)V(-0.216); Landroid/webkit/WebView;.setWebViewClient:(Landroid/webkit/WebViewClient;)V(+0.194); Landroid/webkit/WebViewClient;.<init>:()V(-0.191); Landroid/webkit/WebView;.getSettings:()Landroid/webkit/WebSettings;(+0.187); Ljava/lang/StringBuilder;.append:(Ljava/lang/String;)Ljava/lang/StringBuilder;(+0.163); Ljava/lang/StringBuilder;.append:(I)Ljava/lang/StringBuilder;(-0.158); Landroid/webkit/WebView;.setWebChromeClient:(Landroid/webkit/WebChromeClient;)V(-0.155); Ljava/lang/StringBuilder;.append:(Ljava/lang/Object;)Ljava/lang/StringBuilder;(+0.152); Ljava/lang/String;.substring:(I)Ljava/lang/String;(-0.149); Landroid/webkit/WebView;.goBack:()V(+0.148)
2023,10,4619,4301,318,0.0688,7,0,False,Ljava/lang/StringBuilder;.append:(Ljava/lang/String;)Ljava/lang/StringBuilder;(+0.142); Ljava/lang/String;.valueOf:(I)Ljava/lang/String;(+0.141); Ljava/io/File;.exists:()Z(-0.141); Ljava/lang/StringBuilder;.append:(I)Ljava/lang/StringBuilder;(-0.141); Ljava/lang/String;.substring:(II)Ljava/lang/String;(-0.140); Ljava/lang/StringBuilder;.append:(Ljava/lang/Object;)Ljava/lang/StringBuilder;(+0.140); Ljava/lang/String;.substring:(I)Ljava/lang/String;(-0.138); Ljava/lang/StringBuilder;.append:(C)Ljava/lang/StringBuilder;(-0.136); Ljava/lang/StringBuilder;.append:(J)Ljava/lang/StringBuilder;(+0.136); Ljava/io/File;.delete:()Z(+0.134)
2023,11,1707,1690,17,0.01,7,0,False,Ljava/net/HttpURLConnection;.getContentType:()Ljava/lang/String;(+0.086); Ljava/net/HttpURLConnection;.setDefaultUseCaches:(Z)V(+0.085); Ljava/lang/StringBuilder;.append:(D)Ljava/lang/StringBuilder;(+0.083); Ljava/net/HttpURLConnection;.getHeaderFieldInt:(Ljava/lang/String;I)I(-0.082); Ljava/net/HttpURLConnection;.disconnect:()V(+0.082); Ljava/net/HttpURLConnection;.getResponseMessage:()Ljava/lang/String;(+0.082); Ljava/lang/StringBuilder;.append:(F)Ljava/lang/StringBuilder;(+0.081); Ljava/lang/String;.indexOf:(Ljava/lang/String;I)I(-0.081); Landroid/os/Handler;.sendMessage:(Landroid/os/Message;)Z(+0.081); Ljava/net/HttpURLConnection;.getContentEncoding:()Ljava/lang/String;(+0.080)
2023,12,2688,884,1804,0.6711,7,0,False,Ljava/io/File;.exists:()Z(-0.301); Ljava/io/File;.mkdir:()Z(+0.299); Ljava/lang/System;.loadLibrary:(Ljava/lang/String;)V(-0.296); Ljava/io/FileOutputStream;.write:([BII)V(+0.290); Ljava/lang/StringBuilder;.append:(Ljava/lang/String;)Ljava/lang/StringBuilder;(+0.254); Ljava/io/File;.delete:()Z(+0.240); Ljava/lang/StringBuilder;.append:(I)Ljava/lang/StringBuilder;(-0.214); Ljava/lang/StringBuilder;.append:(Ljava/lang/Object;)Ljava/lang/StringBuilder;(+0.207); Ljava/lang/String;.substring:(II)Ljava/lang/String;(-0.184); Ljava/lang/StringBuilder;.append:(J)Ljava/lang/StringBuilder;(+0.168)
2023,13,452,451,1,0.0022,7,0,False,Landroid/webkit/WebView;.canGoBack:()Z(-0.154); Ljava/io/File;.mkdirs:()Z(+0.153); Landroid/webkit/WebView;.goBack:()V(+0.149); Landroid/webkit/WebViewClient;.onPageFinished:(Landroid/webkit/WebView;Ljava/lang/String;)V(-0.146); Ljava/lang/StringBuilder;.append:(Ljava/lang/String;)Ljava/lang/StringBuilder;(+0.144); Ljava/lang/StringBuilder;.append:(I)Ljava/lang/StringBuilder;(-0.142); Landroid/webkit/WebViewClient;.onPageStarted:(Landroid/webkit/WebView;Ljava/lang/String;Landroid/graphics/Bitmap;)V(-0.142); Ljava/lang/StringBuilder;.append:(Ljava/lang/Object;)Ljava/lang/StringBuilder;(+0.141); Ljava/lang/String;.substring:(I)Ljava/lang/String;(-0.140); Ljava/lang/String;.substring:(II)Ljava/lang/String;(-0.139)
2023,14,1809,1790,19,0.0105,7,0,False,Ljava/lang/String;.valueOf:(I)Ljava/lang/String;(+0.104); Ljava/net/URL;.openConnection:()Ljava/net/URLConnection;(-0.104); Landroid/content/Context;.getApplicationInfo:()Landroid/content/pm/ApplicationInfo;(+0.104); Ljava/net/HttpURLConnection;.setRequestMethod:(Ljava/lang/String;)V(+0.103); Ljava/lang/String;.substring:(II)Ljava/lang/String;(-0.103); Ljava/lang/String;.getBytes:()[B(+0.103); Ljava/lang/StringBuilder;.append:(C)Ljava/lang/StringBuilder;(-0.103); Ljava/lang/StringBuilder;.append:(Ljava/lang/Object;)Ljava/lang/StringBuilder;(+0.103); Landroid/webkit/WebViewDatabase;.clearHttpAuthUsernamePassword:()V(+0.103); Ljava/lang/StringBuilder;.append:(I)Ljava/lang/StringBuilder;(-0.103)
2023,15,981,962,19,0.0194,7,0,False,Ljava/io/File;.mkdirs:()Z(+0.108); Landroid/os/Process;.myPid:()I(-0.108); Ljava/io/File;.mkdir:()Z(+0.107); Ljava/lang/String;.indexOf:(II)I(+0.106); Landroid/os/PowerManager$WakeLock;.release:()V(+0.105); Landroid/net/NetworkInfo;.isConnected:()Z(-0.104); Landroid/content/ContentResolver;.insert:(Landroid/net/Uri;Landroid/content/ContentValues;)Landroid/net/Uri;(-0.102); Landroid/webkit/WebView;.<init>:(Landroid/content/Context;Landroid/util/AttributeSet;I)V(+0.101); Landroid/content/Context;.sendBroadcast:(Landroid/content/Intent;)V(+0.101); Landroid/content/Context;.startService:(Landroid/content/Intent;)Landroid/content/ComponentName;(+0.101)
2023,16,1129,1086,43,0.0381,7,0,False,Landroid/app/NotificationManager;.notify:(Ljava/lang/String;ILandroid/app/Notification;)V(+0.109); Landroid/net/ConnectivityManager;.getNetworkInfo:(I)Landroid/net/NetworkInfo;(-0.109); Landroid/app/NotificationManager;.notify:(ILandroid/app/Notification;)V(+0.107); Landroid/net/NetworkInfo;.isConnected:()Z(-0.106); Ljava/net/HttpURLConnection;.getResponseCode:()I(-0.104); Ljava/net/HttpURLConnection;.disconnect:()V(+0.103); Ljava/lang/StringBuffer;.append:(I)Ljava/lang/StringBuffer;(+0.102); Landroid/os/Vibrator;.vibrate:(J)V(+0.101); Landroid/content/Context;.startActivity:(Landroid/content/Intent;)V(-0.100); Ljava/lang/StringBuilder;.append:([CII)Ljava/lang/StringBuilder;(+0.099)
2023,17,1961,1949,12,0.0061,7,0,False,Ljava/io/File;.exists:()Z(-0.176); Ljava/io/File;.delete:()Z(+0.169); Ljava/lang/StringBuilder;.append:(Ljava/lang/String;)Ljava/lang/StringBuilder;(+0.167); Landroid/content/ContentResolver;.openInputStream:(Landroid/net/Uri;)Ljava/io/InputStream;(-0.167); Ljava/lang/StringBuilder;.append:(I)Ljava/lang/StringBuilder;(-0.166); Ljava/lang/StringBuilder;.append:(Ljava/lang/Object;)Ljava/lang/StringBuilder;(+0.165); Ljava/lang/String;.indexOf:(II)I(+0.164); Ljava/lang/StringBuilder;.append:(C)Ljava/lang/StringBuilder;(-0.163); Ljava/lang/StringBuilder;.append:(J)Ljava/lang/StringBuilder;(+0.163); Landroid/app/Activity;.startActivityForResult:(Landroid/content/Intent;I)V(+0.163)
2023,18,5529,5430,99,0.0179,7,0,False,Ljava/io/File;.mkdirs:()Z(+0.106); Ljava/net/HttpURLConnection;.addRequestProperty:(Ljava/lang/String;Ljava/lang/String;)V(-0.103); Ljava/lang/String;.valueOf:(Z)Ljava/lang/String;(-0.103); Landroid/content/Intent;.setDataAndType:(Landroid/net/Uri;Ljava/lang/String;)Landroid/content/Intent;(-0.100); Ljava/io/File;.exists:()Z(-0.099); Ljava/lang/String;.valueOf:(I)Ljava/lang/String;(+0.099); Landroid/content/Context;.getApplicationInfo:()Landroid/content/pm/ApplicationInfo;(+0.098); Ljava/lang/StringBuilder;.append:(Ljava/lang/CharSequence;)Ljava/lang/StringBuilder;(-0.098); Landroid/media/MediaPlayer;.start:()V(-0.097); Ljava/net/HttpURLConnection;.setReadTimeout:(I)V(+0.097)
2023,19,42,32,10,0.2381,5,0,False,Landroid/webkit/WebView;.loadUrl:(Ljava/lang/String;)V(-0.329); Landroid/webkit/WebView;.setWebChromeClient:(Landroid/webkit/WebChromeClient;)V(-0.308); Landroid/webkit/WebView;.goBack:()V(+0.299); Landroid/webkit/WebView;.canGoBack:()Z(-0.295); Landroid/webkit/WebView;.setWebViewClient:(Landroid/webkit/WebViewClient;)V(+0.256); Landroid/webkit/WebView;.getSettings:()Landroid/webkit/WebSettings;(+0.241); Landroid/webkit/WebViewClient;.<init>:()V(-0.235); Landroid/webkit/WebView;.addJavascriptInterface:(Ljava/lang/Object;Ljava/lang/String;)V(-0.170); Landroid/webkit/WebView;.reload:()V(+0.137); Landroid/webkit/WebView;.<init>:(Landroid/content/Context;)V(-0.132)
2023,20,7,7,0,0.0,2,1,False,Landroid/os/Process;.myPid:()I(-0.305); Ljava/util/Timer;.schedule:(Ljava/util/TimerTask;J)V(-0.285); Landroid/os/Process;.killProcess:(I)V(+0.282); Ljava/util/Timer;.cancel:()V(-0.234); Landroid/net/NetworkInfo;.isConnected:()Z(-0.219); Ljava/io/FileOutputStream;.write:([B)V(+0.213); Landroid/webkit/WebView;.canGoForward:()Z(-0.178); Landroid/content/Context;.sendBroadcast:(Landroid/content/Intent;)V(+0.150); Ljava/lang/System;.loadLibrary:(Ljava/lang/String;)V(-0.130); Landroid/net/NetworkInfo;.isConnectedOrConnecting:()Z(+0.129)
2023,21,19,18,1,0.0526,2,2,False,Landroid/os/Process;.myPid:()I(-0.458); Landroid/os/Process;.killProcess:(I)V(+0.439); Landroid/media/MediaPlayer;.start:()V(-0.359); Landroid/media/MediaPlayer;.stop:()V(+0.286); Ljava/lang/System;.loadLibrary:(Ljava/lang/String;)V(-0.156); Landroid/webkit/WebView;.canGoForward:()Z(-0.119); Ljava/lang/StringBuilder;.indexOf:(Ljava/lang/String;I)I(-0.115); Ljava/lang/StringBuilder;.append:(Ljava/lang/String;)Ljava/lang/StringBuilder;(+0.114); Ljava/lang/StringBuilder;.indexOf:(Ljava/lang/String;)I(-0.113); Ljava/lang/StringBuilder;.append:(I)Ljava/lang/StringBuilder;(-0.101)
2023,22,46,44,2,0.0435,1,3,False,Ljava/lang/System;.loadLibrary:(Ljava/lang/String;)V(-0.551); Ljava/lang/StringBuilder;.append:(Ljava/lang/String;)Ljava/lang/StringBuilder;(+0.153); Ljava/lang/String;.valueOf:(D)Ljava/lang/String;(-0.137); Landroid/media/MediaPlayer;.start:()V(-0.136); Ljava/lang/StringBuilder;.append:(I)Ljava/lang/StringBuilder;(-0.129); Landroid/content/ContentResolver;.insert:(Landroid/net/Uri;Landroid/content/ContentValues;)Landroid/net/Uri;(+0.124); Ljava/lang/StringBuilder;.append:(Ljava/lang/Object;)Ljava/lang/StringBuilder;(+0.122); Ljava/io/File;.exists:()Z(-0.117); Ljava/lang/String;.substring:(II)Ljava/lang/String;(-0.109); Landroid/os/Vibrator;.vibrate:([JI)V(+0.108)
2023,23,14,13,1,0.0714,1,4,False,Landroid/os/PowerManager$WakeLock;.acquire:()V(-0.381); Ljava/lang/System;.loadLibrary:(Ljava/lang/String;)V(-0.293); Landroid/location/LocationManager;.getLastKnownLocation:(Ljava/lang/String;)Landroid/location/Location;(-0.278); Landroid/os/PowerManager$WakeLock;.release:()V(+0.257); Landroid/location/LocationManager;.isProviderEnabled:(Ljava/lang/String;)Z(+0.184); Ljava/lang/StringBuilder;.append:(Ljava/lang/String;)Ljava/lang/StringBuilder;(+0.179); Ljava/lang/StringBuilder;.append:(I)Ljava/lang/StringBuilder;(-0.165); Ljava/lang/StringBuilder;.append:(Ljava/lang/Object;)Ljava/lang/StringBuilder;(+0.157); Ljava/lang/String;.substring:(II)Ljava/lang/String;(-0.134); Ljava/lang/String;.substring:(I)Ljava/lang/String;(-0.132)
2023,24,92,90,2,0.0217,0,5,False,Landroid/telephony/TelephonyManager;.getLine1Number:()Ljava/lang/String;(-0.243); Landroid/net/NetworkInfo;.isConnectedOrConnecting:()Z(-0.215); Ljava/lang/String;.getBytes:()[B(+0.188); Ljava/io/FileOutputStream;.write:([BII)V(+0.163); Ljava/util/TimerTask;.cancel:()Z(-0.152); Ljava/lang/String;.getBytes:(Ljava/lang/String;)[B(-0.144); Landroid/webkit/WebView;.<init>:(Landroid/content/Context;)V(-0.143); Ljava/lang/String;.indexOf:(Ljava/lang/String;)I(+0.138); Landroid/telephony/TelephonyManager;.getCellLocation:()Landroid/telephony/CellLocation;(+0.137); Ljava/lang/String;.valueOf:(Ljava/lang/Object;)Ljava/lang/String;(-0.134)
2023,25,3,3,0,0.0,1,5,False,Landroid/content/Context;.getApplicationInfo:()Landroid/content/pm/ApplicationInfo;(+0.401); Landroid/content/Context;.openFileOutput:(Ljava/lang/String;I)Ljava/io/FileOutputStream;(-0.338); Ljava/lang/String;.valueOf:(F)Ljava/lang/String;(+0.281); Ljava/lang/StringBuilder;.append:(F)Ljava/lang/StringBuilder;(+0.216); Landroid/os/Handler;.obtainMessage:(ILjava/lang/Object;)Landroid/os/Message;(+0.193); Landroid/app/NotificationManager;.notify:(Ljava/lang/String;ILandroid/app/Notification;)V(+0.178); Ljava/lang/StringBuilder;.append:(D)Ljava/lang/StringBuilder;(+0.159); Ljava/net/HttpURLConnection;.getHeaderField:(Ljava/lang/String;)Ljava/lang/String;(-0.139); Ljava/lang/StringBuilder;.append:(Ljava/lang/CharSequence;II)Ljava/lang/StringBuilder;(-0.126); Ljava/lang/String;.valueOf:(J)Ljava/lang/String;(-0.117)
2023,26,1,1,0,0.0,0,5,False,Landroid/content/Context;.sendBroadcast:(Landroid/content/Intent;)V(+0.269); Ljava/lang/Runtime;.exec:(Ljava/lang/String;)Ljava/lang/Process;(+0.228); Landroid/content/Context;.getApplicationInfo:()Landroid/content/pm/ApplicationInfo;(+0.206); Landroid/app/NotificationManager;.notify:(ILandroid/app/Notification;)V(+0.196); Landroid/os/Handler;.obtainMessage:(ILjava/lang/Object;)Landroid/os/Message;(+0.185); Landroid/os/Handler;.sendMessage:(Landroid/os/Message;)Z(+0.181); Ljava/io/FileOutputStream;.write:([BII)V(+0.153); Ljava/lang/String;.valueOf:(F)Ljava/lang/String;(+0.145); Landroid/content/Intent;.setDataAndType:(Landroid/net/Uri;Ljava/lang/String;)Landroid/content/Intent;(-0.137); Ljava/lang/StringBuilder;.append:(F)Ljava/lang/StringBuilder;(+0.137)
2023,27,46,41,5,0.1087,0,6,True,<bucket_39>(+0.000); <bucket_38>(+0.000); <bucket_37>(+0.000); <bucket_36>(+0.000); <bucket_35>(+0.000); <bucket_34>(+0.000); Ljava/net/Socket;.connect:(Ljava/net/SocketAddress;)V(+0.000); <bucket_32>(+0.000); <bucket_47>(+0.000); <bucket_46>(+0.000)
