month,cluster_id,n_members_current_month,cluster_birth_month_index,cluster_age,is_new,drift_detected,drift_applied,n_new_clusters_month,cos_sim_backproj_vs_member_mean,topk_bucket_overlap_vs_member_mean,malicious_rate_current_month,cluster_error_rate_current_month,top_features,analysis_only_full_labels,case_event
2016-01,21,78,0,0,True,False,False,5,0.8754634261131287,0.6666666666666666,0.8461538461538461,0.3717948717948718,app_permissions::name='android_permission_WRITE_EXTERNAL_STORAGE'(+0.366); app_permissions::name='android_permission_READ_PHONE_STATE'(+0.281); app_permissions::name='android_permission_ACCESS_WIFI_STATE'(+0.263); interesting_calls::printStackTrace(+0.241); app_permissions::name='android_permission_ACCESS_NETWORK_STATE'(+0.220); app_permissions::name='android_permission_INTERNET'(+0.206); intents::android_intent_action_MAIN(+0.196); intents::android_intent_category_LAUNCHER(+0.194); app_permissions::name='android_permission_WAKE_LOCK'(+0.193); interesting_calls::getPackageInfo(+0.167),True,new_cluster
2016-01,23,243,0,0,True,False,False,5,0.9516890048980713,0.6666666666666666,0.09053497942386832,0.12757201646090535,intents::android_intent_action_MAIN(+0.221); intents::android_intent_category_LAUNCHER(+0.220); interesting_calls::getSystemService(+0.216); api_permissions::android_permission_INTERNET(+0.215); app_permissions::name='android_permission_INTERNET'(+0.204); api_permissions::android_permission_ACCESS_NETWORK_STATE(+0.202); interesting_calls::Read/Write External Storage(+0.194); interesting_calls::getPackageInfo(+0.191); api_permissions::android_permission_READ_CONTACTS(+0.182); app_permissions::name='android_permission_ACCESS_NETWORK_STATE'(+0.182),True,new_cluster
2016-01,22,91,0,0,True,False,False,5,0.8002287149429321,0.0,0.0,0.0,api_permissions::android_permission_READ_PHONE_STATE(+0.187); api_calls::java/net/Socket(+0.169); api_calls::android/location/LocationManager;->getLastKnownLocation(+0.168); api_permissions::android_permission_ACCESS_FINE_LOCATION(+0.162); app_permissions::name='android_permission_WAKE_LOCK'(+0.162); app_permissions::name='com_google_android_c2dm_permission_RECEIVE'(+0.157); providers::com_google_android_providers_gsf_permission_READ_GSERVICES(+0.157); app_permissions::name='com_google_android_providers_gsf_permission_READ_GSERVICES'(+0.157); app_permissions::name='android_permission_READ_PHONE_STATE'(+0.152); api_permissions::android_permission_WAKE_LOCK(+0.152),True,new_cluster
2016-01,20,42,0,0,True,False,False,5,0.8809092044830322,0.42857142857142855,0.0,0.0,interesting_calls::getPackageInfo(+0.136); intents::android_intent_action_MAIN(+0.128); intents::android_intent_category_LAUNCHER(+0.126); interesting_calls::Read/Write External Storage(+0.125); app_permissions::name='android_permission_WRITE_EXTERNAL_STORAGE'(+0.125); app_permissions::name='android_permission_ACCESS_NETWORK_STATE'(+0.125); app_permissions::name='android_permission_INTERNET'(+0.125); api_permissions::android_permission_ACCESS_FINE_LOCATION(+0.124); interesting_calls::getSystemService(+0.122); api_permissions::android_permission_INTERNET(+0.122),True,new_cluster
2016-01,24,37,0,0,True,False,False,5,0.9014579057693481,0.6666666666666666,0.0,0.0,interesting_calls::printStackTrace(+0.162); interesting_calls::getPackageInfo(+0.147); intents::android_intent_action_MAIN(+0.143); intents::android_intent_category_LAUNCHER(+0.143); app_permissions::name='android_permission_INTERNET'(+0.141); interesting_calls::getSystemService(+0.139); app_permissions::name='android_permission_ACCESS_NETWORK_STATE'(+0.138); api_permissions::android_permission_INTERNET(+0.138); api_permissions::android_permission_ACCESS_NETWORK_STATE(+0.138); interesting_calls::Obfuscation(Base64)(+0.138),True,new_cluster
2016-01,15,299,0,1,False,False,False,5,0.9346563816070557,0.8181818181818182,0.4214046822742475,0.2608695652173913,app_permissions::name='android_permission_WRITE_EXTERNAL_STORAGE'(+0.190); app_permissions::name='android_permission_READ_PHONE_STATE'(+0.187); app_permissions::name='android_permission_ACCESS_WIFI_STATE'(+0.183); intents::android_intent_action_MAIN(+0.183); intents::android_intent_category_LAUNCHER(+0.182); app_permissions::name='android_permission_INTERNET'(+0.182); app_permissions::name='android_permission_ACCESS_NETWORK_STATE'(+0.181); interesting_calls::printStackTrace(+0.177); interesting_calls::getSystemService(+0.175); api_permissions::android_permission_INTERNET(+0.173),True,new_cluster
2016-01,6,214,0,1,False,False,False,5,0.9615843296051025,0.8181818181818182,0.3037383177570093,0.22897196261682243,intents::android_intent_action_MAIN(+0.234); intents::android_intent_category_LAUNCHER(+0.234); interesting_calls::getSystemService(+0.232); api_permissions::android_permission_INTERNET(+0.231); app_permissions::name='android_permission_INTERNET'(+0.217); api_permissions::android_permission_ACCESS_NETWORK_STATE(+0.216); interesting_calls::Read/Write External Storage(+0.208); api_calls::android/net/ConnectivityManager;->getActiveNetworkInfo(+0.196); app_permissions::name='android_permission_ACCESS_NETWORK_STATE'(+0.185); interesting_calls::getPackageInfo(+0.183),True,new_cluster
2016-01,10,118,0,1,False,False,False,5,0.9354636073112488,0.5384615384615384,0.11864406779661017,0.1271186440677966,intents::android_intent_action_MAIN(+0.347); intents::android_intent_category_LAUNCHER(+0.345); interesting_calls::getSystemService(+0.304); api_permissions::android_permission_INTERNET(+0.304); app_permissions::name='android_permission_INTERNET'(+0.303); api_calls::android/webkit/WebView(+0.234); api_permissions::android_permission_ACCESS_NETWORK_STATE(+0.229); app_permissions::name='android_permission_ACCESS_NETWORK_STATE'(+0.225); activities::_MainActivity(+0.197); interesting_calls::getPackageInfo(+0.191),True,new_cluster
2016-01,16,11,0,1,False,False,False,5,0.7989968657493591,0.1111111111111111,0.09090909090909091,0.09090909090909091,interesting_calls::Obfuscation(Base64)(+0.139); app_permissions::name='android_permission_INTERNET'(+0.137); app_permissions::name='android_permission_ACCESS_NETWORK_STATE'(+0.136); interesting_calls::getPackageInfo(+0.136); api_permissions::android_permission_INTERNET(+0.136); intents::android_intent_action_MAIN(+0.135); intents::android_intent_category_LAUNCHER(+0.135); interesting_calls::getSystemService(+0.135); interesting_calls::getDeviceId(+0.135); api_permissions::android_permission_ACCESS_NETWORK_STATE(+0.135),True,new_cluster
2016-01,8,164,0,1,False,False,False,5,0.9694350957870483,0.5384615384615384,0.06707317073170732,0.07317073170731707,intents::android_intent_action_MAIN(+0.246); intents::android_intent_category_LAUNCHER(+0.245); interesting_calls::getSystemService(+0.238); api_permissions::android_permission_INTERNET(+0.235); app_permissions::name='android_permission_INTERNET'(+0.226); api_permissions::android_permission_ACCESS_NETWORK_STATE(+0.216); interesting_calls::printStackTrace(+0.214); interesting_calls::Read/Write External Storage(+0.205); app_permissions::name='android_permission_WRITE_EXTERNAL_STORAGE'(+0.204); api_calls::android/net/ConnectivityManager;->getActiveNetworkInfo(+0.199),True,new_cluster
2016-02,26,77,1,0,True,True,False,5,0.9349535703659058,0.8181818181818182,0.09090909090909091,0.14285714285714285,intents::android_intent_action_MAIN(+0.162); api_permissions::android_permission_INTERNET(+0.159); intents::android_intent_category_LAUNCHER(+0.158); interesting_calls::getSystemService(+0.158); app_permissions::name='android_permission_INTERNET'(+0.158); api_permissions::android_permission_VIBRATE(+0.158); interesting_calls::Obfuscation(Base64)(+0.157); api_permissions::android_permission_ACCESS_NETWORK_STATE(+0.155); api_permissions::android_permission_READ_CONTACTS(+0.154); interesting_calls::Read/Write External Storage(+0.153),True,new_cluster
2016-02,28,38,1,0,True,True,False,5,0.9036792516708374,0.25,0.18421052631578946,0.13157894736842105,api_permissions::android_permission_ACCESS_WIFI_STATE(+0.128); app_permissions::name='android_permission_ACCESS_WIFI_STATE'(+0.126); interesting_calls::Obfuscation(Base64)(+0.126); interesting_calls::getPackageInfo(+0.124); interesting_calls::getDeviceId(+0.122); interesting_calls::HttpPost(+0.122); app_permissions::name='android_permission_ACCESS_NETWORK_STATE'(+0.122); app_permissions::name='android_permission_WRITE_EXTERNAL_STORAGE'(+0.122); intents::android_intent_category_DEFAULT(+0.122); interesting_calls::Read/Write External Storage(+0.117),True,new_cluster
2016-02,27,15,1,0,True,True,False,5,0.9363061785697937,0.0,0.06666666666666667,0.06666666666666667,api_calls::android/content/ContentResolver;->query(+0.149); api_permissions::android_permission_RECORD_AUDIO(+0.143); api_calls::android/location/LocationManager;->getBestProvider(+0.143); api_permissions::android_permission_ACCESS_FINE_LOCATION(+0.141); api_calls::android/telephony/TelephonyManager;->getDeviceId(+0.140); api_calls::android/app/NotificationManager;->notify(+0.139); api_calls::org/apache/http/impl/client/DefaultHttpClient(+0.139); interesting_calls::printStackTrace(+0.137); api_calls::android/content/Context;->startActivity(+0.137); interesting_calls::getDeviceId(+0.136),True,new_cluster
2016-02,29,106,1,0,True,True,False,5,0.8948190212249756,0.8181818181818182,0.02830188679245283,0.03773584905660377,intents::android_intent_action_MAIN(+0.252); intents::android_intent_category_LAUNCHER(+0.251); interesting_calls::getSystemService(+0.244); api_permissions::android_permission_INTERNET(+0.240); app_permissions::name='android_permission_INTERNET'(+0.218); api_permissions::android_permission_ACCESS_NETWORK_STATE(+0.216); interesting_calls::Read/Write External Storage(+0.210); api_permissions::android_permission_WAKE_LOCK(+0.198); api_permissions::android_permission_READ_CONTACTS(+0.193); api_calls::android/net/ConnectivityManager;->getActiveNetworkInfo(+0.192),True,new_cluster
2016-02,25,41,1,0,True,True,False,5,0.7423394918441772,0.05263157894736842,0.0,0.0,api_calls::android/telephony/TelephonyManager;->getDeviceId(+0.128); interesting_calls::Obfuscation(Base64)(+0.119); api_permissions::android_permission_MANAGE_ACCOUNTS(+0.115); interesting_calls::getDeviceId(+0.113); api_permissions::android_permission_READ_PHONE_STATE(+0.111); api_calls::android/accounts/AccountManager;->invalidateAuthToken(+0.111); interesting_calls::HttpPost(+0.108); interesting_calls::Read/Write External Storage(+0.101); api_permissions::android_permission_ACCESS_NETWORK_STATE(+0.100); api_permissions::android_permission_READ_CONTACTS(+0.100),True,new_cluster
2016-02,15,227,0,2,False,True,False,5,0.9242351055145264,0.8181818181818182,0.4889867841409692,0.13656387665198239,app_permissions::name='android_permission_WRITE_EXTERNAL_STORAGE'(+0.190); app_permissions::name='android_permission_READ_PHONE_STATE'(+0.187); app_permissions::name='android_permission_ACCESS_WIFI_STATE'(+0.183); intents::android_intent_action_MAIN(+0.183); intents::android_intent_category_LAUNCHER(+0.182); app_permissions::name='android_permission_INTERNET'(+0.182); app_permissions::name='android_permission_ACCESS_NETWORK_STATE'(+0.181); interesting_calls::printStackTrace(+0.177); interesting_calls::getSystemService(+0.175); interesting_calls::getPackageInfo(+0.173),True,new_cluster
2016-02,16,18,0,2,False,True,False,5,0.8887972235679626,0.25,0.05555555555555555,0.1111111111111111,interesting_calls::Obfuscation(Base64)(+0.139); app_permissions::name='android_permission_INTERNET'(+0.137); app_permissions::name='android_permission_ACCESS_NETWORK_STATE'(+0.136); interesting_calls::getPackageInfo(+0.136); api_permissions::android_permission_INTERNET(+0.136); intents::android_intent_action_MAIN(+0.135); intents::android_intent_category_LAUNCHER(+0.135); interesting_calls::getSystemService(+0.135); interesting_calls::getDeviceId(+0.135); api_permissions::android_permission_ACCESS_NETWORK_STATE(+0.135),True,new_cluster
2016-02,21,121,0,1,False,True,False,5,0.8917520046234131,0.6666666666666666,0.9834710743801653,0.09917355371900827,app_permissions::name='android_permission_WRITE_EXTERNAL_STORAGE'(+0.368); app_permissions::name='android_permission_READ_PHONE_STATE'(+0.286); app_permissions::name='android_permission_ACCESS_WIFI_STATE'(+0.269); interesting_calls::printStackTrace(+0.241); app_permissions::name='android_permission_ACCESS_NETWORK_STATE'(+0.225); app_permissions::name='android_permission_INTERNET'(+0.213); intents::android_intent_action_MAIN(+0.203); intents::android_intent_category_LAUNCHER(+0.201); app_permissions::name='android_permission_WAKE_LOCK'(+0.194); interesting_calls::getPackageInfo(+0.170),True,new_cluster
2016-02,6,207,0,2,False,True,False,5,0.9697374701499939,0.8181818181818182,0.34299516908212563,0.08695652173913043,intents::android_intent_action_MAIN(+0.234); intents::android_intent_category_LAUNCHER(+0.234); interesting_calls::getSystemService(+0.232); api_permissions::android_permission_INTERNET(+0.231); app_permissions::name='android_permission_INTERNET'(+0.217); api_permissions::android_permission_ACCESS_NETWORK_STATE(+0.216); interesting_calls::Read/Write External Storage(+0.209); api_calls::android/net/ConnectivityManager;->getActiveNetworkInfo(+0.195); app_permissions::name='android_permission_ACCESS_NETWORK_STATE'(+0.185); interesting_calls::getPackageInfo(+0.183),True,new_cluster
2016-02,9,78,0,2,False,True,False,5,0.8601430654525757,0.25,0.14102564102564102,0.0641025641025641,intents::android_intent_action_MAIN(+0.133); intents::android_intent_category_LAUNCHER(+0.131); interesting_calls::getSystemService(+0.131); api_permissions::android_permission_INTERNET(+0.131); app_permissions::name='android_permission_INTERNET'(+0.130); api_permissions::android_permission_READ_CONTACTS(+0.130); api_permissions::android_permission_ACCESS_NETWORK_STATE(+0.129); interesting_calls::getPackageInfo(+0.128); app_permissions::name='android_permission_ACCESS_NETWORK_STATE'(+0.127); urls::http://twitter4j_org/(+0.127),True,new_cluster
2016-03,30,99,2,0,True,True,True,5,0.8903026580810547,0.6666666666666666,0.0707070707070707,0.2222222222222222,intents::android_intent_action_MAIN(+0.250); intents::android_intent_category_LAUNCHER(+0.248); interesting_calls::getSystemService(+0.233); api_permissions::android_permission_INTERNET(+0.228); app_permissions::name='android_permission_INTERNET'(+0.223); api_permissions::android_permission_ACCESS_NETWORK_STATE(+0.203); app_permissions::name='android_permission_ACCESS_NETWORK_STATE'(+0.194); interesting_calls::printStackTrace(+0.187); api_permissions::android_permission_WAKE_LOCK(+0.186); interesting_calls::getPackageInfo(+0.186),True,new_cluster
2016-03,33,45,2,0,True,True,True,5,0.9510089755058289,0.8181818181818182,0.06666666666666667,0.15555555555555556,intents::android_intent_action_MAIN(+0.164); intents::android_intent_category_LAUNCHER(+0.164); interesting_calls::getSystemService(+0.162); api_permissions::android_permission_INTERNET(+0.161); app_permissions::name='android_permission_INTERNET'(+0.161); interesting_calls::Read/Write External Storage(+0.160); urls::http://www_w3_org/XML/1998/namespace(+0.158); api_permissions::android_permission_ACCESS_NETWORK_STATE(+0.157); interesting_calls::Obfuscation(Base64)(+0.152); interesting_calls::printStackTrace(+0.151),True,new_cluster
2016-03,32,32,2,0,True,True,True,5,0.9407735466957092,0.05263157894736842,0.15625,0.0625,api_permissions::android_permission_VIBRATE(+0.141); interesting_calls::Obfuscation(Base64)(+0.097); interesting_calls::getPackageInfo(+0.093); api_permissions::android_permission_WAKE_LOCK(+0.092); interesting_calls::printStackTrace(+0.092); urls::https://api_twitter_com/oauth/request_token(+0.090); urls::https://api_twitter_com/oauth/access_token(+0.090); api_permissions::android_permission_ACCESS_NETWORK_STATE(+0.090); app_permissions::name='android_permission_INTERNET'(+0.089); intents::android_intent_action_MAIN(+0.089),True,new_cluster
2016-03,31,90,2,0,True,True,True,5,0.9308135509490967,0.8181818181818182,0.0,0.011111111111111112,api_permissions::android_permission_WAKE_LOCK(+0.228); api_permissions::android_permission_CAMERA(+0.225); api_calls::android/hardware/Camera;->open(+0.224); intents::android_intent_action_MAIN(+0.224); intents::android_intent_category_LAUNCHER(+0.222); interesting_calls::getSystemService(+0.214); api_permissions::android_permission_INTERNET(+0.211); interesting_calls::Read/Write External Storage(+0.204); api_permissions::android_permission_ACCESS_NETWORK_STATE(+0.194); api_permissions::android_permission_ACCESS_FINE_LOCATION(+0.190),True,new_cluster
2016-03,34,60,2,0,True,True,True,5,0.8205604553222656,0.6666666666666666,0.0,0.0,api_permissions::android_permission_READ_CONTACTS(+0.172); interesting_calls::Read/Write External Storage(+0.166); app_permissions::name='android_permission_WRITE_EXTERNAL_STORAGE'(+0.164); interesting_calls::Obfuscation(Base64)(+0.153); api_permissions::android_permission_INTERNET(+0.147); interesting_calls::getSystemService(+0.146); intents::android_intent_category_LAUNCHER(+0.145); intents::android_intent_action_MAIN(+0.145); interesting_calls::printStackTrace(+0.141); app_permissions::name='android_permission_INTERNET'(+0.137),True,new_cluster
2016-03,27,13,1,1,False,True,True,5,0.9303128123283386,0.0,0.0,1.0,api_calls::android/content/ContentResolver;->query(+0.149); api_permissions::android_permission_RECORD_AUDIO(+0.144); api_calls::android/location/LocationManager;->getBestProvider(+0.142); api_calls::android/telephony/TelephonyManager;->getDeviceId(+0.140); api_calls::android/app/NotificationManager;->notify(+0.140); api_permissions::android_permission_ACCESS_FINE_LOCATION(+0.139); interesting_calls::printStackTrace(+0.139); api_calls::android/content/Context;->startActivity(+0.138); api_calls::org/apache/http/impl/client/DefaultHttpClient(+0.137); app_permissions::name='android_permission_ACCESS_WIFI_STATE'(+0.137),True,new_cluster
2016-03,28,128,1,1,False,True,True,5,0.8660261034965515,0.25,0.203125,0.5,intents::android_intent_category_DEFAULT(+0.134); app_permissions::name='android_permission_ACCESS_WIFI_STATE'(+0.129); interesting_calls::getPackageInfo(+0.127); api_permissions::android_permission_ACCESS_WIFI_STATE(+0.127); interesting_calls::Obfuscation(Base64)(+0.126); app_permissions::name='android_permission_WRITE_EXTERNAL_STORAGE'(+0.126); interesting_calls::Read/Write External Storage(+0.125); interesting_calls::getDeviceId(+0.124); app_permissions::name='android_permission_ACCESS_NETWORK_STATE'(+0.124); interesting_calls::HttpPost(+0.123),True,new_cluster
2016-03,15,297,0,3,False,True,True,5,0.9617189764976501,1.0,0.6262626262626263,0.23905723905723905,app_permissions::name='android_permission_WRITE_EXTERNAL_STORAGE'(+0.190); app_permissions::name='android_permission_READ_PHONE_STATE'(+0.188); app_permissions::name='android_permission_ACCESS_WIFI_STATE'(+0.184); intents::android_intent_action_MAIN(+0.183); intents::android_intent_category_LAUNCHER(+0.183); app_permissions::name='android_permission_INTERNET'(+0.183); app_permissions::name='android_permission_ACCESS_NETWORK_STATE'(+0.182); interesting_calls::printStackTrace(+0.177); interesting_calls::getSystemService(+0.175); api_permissions::android_permission_INTERNET(+0.173),True,new_cluster
2016-03,6,279,0,3,False,True,True,5,0.9729037284851074,0.8181818181818182,0.25089605734767023,0.17562724014336917,intents::android_intent_action_MAIN(+0.234); intents::android_intent_category_LAUNCHER(+0.234); interesting_calls::getSystemService(+0.232); api_permissions::android_permission_INTERNET(+0.231); app_permissions::name='android_permission_INTERNET'(+0.217); api_permissions::android_permission_ACCESS_NETWORK_STATE(+0.216); interesting_calls::Read/Write External Storage(+0.209); api_calls::android/net/ConnectivityManager;->getActiveNetworkInfo(+0.195); app_permissions::name='android_permission_ACCESS_NETWORK_STATE'(+0.185); api_permissions::android_permission_WAKE_LOCK(+0.184),True,new_cluster
2016-03,16,19,0,3,False,True,True,5,0.875636875629425,0.1111111111111111,0.2631578947368421,0.15789473684210525,interesting_calls::Obfuscation(Base64)(+0.140); app_permissions::name='android_permission_INTERNET'(+0.137); interesting_calls::getPackageInfo(+0.136); app_permissions::name='android_permission_ACCESS_NETWORK_STATE'(+0.136); api_permissions::android_permission_INTERNET(+0.136); intents::android_intent_action_MAIN(+0.135); intents::android_intent_category_LAUNCHER(+0.135); interesting_calls::getDeviceId(+0.135); interesting_calls::getSystemService(+0.135); api_permissions::android_permission_ACCESS_NETWORK_STATE(+0.135),True,new_cluster
2016-04,38,13,3,0,True,True,True,5,0.8954296708106995,0.1111111111111111,0.46153846153846156,0.46153846153846156,urls::https://api_weibo_com/2/statuses/hot/repost_daily_json(+0.087); intents::android_intent_category_DEFAULT(+0.085); interesting_calls::getPackageInfo(+0.082); api_permissions::android_permission_ACCESS_WIFI_STATE(+0.079); app_permissions::name='android_permission_ACCESS_NETWORK_STATE'(+0.079); interesting_calls::printStackTrace(+0.078); interesting_calls::getDeviceId(+0.076); app_permissions::name='android_permission_ACCESS_WIFI_STATE'(+0.076); api_permissions::android_permission_READ_PHONE_STATE(+0.076); app_permissions::name='android_permission_INTERNET'(+0.075),True,new_cluster
2016-04,35,28,3,0,True,True,True,5,0.8743323683738708,0.42857142857142855,0.14285714285714285,0.17857142857142858,interesting_calls::getPackageInfo(+0.133); intents::android_intent_action_MAIN(+0.132); interesting_calls::Read/Write External Storage(+0.131); api_permissions::android_permission_VIBRATE(+0.130); api_permissions::android_permission_ACCESS_NETWORK_STATE(+0.127); interesting_calls::getSystemService(+0.126); api_permissions::android_permission_INTERNET(+0.126); intents::android_intent_category_LAUNCHER(+0.125); api_permissions::android_permission_WAKE_LOCK(+0.124); api_permissions::android_permission_ACCESS_FINE_LOCATION(+0.123),True,new_cluster
2016-04,36,46,3,0,True,True,True,5,0.935858428478241,0.5384615384615384,0.13043478260869565,0.13043478260869565,api_permissions::android_permission_ACCESS_FINE_LOCATION(+0.177); api_permissions::android_permission_INTERNET(+0.171); intents::android_intent_action_MAIN(+0.171); intents::android_intent_category_LAUNCHER(+0.170); interesting_calls::getSystemService(+0.170); api_permissions::android_permission_ACCESS_NETWORK_STATE(+0.167); app_permissions::name='android_permission_INTERNET'(+0.165); interesting_calls::printStackTrace(+0.162); interesting_calls::Read/Write External Storage(+0.162); interesting_calls::Obfuscation(Base64)(+0.161),True,new_cluster
2016-04,37,37,3,0,True,True,True,5,0.9449529051780701,0.8181818181818182,0.10810810810810811,0.05405405405405406,app_permissions::name='android_permission_WRITE_EXTERNAL_STORAGE'(+0.277); intents::android_intent_action_MAIN(+0.241); intents::android_intent_category_LAUNCHER(+0.241); interesting_calls::getSystemService(+0.221); interesting_calls::printStackTrace(+0.219); interesting_calls::Read/Write External Storage(+0.217); api_permissions::android_permission_WAKE_LOCK(+0.216); app_permissions::name='android_permission_INTERNET'(+0.213); api_permissions::android_permission_INTERNET(+0.213); intents::android_intent_category_DEFAULT(+0.192),True,new_cluster
2016-04,39,42,3,0,True,True,True,5,0.9155043363571167,0.8181818181818182,0.0,0.023809523809523808,intents::android_intent_action_MAIN(+0.299); intents::android_intent_category_LAUNCHER(+0.297); interesting_calls::getSystemService(+0.272); api_permissions::android_permission_INTERNET(+0.271); app_permissions::name='android_permission_INTERNET'(+0.260); activities::_MainActivity(+0.254); api_permissions::android_permission_ACCESS_NETWORK_STATE(+0.231); api_calls::android/app/NotificationManager;->notify(+0.212); app_permissions::name='android_permission_ACCESS_NETWORK_STATE'(+0.207); interesting_calls::getPackageInfo(+0.204),True,new_cluster
2016-04,28,128,1,2,False,True,True,5,0.8679751753807068,0.25,0.40625,0.2734375,intents::android_intent_category_DEFAULT(+0.137); app_permissions::name='android_permission_ACCESS_WIFI_STATE'(+0.132); interesting_calls::getPackageInfo(+0.130); api_permissions::android_permission_ACCESS_WIFI_STATE(+0.129); app_permissions::name='android_permission_WRITE_EXTERNAL_STORAGE'(+0.128); interesting_calls::Read/Write External Storage(+0.127); interesting_calls::getDeviceId(+0.126); interesting_calls::Obfuscation(Base64)(+0.126); app_permissions::name='android_permission_ACCESS_NETWORK_STATE'(+0.126); api_permissions::android_permission_VIBRATE(+0.125),True,new_cluster
2016-04,15,191,0,4,False,True,True,5,0.9554608464241028,0.6666666666666666,0.6178010471204188,0.14659685863874344,app_permissions::name='android_permission_WRITE_EXTERNAL_STORAGE'(+0.190); app_permissions::name='android_permission_READ_PHONE_STATE'(+0.188); app_permissions::name='android_permission_ACCESS_WIFI_STATE'(+0.184); intents::android_intent_action_MAIN(+0.183); intents::android_intent_category_LAUNCHER(+0.183); app_permissions::name='android_permission_INTERNET'(+0.183); app_permissions::name='android_permission_ACCESS_NETWORK_STATE'(+0.182); interesting_calls::printStackTrace(+0.177); interesting_calls::getSystemService(+0.175); interesting_calls::getPackageInfo(+0.173),True,new_cluster
2016-04,32,36,2,1,False,True,True,5,0.9094032049179077,0.1111111111111111,0.05555555555555555,0.05555555555555555,api_permissions::android_permission_VIBRATE(+0.147); api_permissions::android_permission_WAKE_LOCK(+0.095); interesting_calls::Obfuscation(Base64)(+0.093); interesting_calls::getPackageInfo(+0.092); api_permissions::android_permission_ACCESS_NETWORK_STATE(+0.092); urls::https://api_twitter_com/oauth/request_token(+0.091); urls::https://api_twitter_com/oauth/access_token(+0.091); api_calls::android/net/ConnectivityManager;->getActiveNetworkInfo(+0.089); api_permissions::android_permission_INTERNET(+0.088); interesting_calls::getSystemService(+0.088),True,new_cluster
2016-04,31,73,2,1,False,True,True,5,0.949755847454071,0.6666666666666666,0.1780821917808219,0.0410958904109589,intents::android_intent_action_MAIN(+0.232); intents::android_intent_category_LAUNCHER(+0.230); api_permissions::android_permission_WAKE_LOCK(+0.230); api_permissions::android_permission_CAMERA(+0.228); api_calls::android/hardware/Camera;->open(+0.227); interesting_calls::getSystemService(+0.220); api_permissions::android_permission_INTERNET(+0.216); interesting_calls::Read/Write External Storage(+0.211); api_permissions::android_permission_ACCESS_NETWORK_STATE(+0.198); api_permissions::android_permission_RECORD_AUDIO(+0.196),True,new_cluster
2016-04,7,317,0,4,False,True,True,5,0.9771878123283386,0.1111111111111111,0.03785488958990536,0.03785488958990536,api_permissions::android_permission_READ_CONTACTS(+0.149); urls::https://www_googletagmanager_com(+0.148); urls::http://hostname/?(+0.148); urls::http://www_google_com(+0.146); interesting_calls::getSystemService(+0.146); urls::https://www_googleapis_com/auth/drive_appdata(+0.146); urls::http://media_admob_com/mraid/v1/mraid_app_interstitial_js(+0.146); urls::http://media_admob_com/mraid/v1/mraid_app_banner_js(+0.146); urls::http://media_admob_com/mraid/v1/mraid_app_expanded_banner_js(+0.146); urls::https://www_googleapis_com/auth/drive_file(+0.146),True,new_cluster
2016-05,41,26,4,0,True,True,True,3,0.856087327003479,0.6666666666666666,0.07692307692307693,0.038461538461538464,intents::android_intent_action_MAIN(+0.262); intents::android_intent_category_LAUNCHER(+0.260); interesting_calls::getSystemService(+0.241); api_permissions::android_permission_INTERNET(+0.234); app_permissions::name='android_permission_INTERNET'(+0.223); app_permissions::name='android_permission_WRITE_EXTERNAL_STORAGE'(+0.216); api_permissions::android_permission_ACCESS_NETWORK_STATE(+0.203); interesting_calls::Read/Write External Storage(+0.198); api_permissions::android_permission_WAKE_LOCK(+0.196); intents::android_intent_category_DEFAULT(+0.194),True,new_cluster
2016-05,42,26,4,0,True,True,True,3,0.9019573330879211,1.0,0.0,0.038461538461538464,intents::android_intent_action_MAIN(+0.202); intents::android_intent_category_LAUNCHER(+0.201); api_permissions::android_permission_INTERNET(+0.198); interesting_calls::getSystemService(+0.198); app_permissions::name='android_permission_INTERNET'(+0.191); api_permissions::android_permission_ACCESS_NETWORK_STATE(+0.187); interesting_calls::getPackageInfo(+0.178); app_permissions::name='android_permission_ACCESS_NETWORK_STATE'(+0.172); interesting_calls::Obfuscation(Base64)(+0.172); api_calls::android/net/ConnectivityManager;->getActiveNetworkInfo(+0.166),True,new_cluster
2016-05,40,16,4,0,True,True,True,3,0.8013060092926025,0.6666666666666666,0.125,0.0,api_permissions::android_permission_WAKE_LOCK(+0.159); intents::android_intent_action_MAIN(+0.154); api_permissions::android_permission_ACCESS_NETWORK_STATE(+0.150); api_permissions::android_permission_INTERNET(+0.149); interesting_calls::getSystemService(+0.149); intents::android_intent_category_LAUNCHER(+0.146); api_permissions::android_permission_READ_CONTACTS(+0.144); api_calls::android/net/ConnectivityManager;->getActiveNetworkInfo(+0.144); api_permissions::android_permission_VIBRATE(+0.137); app_permissions::name='android_permission_INTERNET'(+0.136),True,new_cluster
2016-05,28,85,1,3,False,True,True,3,0.8822126984596252,0.17647058823529413,0.6235294117647059,0.3764705882352941,intents::android_intent_category_DEFAULT(+0.138); app_permissions::name='android_permission_ACCESS_WIFI_STATE'(+0.131); interesting_calls::getPackageInfo(+0.130); api_permissions::android_permission_ACCESS_WIFI_STATE(+0.130); app_permissions::name='android_permission_WRITE_EXTERNAL_STORAGE'(+0.129); interesting_calls::Read/Write External Storage(+0.127); interesting_calls::getDeviceId(+0.127); app_permissions::name='android_permission_ACCESS_NETWORK_STATE'(+0.126); interesting_calls::Obfuscation(Base64)(+0.126); api_permissions::android_permission_READ_PHONE_STATE(+0.125),True,new_cluster
2016-05,38,13,3,1,False,True,True,3,0.895456850528717,0.05263157894736842,0.6153846153846154,0.3076923076923077,urls::https://api_weibo_com/2/statuses/hot/repost_daily_json(+0.087); interesting_calls::getPackageInfo(+0.083); intents::android_intent_category_DEFAULT(+0.081); app_permissions::name='android_permission_ACCESS_NETWORK_STATE'(+0.080); api_permissions::android_permission_ACCESS_WIFI_STATE(+0.077); app_permissions::name='android_permission_INTERNET'(+0.077); app_permissions::name='android_permission_ACCESS_WIFI_STATE'(+0.077); intents::android_intent_category_LAUNCHER(+0.076); intents::android_intent_action_MAIN(+0.076); interesting_calls::getDeviceId(+0.076),True,new_cluster
2016-05,15,113,0,5,False,True,True,3,0.9525936245918274,0.5384615384615384,0.6106194690265486,0.23008849557522124,app_permissions::name='android_permission_WRITE_EXTERNAL_STORAGE'(+0.190); app_permissions::name='android_permission_READ_PHONE_STATE'(+0.188); app_permissions::name='android_permission_ACCESS_WIFI_STATE'(+0.184); intents::android_intent_action_MAIN(+0.183); intents::android_intent_category_LAUNCHER(+0.183); app_permissions::name='android_permission_INTERNET'(+0.183); app_permissions::name='android_permission_ACCESS_NETWORK_STATE'(+0.182); interesting_calls::printStackTrace(+0.177); interesting_calls::getSystemService(+0.175); interesting_calls::getPackageInfo(+0.173),True,new_cluster
2016-05,16,20,0,5,False,True,True,3,0.877934455871582,0.17647058823529413,0.3,0.2,interesting_calls::Obfuscation(Base64)(+0.140); app_permissions::name='android_permission_INTERNET'(+0.137); interesting_calls::getPackageInfo(+0.136); interesting_calls::getDeviceId(+0.136); api_permissions::android_permission_INTERNET(+0.136); app_permissions::name='android_permission_ACCESS_NETWORK_STATE'(+0.136); intents::android_intent_action_MAIN(+0.135); intents::android_intent_category_LAUNCHER(+0.135); interesting_calls::getSystemService(+0.135); api_permissions::android_permission_ACCESS_NETWORK_STATE(+0.135),True,new_cluster
2016-05,30,7,2,2,False,True,True,3,0.8409467935562134,0.5384615384615384,0.42857142857142855,0.14285714285714285,intents::android_intent_action_MAIN(+0.253); intents::android_intent_category_LAUNCHER(+0.252); interesting_calls::getSystemService(+0.236); api_permissions::android_permission_INTERNET(+0.231); app_permissions::name='android_permission_INTERNET'(+0.226); api_permissions::android_permission_ACCESS_NETWORK_STATE(+0.206); app_permissions::name='android_permission_ACCESS_NETWORK_STATE'(+0.198); app_permissions::name='android_permission_WRITE_EXTERNAL_STORAGE'(+0.189); interesting_calls::printStackTrace(+0.189); interesting_calls::getPackageInfo(+0.188),True,new_cluster
2016-05,21,124,0,4,False,True,True,3,0.8875744342803955,0.6666666666666666,0.9596774193548387,0.10483870967741936,app_permissions::name='android_permission_WRITE_EXTERNAL_STORAGE'(+0.366); app_permissions::name='android_permission_READ_PHONE_STATE'(+0.292); app_permissions::name='android_permission_ACCESS_WIFI_STATE'(+0.272); interesting_calls::printStackTrace(+0.242); app_permissions::name='android_permission_ACCESS_NETWORK_STATE'(+0.228); app_permissions::name='android_permission_INTERNET'(+0.217); intents::android_intent_action_MAIN(+0.209); intents::android_intent_category_LAUNCHER(+0.208); app_permissions::name='android_permission_WAKE_LOCK'(+0.186); interesting_calls::getPackageInfo(+0.170),True,new_cluster
2016-05,10,48,0,5,False,True,True,3,0.8917637467384338,0.5384615384615384,0.020833333333333332,0.020833333333333332,intents::android_intent_action_MAIN(+0.347); intents::android_intent_category_LAUNCHER(+0.345); interesting_calls::getSystemService(+0.304); api_permissions::android_permission_INTERNET(+0.304); app_permissions::name='android_permission_INTERNET'(+0.303); api_calls::android/webkit/WebView(+0.231); api_permissions::android_permission_ACCESS_NETWORK_STATE(+0.228); app_permissions::name='android_permission_ACCESS_NETWORK_STATE'(+0.225); activities::_MainActivity(+0.197); interesting_calls::getPackageInfo(+0.191),True,new_cluster
2016-06,43,20,5,0,True,True,True,2,0.8945097327232361,0.6666666666666666,0.1,0.15,interesting_calls::printStackTrace(+0.293); intents::android_intent_action_MAIN(+0.266); intents::android_intent_category_LAUNCHER(+0.264); interesting_calls::Read/Write External Storage(+0.251); interesting_calls::getSystemService(+0.242); app_permissions::name='android_permission_WRITE_EXTERNAL_STORAGE'(+0.242); api_permissions::android_permission_INTERNET(+0.238); app_permissions::name='android_permission_INTERNET'(+0.221); api_permissions::android_permission_WAKE_LOCK(+0.208); api_permissions::android_permission_ACCESS_NETWORK_STATE(+0.188),True,new_cluster
2016-06,44,31,5,0,True,True,True,2,0.8923091292381287,1.0,0.16129032258064516,0.0,intents::android_intent_action_MAIN(+0.216); app_permissions::name='android_permission_INTERNET'(+0.216); intents::android_intent_category_LAUNCHER(+0.216); api_permissions::android_permission_INTERNET(+0.211); interesting_calls::getSystemService(+0.211); app_permissions::name='android_permission_ACCESS_NETWORK_STATE'(+0.209); api_permissions::android_permission_ACCESS_NETWORK_STATE(+0.207); interesting_calls::getPackageInfo(+0.206); api_calls::android/net/ConnectivityManager;->getActiveNetworkInfo(+0.194); interesting_calls::Obfuscation(Base64)(+0.170),True,new_cluster
2016-06,28,66,1,4,False,True,True,2,0.874411940574646,0.25,0.6212121212121212,0.2727272727272727,intents::android_intent_category_DEFAULT(+0.139); app_permissions::name='android_permission_ACCESS_WIFI_STATE'(+0.131); api_permissions::android_permission_ACCESS_WIFI_STATE(+0.131); interesting_calls::getPackageInfo(+0.131); app_permissions::name='android_permission_WRITE_EXTERNAL_STORAGE'(+0.129); interesting_calls::Read/Write External Storage(+0.128); interesting_calls::getDeviceId(+0.127); app_permissions::name='android_permission_ACCESS_NETWORK_STATE'(+0.126); api_permissions::android_permission_READ_PHONE_STATE(+0.125); interesting_calls::Obfuscation(Base64)(+0.125),True,new_cluster
2016-06,41,11,4,1,False,True,True,2,0.8768141865730286,0.6666666666666666,0.36363636363636365,0.2727272727272727,intents::android_intent_action_MAIN(+0.263); intents::android_intent_category_LAUNCHER(+0.261); interesting_calls::getSystemService(+0.241); api_permissions::android_permission_INTERNET(+0.234); app_permissions::name='android_permission_WRITE_EXTERNAL_STORAGE'(+0.231); app_permissions::name='android_permission_INTERNET'(+0.224); api_permissions::android_permission_ACCESS_NETWORK_STATE(+0.204); interesting_calls::Read/Write External Storage(+0.204); api_permissions::android_permission_WAKE_LOCK(+0.196); app_permissions::name='android_permission_ACCESS_NETWORK_STATE'(+0.186),True,new_cluster
2016-06,15,71,0,6,False,True,True,2,0.9383639097213745,0.6666666666666666,0.4507042253521127,0.2676056338028169,app_permissions::name='android_permission_WRITE_EXTERNAL_STORAGE'(+0.190); app_permissions::name='android_permission_READ_PHONE_STATE'(+0.188); app_permissions::name='android_permission_ACCESS_WIFI_STATE'(+0.184); intents::android_intent_action_MAIN(+0.183); intents::android_intent_category_LAUNCHER(+0.183); app_permissions::name='android_permission_INTERNET'(+0.183); app_permissions::name='android_permission_ACCESS_NETWORK_STATE'(+0.182); interesting_calls::printStackTrace(+0.177); interesting_calls::getSystemService(+0.175); interesting_calls::getPackageInfo(+0.173),True,new_cluster
2016-06,38,9,3,2,False,True,True,2,0.861039936542511,0.0,0.5555555555555556,0.2222222222222222,urls::https://api_weibo_com/2/statuses/hot/repost_daily_json(+0.087); intents::android_intent_category_DEFAULT(+0.083); interesting_calls::getPackageInfo(+0.082); app_permissions::name='android_permission_ACCESS_NETWORK_STATE'(+0.079); app_permissions::name='android_permission_ACCESS_WIFI_STATE'(+0.077); api_permissions::android_permission_ACCESS_WIFI_STATE(+0.077); interesting_calls::getDeviceId(+0.077); app_permissions::name='android_permission_INTERNET'(+0.077); intents::android_intent_category_LAUNCHER(+0.076); intents::android_intent_action_MAIN(+0.076),True,new_cluster
2016-06,32,13,2,3,False,True,True,2,0.9164950251579285,0.1111111111111111,0.07692307692307693,0.15384615384615385,api_permissions::android_permission_VIBRATE(+0.148); api_permissions::android_permission_WAKE_LOCK(+0.093); interesting_calls::Obfuscation(Base64)(+0.093); urls::https://api_twitter_com/oauth/request_token(+0.092); urls::https://api_twitter_com/oauth/access_token(+0.092); api_permissions::android_permission_ACCESS_NETWORK_STATE(+0.090); interesting_calls::getPackageInfo(+0.090); api_permissions::android_permission_INTERNET(+0.088); api_calls::android/net/ConnectivityManager;->getActiveNetworkInfo(+0.088); app_permissions::name='android_permission_INTERNET'(+0.087),True,new_cluster
2016-06,30,7,2,3,False,True,True,2,0.7717455625534058,0.6666666666666666,0.14285714285714285,0.14285714285714285,intents::android_intent_action_MAIN(+0.253); intents::android_intent_category_LAUNCHER(+0.252); interesting_calls::getSystemService(+0.236); api_permissions::android_permission_INTERNET(+0.231); app_permissions::name='android_permission_INTERNET'(+0.226); api_permissions::android_permission_ACCESS_NETWORK_STATE(+0.206); app_permissions::name='android_permission_ACCESS_NETWORK_STATE'(+0.198); app_permissions::name='android_permission_WRITE_EXTERNAL_STORAGE'(+0.192); interesting_calls::getPackageInfo(+0.189); interesting_calls::printStackTrace(+0.189),True,new_cluster
2016-06,21,99,0,5,False,True,True,2,0.8408880829811096,0.6666666666666666,0.8787878787878788,0.08080808080808081,app_permissions::name='android_permission_WRITE_EXTERNAL_STORAGE'(+0.366); app_permissions::name='android_permission_READ_PHONE_STATE'(+0.292); app_permissions::name='android_permission_ACCESS_WIFI_STATE'(+0.273); interesting_calls::printStackTrace(+0.239); app_permissions::name='android_permission_ACCESS_NETWORK_STATE'(+0.227); app_permissions::name='android_permission_INTERNET'(+0.216); intents::android_intent_action_MAIN(+0.207); intents::android_intent_category_LAUNCHER(+0.205); app_permissions::name='android_permission_WAKE_LOCK'(+0.188); interesting_calls::getPackageInfo(+0.169),True,new_cluster
2016-06,18,38,0,6,False,True,True,2,0.9363654851913452,0.25,0.05263157894736842,0.05263157894736842,interesting_calls::getPackageInfo(+0.149); interesting_calls::Obfuscation(Base64)(+0.146); app_permissions::name='android_permission_INTERNET'(+0.144); api_permissions::android_permission_READ_CONTACTS(+0.143); intents::android_intent_action_MAIN(+0.142); intents::android_intent_category_LAUNCHER(+0.141); api_permissions::android_permission_INTERNET(+0.141); interesting_calls::getSystemService(+0.141); api_permissions::android_permission_VIBRATE(+0.141); api_permissions::android_permission_ACCESS_NETWORK_STATE(+0.141),True,new_cluster
2016-07,45,27,6,0,True,True,True,2,0.797502338886261,0.5384615384615384,0.1111111111111111,0.1111111111111111,intents::android_intent_action_MAIN(+0.304); intents::android_intent_category_LAUNCHER(+0.302); interesting_calls::getSystemService(+0.266); api_permissions::android_permission_INTERNET(+0.260); app_permissions::name='android_permission_WRITE_EXTERNAL_STORAGE'(+0.257); app_permissions::name='android_permission_INTERNET'(+0.252); interesting_calls::printStackTrace(+0.227); interesting_calls::Read/Write External Storage(+0.208); activities::_MainActivity(+0.205); api_permissions::android_permission_ACCESS_NETWORK_STATE(+0.201),True,new_cluster
2016-07,44,21,6,0,True,True,True,2,0.8329260945320129,0.8181818181818182,0.2857142857142857,0.0,interesting_calls::getPackageInfo(+0.163); intents::android_intent_action_MAIN(+0.159); api_permissions::android_permission_ACCESS_NETWORK_STATE(+0.158); api_permissions::android_permission_INTERNET(+0.157); interesting_calls::getSystemService(+0.157); intents::android_intent_category_LAUNCHER(+0.156); app_permissions::name='android_permission_INTERNET'(+0.154); app_permissions::name='android_permission_ACCESS_NETWORK_STATE'(+0.148); api_permissions::android_permission_WAKE_LOCK(+0.145); api_calls::android/net/ConnectivityManager;->getActiveNetworkInfo(+0.145),True,new_cluster
2016-07,37,9,3,3,False,True,True,2,0.8568053245544434,0.0,0.5555555555555556,0.5555555555555556,urls::https://api_weibo_com/2/statuses/hot/repost_daily_json(+0.087); interesting_calls::getPackageInfo(+0.082); intents::android_intent_category_DEFAULT(+0.080); api_permissions::android_permission_ACCESS_WIFI_STATE(+0.079); app_permissions::name='android_permission_ACCESS_NETWORK_STATE'(+0.079); app_permissions::name='android_permission_ACCESS_WIFI_STATE'(+0.077); interesting_calls::getDeviceId(+0.077); app_permissions::name='android_permission_INTERNET'(+0.076); intents::android_intent_category_LAUNCHER(+0.075); intents::android_intent_action_MAIN(+0.075),True,new_cluster
2016-07,27,76,1,5,False,True,True,2,0.8592191934585571,0.17647058823529413,0.5526315789473685,0.25,intents::android_intent_category_DEFAULT(+0.140); app_permissions::name='android_permission_ACCESS_WIFI_STATE'(+0.131); interesting_calls::getPackageInfo(+0.131); api_permissions::android_permission_ACCESS_WIFI_STATE(+0.131); app_permissions::name='android_permission_WRITE_EXTERNAL_STORAGE'(+0.129); interesting_calls::Read/Write External Storage(+0.128); app_permissions::name='android_permission_ACCESS_NETWORK_STATE'(+0.126); interesting_calls::getDeviceId(+0.126); api_permissions::android_permission_READ_PHONE_STATE(+0.125); api_permissions::android_permission_VIBRATE(+0.125),True,new_cluster
2016-07,40,25,4,2,False,True,True,2,0.9206704497337341,0.8181818181818182,0.36,0.24,intents::android_intent_action_MAIN(+0.261); intents::android_intent_category_LAUNCHER(+0.260); app_permissions::name='android_permission_WRITE_EXTERNAL_STORAGE'(+0.242); interesting_calls::getSystemService(+0.240); api_permissions::android_permission_INTERNET(+0.233); app_permissions::name='android_permission_INTERNET'(+0.226); api_permissions::android_permission_ACCESS_NETWORK_STATE(+0.206); interesting_calls::Read/Write External Storage(+0.202); api_permissions::android_permission_WAKE_LOCK(+0.195); app_permissions::name='android_permission_ACCESS_NETWORK_STATE'(+0.192),True,new_cluster
2016-07,14,75,0,7,False,True,True,2,0.9364630579948425,0.5384615384615384,0.5333333333333333,0.2,app_permissions::name='android_permission_WRITE_EXTERNAL_STORAGE'(+0.190); app_permissions::name='android_permission_READ_PHONE_STATE'(+0.188); app_permissions::name='android_permission_ACCESS_WIFI_STATE'(+0.184); intents::android_intent_action_MAIN(+0.183); intents::android_intent_category_LAUNCHER(+0.183); app_permissions::name='android_permission_INTERNET'(+0.183); app_permissions::name='android_permission_ACCESS_NETWORK_STATE'(+0.182); interesting_calls::printStackTrace(+0.177); interesting_calls::getSystemService(+0.175); interesting_calls::getPackageInfo(+0.173),True,new_cluster
2016-07,20,124,0,6,False,True,True,2,0.8111051321029663,0.6666666666666666,0.967741935483871,0.1935483870967742,app_permissions::name='android_permission_WRITE_EXTERNAL_STORAGE'(+0.365); app_permissions::name='android_permission_READ_PHONE_STATE'(+0.293); app_permissions::name='android_permission_ACCESS_WIFI_STATE'(+0.272); interesting_calls::printStackTrace(+0.236); app_permissions::name='android_permission_ACCESS_NETWORK_STATE'(+0.223); app_permissions::name='android_permission_INTERNET'(+0.211); intents::android_intent_action_MAIN(+0.202); intents::android_intent_category_LAUNCHER(+0.200); app_permissions::name='android_permission_WAKE_LOCK'(+0.190); interesting_calls::getPackageInfo(+0.166),True,new_cluster
2016-07,33,11,2,4,False,True,True,2,0.7075010538101196,0.17647058823529413,0.09090909090909091,0.09090909090909091,interesting_calls::Read/Write External Storage(+0.178); api_permissions::android_permission_READ_CONTACTS(+0.172); app_permissions::name='android_permission_WRITE_EXTERNAL_STORAGE'(+0.164); interesting_calls::Obfuscation(Base64)(+0.157); api_permissions::android_permission_INTERNET(+0.144); api_calls::android/app/NotificationManager;->notify(+0.144); interesting_calls::getSystemService(+0.143); intents::android_intent_action_MAIN(+0.143); interesting_calls::printStackTrace(+0.143); intents::android_intent_category_LAUNCHER(+0.143),True,new_cluster
2016-07,26,13,1,5,False,True,True,2,0.879645049571991,0.17647058823529413,0.07692307692307693,0.07692307692307693,api_calls::android/content/ContentResolver;->query(+0.150); api_permissions::android_permission_RECORD_AUDIO(+0.145); api_calls::android/location/LocationManager;->getBestProvider(+0.143); api_calls::android/telephony/TelephonyManager;->getDeviceId(+0.141); api_permissions::android_permission_ACCESS_FINE_LOCATION(+0.139); api_calls::android/app/NotificationManager;->notify(+0.138); interesting_calls::printStackTrace(+0.138); api_calls::org/apache/http/impl/client/DefaultHttpClient(+0.138); api_calls::android/content/Context;->startActivity(+0.138); app_permissions::name='android_permission_ACCESS_WIFI_STATE'(+0.137),True,new_cluster
2016-07,39,27,4,2,False,True,True,2,0.8764963150024414,0.1111111111111111,0.07407407407407407,0.07407407407407407,api_permissions::android_permission_WAKE_LOCK(+0.158); intents::android_intent_action_MAIN(+0.150); intents::android_intent_category_LAUNCHER(+0.147); interesting_calls::getSystemService(+0.146); api_permissions::android_permission_INTERNET(+0.146); interesting_calls::getPackageInfo(+0.144); api_permissions::android_permission_ACCESS_NETWORK_STATE(+0.144); api_permissions::android_permission_VIBRATE(+0.142); app_permissions::name='android_permission_INTERNET'(+0.142); interesting_calls::Obfuscation(Base64)(+0.139),True,new_cluster
2016-08,47,33,7,0,True,True,True,2,0.905601978302002,0.8181818181818182,0.06060606060606061,0.030303030303030304,intents::android_intent_action_MAIN(+0.246); intents::android_intent_category_LAUNCHER(+0.240); api_permissions::android_permission_WAKE_LOCK(+0.238); interesting_calls::getSystemService(+0.235); api_permissions::android_permission_INTERNET(+0.228); app_permissions::name='android_permission_INTERNET'(+0.216); api_permissions::android_permission_ACCESS_NETWORK_STATE(+0.213); api_permissions::android_permission_VIBRATE(+0.197); interesting_calls::getPackageInfo(+0.197); interesting_calls::Read/Write External Storage(+0.195),True,new_cluster
2016-08,46,11,7,0,True,True,True,2,0.8396833539009094,0.6666666666666666,0.0,0.0,intents::android_intent_action_MAIN(+0.287); intents::android_intent_category_LAUNCHER(+0.285); activities::_MainActivity(+0.272); api_permissions::android_permission_INTERNET(+0.266); interesting_calls::getSystemService(+0.261); app_permissions::name='android_permission_INTERNET'(+0.255); api_permissions::android_permission_ACCESS_NETWORK_STATE(+0.232); app_permissions::name='android_permission_ACCESS_NETWORK_STATE'(+0.217); api_calls::android/content/Context;->startActivity(+0.214); api_calls::android/net/ConnectivityManager;->getActiveNetworkInfo(+0.207),True,new_cluster
2016-08,26,10,1,6,False,True,True,2,0.7696760296821594,0.05263157894736842,0.4,0.4,api_calls::android/content/ContentResolver;->query(+0.150); api_permissions::android_permission_RECORD_AUDIO(+0.145); api_calls::android/location/LocationManager;->getBestProvider(+0.142); api_calls::android/telephony/TelephonyManager;->getDeviceId(+0.141); api_permissions::android_permission_ACCESS_FINE_LOCATION(+0.140); interesting_calls::Obfuscation(Base64)(+0.139); interesting_calls::getDeviceId(+0.139); api_calls::org/apache/http/impl/client/DefaultHttpClient(+0.138); api_calls::android/content/Context;->startActivity(+0.138); api_calls::android/app/NotificationManager;->notify(+0.138),True,new_cluster
2016-08,37,12,3,4,False,True,True,2,0.875304639339447,0.0,0.5833333333333334,0.3333333333333333,urls::https://api_weibo_com/2/statuses/hot/repost_daily_json(+0.087); interesting_calls::getPackageInfo(+0.082); intents::android_intent_category_DEFAULT(+0.081); api_permissions::android_permission_ACCESS_WIFI_STATE(+0.079); app_permissions::name='android_permission_ACCESS_NETWORK_STATE'(+0.079); app_permissions::name='android_permission_ACCESS_WIFI_STATE'(+0.078); interesting_calls::getDeviceId(+0.077); app_permissions::name='android_permission_INTERNET'(+0.075); intents::android_intent_category_LAUNCHER(+0.075); intents::android_intent_action_MAIN(+0.074),True,new_cluster
2016-08,40,22,4,3,False,True,True,2,0.9235561490058899,0.8181818181818182,0.5,0.3181818181818182,intents::android_intent_action_MAIN(+0.260); intents::android_intent_category_LAUNCHER(+0.258); app_permissions::name='android_permission_WRITE_EXTERNAL_STORAGE'(+0.240); interesting_calls::getSystemService(+0.239); api_permissions::android_permission_INTERNET(+0.232); app_permissions::name='android_permission_INTERNET'(+0.226); api_permissions::android_permission_ACCESS_NETWORK_STATE(+0.208); interesting_calls::Read/Write External Storage(+0.199); app_permissions::name='android_permission_ACCESS_NETWORK_STATE'(+0.194); api_calls::android/net/ConnectivityManager;->getActiveNetworkInfo(+0.192),True,new_cluster
2016-08,27,135,1,6,False,True,True,2,0.8537746667861938,0.42857142857142855,0.32592592592592595,0.28888888888888886,intents::android_intent_category_DEFAULT(+0.141); interesting_calls::getPackageInfo(+0.131); app_permissions::name='android_permission_ACCESS_WIFI_STATE'(+0.131); api_permissions::android_permission_ACCESS_WIFI_STATE(+0.131); app_permissions::name='android_permission_WRITE_EXTERNAL_STORAGE'(+0.130); interesting_calls::Read/Write External Storage(+0.128); app_permissions::name='android_permission_ACCESS_NETWORK_STATE'(+0.127); interesting_calls::getDeviceId(+0.126); api_permissions::android_permission_READ_PHONE_STATE(+0.126); interesting_calls::printStackTrace(+0.126),True,new_cluster
2016-08,29,7,2,5,False,True,True,2,0.8464022278785706,0.42857142857142855,0.2857142857142857,0.2857142857142857,intents::android_intent_action_MAIN(+0.252); intents::android_intent_category_LAUNCHER(+0.251); interesting_calls::getSystemService(+0.235); api_permissions::android_permission_INTERNET(+0.230); app_permissions::name='android_permission_INTERNET'(+0.226); api_permissions::android_permission_ACCESS_NETWORK_STATE(+0.206); app_permissions::name='android_permission_ACCESS_NETWORK_STATE'(+0.200); app_permissions::name='android_permission_WRITE_EXTERNAL_STORAGE'(+0.197); api_permissions::android_permission_WAKE_LOCK(+0.191); interesting_calls::getPackageInfo(+0.190),True,new_cluster
2016-08,14,140,0,8,False,True,True,2,0.951337993144989,0.5384615384615384,0.39285714285714285,0.22857142857142856,app_permissions::name='android_permission_WRITE_EXTERNAL_STORAGE'(+0.190); app_permissions::name='android_permission_READ_PHONE_STATE'(+0.187); app_permissions::name='android_permission_ACCESS_WIFI_STATE'(+0.183); intents::android_intent_action_MAIN(+0.183); intents::android_intent_category_LAUNCHER(+0.183); app_permissions::name='android_permission_INTERNET'(+0.182); app_permissions::name='android_permission_ACCESS_NETWORK_STATE'(+0.181); interesting_calls::printStackTrace(+0.177); interesting_calls::getSystemService(+0.175); interesting_calls::getPackageInfo(+0.173),True,new_cluster
2016-08,6,105,0,8,False,True,True,2,0.9667298197746277,0.8181818181818182,0.17142857142857143,0.12380952380952381,intents::android_intent_action_MAIN(+0.234); intents::android_intent_category_LAUNCHER(+0.233); interesting_calls::getSystemService(+0.232); api_permissions::android_permission_INTERNET(+0.230); app_permissions::name='android_permission_INTERNET'(+0.216); api_permissions::android_permission_ACCESS_NETWORK_STATE(+0.215); interesting_calls::Read/Write External Storage(+0.210); api_calls::android/net/ConnectivityManager;->getActiveNetworkInfo(+0.194); app_permissions::name='android_permission_ACCESS_NETWORK_STATE'(+0.185); api_permissions::android_permission_WAKE_LOCK(+0.184),True,new_cluster
2016-08,30,60,2,5,False,True,True,2,0.9334396719932556,0.6666666666666666,0.2833333333333333,0.11666666666666667,intents::android_intent_action_MAIN(+0.238); api_permissions::android_permission_WAKE_LOCK(+0.237); intents::android_intent_category_LAUNCHER(+0.237); api_permissions::android_permission_CAMERA(+0.228); api_calls::android/hardware/Camera;->open(+0.228); interesting_calls::getSystemService(+0.224); api_permissions::android_permission_INTERNET(+0.220); api_permissions::android_permission_RECORD_AUDIO(+0.218); interesting_calls::Read/Write External Storage(+0.215); api_permissions::android_permission_ACCESS_NETWORK_STATE(+0.202),True,new_cluster
2016-09,48,9,8,0,True,True,True,1,0.7723024487495422,0.6666666666666666,0.1111111111111111,0.1111111111111111,intents::android_intent_action_MAIN(+0.221); intents::android_intent_category_LAUNCHER(+0.203); api_permissions::android_permission_INTERNET(+0.198); interesting_calls::getSystemService(+0.197); api_permissions::android_permission_ACCESS_NETWORK_STATE(+0.186); app_permissions::name='android_permission_INTERNET'(+0.185); api_permissions::android_permission_READ_CONTACTS(+0.175); api_calls::android/net/ConnectivityManager;->getActiveNetworkInfo(+0.169); interesting_calls::Read/Write External Storage(+0.167); interesting_calls::getPackageInfo(+0.164),True,new_cluster
2016-09,27,36,1,7,False,True,True,1,0.8493310213088989,0.17647058823529413,0.4166666666666667,0.3055555555555556,intents::android_intent_category_DEFAULT(+0.141); interesting_calls::getPackageInfo(+0.132); api_permissions::android_permission_ACCESS_WIFI_STATE(+0.132); app_permissions::name='android_permission_ACCESS_WIFI_STATE'(+0.131); app_permissions::name='android_permission_WRITE_EXTERNAL_STORAGE'(+0.130); interesting_calls::Read/Write External Storage(+0.129); app_permissions::name='android_permission_ACCESS_NETWORK_STATE'(+0.127); interesting_calls::getDeviceId(+0.127); api_permissions::android_permission_READ_PHONE_STATE(+0.126); interesting_calls::printStackTrace(+0.126),True,new_cluster
2016-09,26,4,1,7,False,True,True,1,0.8279702067375183,0.05263157894736842,0.75,0.25,api_calls::android/content/ContentResolver;->query(+0.150); api_permissions::android_permission_RECORD_AUDIO(+0.145); api_calls::android/location/LocationManager;->getBestProvider(+0.141); api_calls::android/telephony/TelephonyManager;->getDeviceId(+0.141); interesting_calls::Obfuscation(Base64)(+0.139); api_permissions::android_permission_ACCESS_FINE_LOCATION(+0.139); interesting_calls::getDeviceId(+0.139); api_calls::org/apache/http/impl/client/DefaultHttpClient(+0.139); api_calls::android/content/Context;->startActivity(+0.138); interesting_calls::printStackTrace(+0.138),True,new_cluster
2016-09,11,23,0,9,False,True,True,1,0.8598073124885559,0.42857142857142855,0.21739130434782608,0.21739130434782608,interesting_calls::getPackageInfo(+0.209); app_permissions::name='android_permission_INTERNET'(+0.206); interesting_calls::Cipher(AES/CBC/PKCS5Padding)(+0.204); intents::android_intent_action_MAIN(+0.203); intents::android_intent_category_LAUNCHER(+0.203); app_permissions::name='android_permission_ACCESS_NETWORK_STATE'(+0.202); interesting_calls::Obfuscation(Base64)(+0.202); interesting_calls::getSystemService(+0.202); api_permissions::android_permission_INTERNET(+0.201); api_permissions::android_permission_ACCESS_NETWORK_STATE(+0.201),True,new_cluster
2016-09,14,48,0,9,False,True,True,1,0.9129424691200256,0.42857142857142855,0.4375,0.16666666666666666,app_permissions::name='android_permission_WRITE_EXTERNAL_STORAGE'(+0.190); app_permissions::name='android_permission_READ_PHONE_STATE'(+0.187); app_permissions::name='android_permission_ACCESS_WIFI_STATE'(+0.183); intents::android_intent_action_MAIN(+0.183); intents::android_intent_category_LAUNCHER(+0.183); app_permissions::name='android_permission_INTERNET'(+0.182); app_permissions::name='android_permission_ACCESS_NETWORK_STATE'(+0.181); interesting_calls::printStackTrace(+0.177); interesting_calls::getSystemService(+0.175); interesting_calls::getPackageInfo(+0.173),True,new_cluster
2016-09,40,7,4,4,False,True,True,1,0.7704893350601196,0.5384615384615384,0.2857142857142857,0.14285714285714285,intents::android_intent_action_MAIN(+0.258); intents::android_intent_category_LAUNCHER(+0.257); app_permissions::name='android_permission_WRITE_EXTERNAL_STORAGE'(+0.239); interesting_calls::getSystemService(+0.238); api_permissions::android_permission_INTERNET(+0.231); app_permissions::name='android_permission_INTERNET'(+0.225); api_permissions::android_permission_ACCESS_NETWORK_STATE(+0.207); interesting_calls::Read/Write External Storage(+0.200); app_permissions::name='android_permission_ACCESS_NETWORK_STATE'(+0.193); api_calls::android/net/ConnectivityManager;->getActiveNetworkInfo(+0.191),True,new_cluster
2016-09,46,13,7,1,False,True,True,1,0.8230782747268677,0.8181818181818182,0.07692307692307693,0.07692307692307693,intents::android_intent_action_MAIN(+0.272); intents::android_intent_category_LAUNCHER(+0.270); api_permissions::android_permission_INTERNET(+0.256); interesting_calls::getSystemService(+0.254); app_permissions::name='android_permission_INTERNET'(+0.246); api_permissions::android_permission_ACCESS_NETWORK_STATE(+0.234); app_permissions::name='android_permission_ACCESS_NETWORK_STATE'(+0.216); interesting_calls::getPackageInfo(+0.213); api_calls::android/net/ConnectivityManager;->getActiveNetworkInfo(+0.213); activities::_MainActivity(+0.210),True,new_cluster
2016-09,6,27,0,9,False,True,True,1,0.9386757612228394,0.8181818181818182,0.037037037037037035,0.037037037037037035,intents::android_intent_action_MAIN(+0.234); intents::android_intent_category_LAUNCHER(+0.233); interesting_calls::getSystemService(+0.232); api_permissions::android_permission_INTERNET(+0.230); app_permissions::name='android_permission_INTERNET'(+0.216); api_permissions::android_permission_ACCESS_NETWORK_STATE(+0.215); interesting_calls::Read/Write External Storage(+0.210); api_calls::android/net/ConnectivityManager;->getActiveNetworkInfo(+0.194); app_permissions::name='android_permission_ACCESS_NETWORK_STATE'(+0.185); api_permissions::android_permission_WAKE_LOCK(+0.184),True,new_cluster
2016-09,22,136,0,8,False,True,True,1,0.8475857973098755,0.25,0.04411764705882353,0.03676470588235294,api_permissions::android_permission_ACCESS_NETWORK_STATE(+0.198); interesting_calls::getSystemService(+0.196); interesting_calls::getPackageInfo(+0.195); api_permissions::android_permission_INTERNET(+0.195); intents::android_intent_action_MAIN(+0.195); intents::android_intent_category_LAUNCHER(+0.194); interesting_calls::Obfuscation(Base64)(+0.188); app_permissions::name='android_permission_INTERNET'(+0.184); api_calls::android/net/ConnectivityManager;->getActiveNetworkInfo(+0.180); app_permissions::name='android_permission_ACCESS_NETWORK_STATE'(+0.178),True,new_cluster
2016-09,20,75,0,8,False,True,True,1,0.7838109731674194,0.6666666666666666,0.9733333333333334,0.02666666666666667,app_permissions::name='android_permission_WRITE_EXTERNAL_STORAGE'(+0.363); app_permissions::name='android_permission_READ_PHONE_STATE'(+0.290); app_permissions::name='android_permission_ACCESS_WIFI_STATE'(+0.268); interesting_calls::printStackTrace(+0.231); app_permissions::name='android_permission_ACCESS_NETWORK_STATE'(+0.216); app_permissions::name='android_permission_INTERNET'(+0.203); intents::android_intent_action_MAIN(+0.193); app_permissions::name='android_permission_WAKE_LOCK'(+0.192); intents::android_intent_category_LAUNCHER(+0.191); app_permissions::name='android_permission_GET_TASKS'(+0.161),True,new_cluster
2016-10,49,6,9,0,True,False,True,1,0.8213462829589844,0.6666666666666666,0.16666666666666666,0.3333333333333333,intents::android_intent_category_LAUNCHER(+0.272); intents::android_intent_action_MAIN(+0.272); interesting_calls::getSystemService(+0.236); app_permissions::name='android_permission_INTERNET'(+0.236); api_permissions::android_permission_INTERNET(+0.234); activities::_MainActivity(+0.214); app_permissions::name='android_permission_WRITE_EXTERNAL_STORAGE'(+0.206); interesting_calls::printStackTrace(+0.195); app_permissions::name='android_permission_ACCESS_NETWORK_STATE'(+0.192); api_permissions::android_permission_ACCESS_NETWORK_STATE(+0.183),True,new_cluster
2016-10,26,6,1,8,False,False,True,1,0.7051694393157959,0.05263157894736842,1.0,0.8333333333333334,api_calls::android/content/ContentResolver;->query(+0.150); api_permissions::android_permission_RECORD_AUDIO(+0.146); interesting_calls::Obfuscation(Base64)(+0.141); api_calls::android/location/LocationManager;->getBestProvider(+0.141); interesting_calls::getDeviceId(+0.141); api_calls::android/telephony/TelephonyManager;->getDeviceId(+0.141); api_permissions::android_permission_ACCESS_FINE_LOCATION(+0.140); api_calls::org/apache/http/impl/client/DefaultHttpClient(+0.139); api_permissions::android_permission_MANAGE_ACCOUNTS(+0.139); api_calls::android/content/Context;->startActivity(+0.138),True,new_cluster
2016-10,14,18,0,10,False,False,True,1,0.8674492835998535,0.6666666666666666,0.2777777777777778,0.3333333333333333,app_permissions::name='android_permission_WRITE_EXTERNAL_STORAGE'(+0.190); app_permissions::name='android_permission_READ_PHONE_STATE'(+0.187); app_permissions::name='android_permission_ACCESS_WIFI_STATE'(+0.183); intents::android_intent_action_MAIN(+0.183); intents::android_intent_category_LAUNCHER(+0.183); app_permissions::name='android_permission_INTERNET'(+0.182); app_permissions::name='android_permission_ACCESS_NETWORK_STATE'(+0.181); interesting_calls::printStackTrace(+0.177); interesting_calls::getSystemService(+0.175); interesting_calls::getPackageInfo(+0.173),True,new_cluster
2016-10,11,22,0,10,False,False,True,1,0.8520022034645081,0.25,0.22727272727272727,0.2727272727272727,interesting_calls::getPackageInfo(+0.209); app_permissions::name='android_permission_INTERNET'(+0.206); interesting_calls::Cipher(AES/CBC/PKCS5Padding)(+0.204); intents::android_intent_action_MAIN(+0.203); intents::android_intent_category_LAUNCHER(+0.203); app_permissions::name='android_permission_ACCESS_NETWORK_STATE'(+0.203); interesting_calls::Obfuscation(Base64)(+0.202); interesting_calls::getSystemService(+0.202); api_permissions::android_permission_INTERNET(+0.201); api_permissions::android_permission_ACCESS_NETWORK_STATE(+0.201),True,new_cluster
2016-10,45,5,6,3,False,False,True,1,0.7972424626350403,0.5384615384615384,0.0,0.2,intents::android_intent_action_MAIN(+0.298); intents::android_intent_category_LAUNCHER(+0.297); interesting_calls::getSystemService(+0.264); app_permissions::name='android_permission_WRITE_EXTERNAL_STORAGE'(+0.262); api_permissions::android_permission_INTERNET(+0.260); app_permissions::name='android_permission_INTERNET'(+0.258); interesting_calls::printStackTrace(+0.243); interesting_calls::Read/Write External Storage(+0.214); app_permissions::name='android_permission_ACCESS_NETWORK_STATE'(+0.205); api_permissions::android_permission_ACCESS_NETWORK_STATE(+0.201),True,new_cluster
2016-10,46,28,7,2,False,False,True,1,0.7655949592590332,0.42857142857142855,0.17857142857142858,0.17857142857142858,intents::android_intent_action_MAIN(+0.251); intents::android_intent_category_LAUNCHER(+0.250); interesting_calls::getSystemService(+0.240); api_permissions::android_permission_INTERNET(+0.240); app_permissions::name='android_permission_INTERNET'(+0.230); api_permissions::android_permission_ACCESS_NETWORK_STATE(+0.230); interesting_calls::getPackageInfo(+0.214); api_calls::android/net/ConnectivityManager;->getActiveNetworkInfo(+0.212); app_permissions::name='android_permission_ACCESS_NETWORK_STATE'(+0.207); interesting_calls::Obfuscation(Base64)(+0.190),True,new_cluster
2016-10,32,8,2,7,False,False,True,1,0.8617439866065979,0.25,0.0,0.125,interesting_calls::Obfuscation(Base64)(+0.161); interesting_calls::Read/Write External Storage(+0.156); intents::android_intent_action_MAIN(+0.154); interesting_calls::getSystemService(+0.154); app_permissions::name='android_permission_INTERNET'(+0.154); api_permissions::android_permission_INTERNET(+0.153); intents::android_intent_category_LAUNCHER(+0.153); api_permissions::android_permission_ACCESS_NETWORK_STATE(+0.152); urls::http://xmlpull_org/v1/doc/features_html(+0.150); urls::http://www_w3_org/XML/1998/namespace(+0.150),True,new_cluster
2016-10,6,10,0,10,False,False,True,1,0.9079381823539734,0.5384615384615384,0.1,0.1,intents::android_intent_action_MAIN(+0.234); intents::android_intent_category_LAUNCHER(+0.233); interesting_calls::getSystemService(+0.232); api_permissions::android_permission_INTERNET(+0.230); app_permissions::name='android_permission_INTERNET'(+0.216); api_permissions::android_permission_ACCESS_NETWORK_STATE(+0.215); interesting_calls::Read/Write External Storage(+0.210); api_calls::android/net/ConnectivityManager;->getActiveNetworkInfo(+0.194); app_permissions::name='android_permission_ACCESS_NETWORK_STATE'(+0.185); api_permissions::android_permission_WAKE_LOCK(+0.184),True,new_cluster
2016-10,27,10,1,8,False,False,True,1,0.7822307348251343,0.17647058823529413,0.9,0.1,intents::android_intent_category_DEFAULT(+0.141); interesting_calls::getPackageInfo(+0.132); api_permissions::android_permission_ACCESS_WIFI_STATE(+0.132); app_permissions::name='android_permission_ACCESS_WIFI_STATE'(+0.132); app_permissions::name='android_permission_WRITE_EXTERNAL_STORAGE'(+0.130); interesting_calls::Read/Write External Storage(+0.129); app_permissions::name='android_permission_ACCESS_NETWORK_STATE'(+0.127); interesting_calls::getDeviceId(+0.127); api_permissions::android_permission_READ_PHONE_STATE(+0.126); interesting_calls::printStackTrace(+0.126),True,new_cluster
2016-10,1,16,0,10,False,False,True,1,0.8938003182411194,0.5384615384615384,0.0,0.0625,intents::android_intent_action_MAIN(+0.195); intents::android_intent_category_LAUNCHER(+0.194); interesting_calls::getSystemService(+0.194); api_permissions::android_permission_INTERNET(+0.192); app_permissions::name='android_permission_INTERNET'(+0.190); api_permissions::android_permission_VIBRATE(+0.187); api_permissions::android_permission_ACCESS_NETWORK_STATE(+0.183); interesting_calls::getPackageInfo(+0.182); app_permissions::name='android_permission_ACCESS_NETWORK_STATE'(+0.175); interesting_calls::Read/Write External Storage(+0.175),True,new_cluster
2016-11,50,3,10,0,True,False,False,1,0.7665035128593445,0.3333333333333333,0.0,0.0,interesting_calls::HttpPost(+0.196); api_permissions::android_permission_ACCESS_NETWORK_STATE(+0.184); interesting_calls::getPackageInfo(+0.181); api_calls::android/net/ConnectivityManager;->getActiveNetworkInfo(+0.180); api_permissions::android_permission_ACCESS_FINE_LOCATION(+0.173); api_permissions::android_permission_INTERNET(+0.172); interesting_calls::getSystemService(+0.171); intents::android_intent_action_MAIN(+0.167); interesting_calls::Obfuscation(Base64)(+0.167); intents::android_intent_category_LAUNCHER(+0.166),True,new_cluster
2016-11,11,3,0,11,False,False,False,1,0.815425455570221,0.17647058823529413,0.6666666666666666,0.6666666666666666,interesting_calls::getPackageInfo(+0.209); app_permissions::name='android_permission_INTERNET'(+0.206); interesting_calls::Cipher(AES/CBC/PKCS5Padding)(+0.204); intents::android_intent_action_MAIN(+0.203); intents::android_intent_category_LAUNCHER(+0.203); app_permissions::name='android_permission_ACCESS_NETWORK_STATE'(+0.203); interesting_calls::Obfuscation(Base64)(+0.202); interesting_calls::getSystemService(+0.202); api_permissions::android_permission_INTERNET(+0.201); api_permissions::android_permission_ACCESS_NETWORK_STATE(+0.201),True,new_cluster
2016-11,14,3,0,11,False,False,False,1,0.5574254989624023,0.1111111111111111,0.0,0.3333333333333333,app_permissions::name='android_permission_WRITE_EXTERNAL_STORAGE'(+0.190); app_permissions::name='android_permission_READ_PHONE_STATE'(+0.187); app_permissions::name='android_permission_ACCESS_WIFI_STATE'(+0.183); intents::android_intent_action_MAIN(+0.183); intents::android_intent_category_LAUNCHER(+0.183); app_permissions::name='android_permission_INTERNET'(+0.182); app_permissions::name='android_permission_ACCESS_NETWORK_STATE'(+0.181); interesting_calls::printStackTrace(+0.177); interesting_calls::getSystemService(+0.175); interesting_calls::getPackageInfo(+0.173),True,new_cluster
2016-11,22,18,0,10,False,False,False,1,0.844478189945221,0.3333333333333333,0.1111111111111111,0.05555555555555555,api_permissions::android_permission_ACCESS_NETWORK_STATE(+0.198); interesting_calls::getSystemService(+0.196); interesting_calls::getPackageInfo(+0.196); api_permissions::android_permission_INTERNET(+0.195); intents::android_intent_action_MAIN(+0.195); intents::android_intent_category_LAUNCHER(+0.194); interesting_calls::Obfuscation(Base64)(+0.188); app_permissions::name='android_permission_INTERNET'(+0.184); api_calls::android/net/ConnectivityManager;->getActiveNetworkInfo(+0.180); app_permissions::name='android_permission_ACCESS_NETWORK_STATE'(+0.178),True,new_cluster
2016-11,0,79,0,11,False,False,False,1,0.8455929756164551,0.25,0.11392405063291139,0.05063291139240506,interesting_calls::Obfuscation(Base64)(+0.170); interesting_calls::getPackageInfo(+0.167); api_permissions::android_permission_VIBRATE(+0.160); api_permissions::android_permission_WAKE_LOCK(+0.157); api_permissions::android_permission_ACCESS_NETWORK_STATE(+0.156); interesting_calls::getSystemService(+0.152); api_permissions::android_permission_INTERNET(+0.152); intents::android_intent_action_MAIN(+0.151); app_permissions::name='android_permission_INTERNET'(+0.151); app_permissions::name='android_permission_ACCESS_NETWORK_STATE'(+0.150),True,new_cluster
2016-11,25,35,1,9,False,False,False,1,0.8460493087768555,0.42857142857142855,0.05714285714285714,0.02857142857142857,interesting_calls::getPackageInfo(+0.162); api_permissions::android_permission_WAKE_LOCK(+0.160); api_permissions::android_permission_VIBRATE(+0.158); app_permissions::name='android_permission_INTERNET'(+0.155); intents::android_intent_action_MAIN(+0.155); intents::android_intent_category_LAUNCHER(+0.153); interesting_calls::Obfuscation(Base64)(+0.153); interesting_calls::getSystemService(+0.152); api_permissions::android_permission_INTERNET(+0.152); interesting_calls::Read/Write External Storage(+0.150),True,new_cluster
2016-11,46,11,7,3,False,False,False,1,0.7917493581771851,0.17647058823529413,0.0,0.0,intents::android_intent_action_MAIN(+0.247); intents::android_intent_category_LAUNCHER(+0.246); interesting_calls::getSystemService(+0.239); api_permissions::android_permission_INTERNET(+0.238); api_permissions::android_permission_ACCESS_NETWORK_STATE(+0.231); app_permissions::name='android_permission_INTERNET'(+0.227); api_calls::android/net/ConnectivityManager;->getActiveNetworkInfo(+0.215); interesting_calls::getPackageInfo(+0.215); app_permissions::name='android_permission_ACCESS_NETWORK_STATE'(+0.207); interesting_calls::Obfuscation(Base64)(+0.192),True,new_cluster
2016-11,3,9,0,11,False,False,False,1,0.9467654228210449,0.25,0.0,0.0,urls::http://plus_google_com/(+0.163); interesting_calls::getSystemService(+0.158); urls::http://schemas_android_com/apk/lib/com_google_android_gms_plus(+0.158); api_permissions::android_permission_INTERNET(+0.158); api_permissions::android_permission_ACCESS_NETWORK_STATE(+0.158); intents::android_intent_action_MAIN(+0.158); api_permissions::android_permission_VIBRATE(+0.157); urls::https://www_googleapis_com/auth/games_firstparty(+0.157); intents::android_intent_category_LAUNCHER(+0.157); urls::https://www_googleapis_com/auth/games(+0.157),True,new_cluster
2016-11,7,7,0,11,False,False,False,1,0.9572224617004395,0.1111111111111111,0.0,0.0,api_permissions::android_permission_READ_CONTACTS(+0.148); urls::https://www_googletagmanager_com(+0.148); urls::http://hostname/?(+0.148); urls::http://www_google_com(+0.146); interesting_calls::getSystemService(+0.146); urls::http://media_admob_com/mraid/v1/mraid_app_interstitial_js(+0.146); urls::http://media_admob_com/mraid/v1/mraid_app_banner_js(+0.146); urls::http://media_admob_com/mraid/v1/mraid_app_expanded_banner_js(+0.146); urls::https://www_googleapis_com/auth/drive_appdata(+0.146); urls::https://www_googleapis_com/auth/drive_file(+0.146),True,new_cluster
2016-11,4,5,0,11,False,False,False,1,0.8366525173187256,0.42857142857142855,0.0,0.0,api_permissions::android_permission_WAKE_LOCK(+0.276); interesting_calls::Read/Write External Storage(+0.266); api_calls::android/os/PowerManager$WakeLock;->acquire(+0.260); interesting_calls::getSystemService(+0.260); intents::android_intent_action_MAIN(+0.257); api_permissions::android_permission_INTERNET(+0.257); intents::android_intent_category_LAUNCHER(+0.256); api_permissions::android_permission_ACCESS_NETWORK_STATE(+0.245); api_calls::android/net/ConnectivityManager;->getActiveNetworkInfo(+0.244); api_calls::android/content/Context;->startActivity(+0.239),True,new_cluster
2017-01,51,26,12,0,True,False,False,1,0.7288927435874939,0.6666666666666666,0.07692307692307693,0.11538461538461539,intents::android_intent_action_MAIN(+0.299); intents::android_intent_category_LAUNCHER(+0.289); interesting_calls::getSystemService(+0.257); api_permissions::android_permission_INTERNET(+0.253); app_permissions::name='android_permission_INTERNET'(+0.241); api_permissions::android_permission_ACCESS_NETWORK_STATE(+0.204); interesting_calls::Read/Write External Storage(+0.200); api_permissions::android_permission_WAKE_LOCK(+0.189); app_permissions::name='android_permission_WRITE_EXTERNAL_STORAGE'(+0.187); app_permissions::name='android_permission_ACCESS_NETWORK_STATE'(+0.184),True,new_cluster
2017-01,38,35,3,7,False,False,False,1,0.703300952911377,0.6666666666666666,0.0,0.7428571428571429,intents::android_intent_action_MAIN(+0.286); intents::android_intent_category_LAUNCHER(+0.285); api_permissions::android_permission_INTERNET(+0.270); interesting_calls::getSystemService(+0.269); app_permissions::name='android_permission_INTERNET'(+0.263); api_calls::android/app/NotificationManager;->notify(+0.242); api_permissions::android_permission_ACCESS_NETWORK_STATE(+0.236); api_permissions::android_permission_VIBRATE(+0.218); app_permissions::name='android_permission_ACCESS_NETWORK_STATE'(+0.217); interesting_calls::getPackageInfo(+0.214),True,new_cluster
2017-01,27,44,1,10,False,False,False,1,0.8528534770011902,0.05263157894736842,0.3181818181818182,0.4090909090909091,intents::android_intent_category_DEFAULT(+0.142); interesting_calls::getPackageInfo(+0.132); api_permissions::android_permission_ACCESS_WIFI_STATE(+0.132); app_permissions::name='android_permission_ACCESS_WIFI_STATE'(+0.131); app_permissions::name='android_permission_WRITE_EXTERNAL_STORAGE'(+0.130); interesting_calls::Read/Write External Storage(+0.129); interesting_calls::getDeviceId(+0.127); app_permissions::name='android_permission_ACCESS_NETWORK_STATE'(+0.127); api_permissions::android_permission_READ_PHONE_STATE(+0.126); interesting_calls::printStackTrace(+0.126),True,new_cluster
2017-01,49,3,9,2,False,False,False,1,0.8112757802009583,0.3333333333333333,0.0,0.3333333333333333,intents::android_intent_category_LAUNCHER(+0.265); intents::android_intent_action_MAIN(+0.265); app_permissions::name='android_permission_INTERNET'(+0.233); interesting_calls::getSystemService(+0.231); api_permissions::android_permission_INTERNET(+0.230); app_permissions::name='android_permission_WRITE_EXTERNAL_STORAGE'(+0.202); activities::_MainActivity(+0.201); app_permissions::name='android_permission_ACCESS_NETWORK_STATE'(+0.191); interesting_calls::printStackTrace(+0.185); api_permissions::android_permission_ACCESS_NETWORK_STATE(+0.182),True,new_cluster
2017-01,39,50,4,7,False,False,False,1,0.878042995929718,0.3333333333333333,0.08,0.26,api_permissions::android_permission_WAKE_LOCK(+0.157); api_permissions::android_permission_VIBRATE(+0.144); interesting_calls::getPackageInfo(+0.143); intents::android_intent_action_MAIN(+0.141); intents::android_intent_category_LAUNCHER(+0.140); api_permissions::android_permission_INTERNET(+0.140); interesting_calls::getSystemService(+0.140); api_permissions::android_permission_ACCESS_NETWORK_STATE(+0.139); interesting_calls::Obfuscation(Base64)(+0.137); app_permissions::name='android_permission_INTERNET'(+0.136),True,new_cluster
2017-01,10,47,0,11,False,False,False,1,0.9262794852256775,0.8181818181818182,0.10638297872340426,0.2553191489361702,intents::android_intent_action_MAIN(+0.347); intents::android_intent_category_LAUNCHER(+0.345); interesting_calls::getSystemService(+0.304); api_permissions::android_permission_INTERNET(+0.304); app_permissions::name='android_permission_INTERNET'(+0.303); api_calls::android/webkit/WebView(+0.231); api_permissions::android_permission_ACCESS_NETWORK_STATE(+0.228); app_permissions::name='android_permission_ACCESS_NETWORK_STATE'(+0.225); activities::_MainActivity(+0.197); interesting_calls::getPackageInfo(+0.191),True,new_cluster
2017-01,14,85,0,12,False,False,False,1,0.9268730878829956,0.42857142857142855,0.32941176470588235,0.23529411764705882,app_permissions::name='android_permission_WRITE_EXTERNAL_STORAGE'(+0.190); app_permissions::name='android_permission_READ_PHONE_STATE'(+0.187); app_permissions::name='android_permission_ACCESS_WIFI_STATE'(+0.183); intents::android_intent_action_MAIN(+0.183); intents::android_intent_category_LAUNCHER(+0.183); app_permissions::name='android_permission_INTERNET'(+0.182); app_permissions::name='android_permission_ACCESS_NETWORK_STATE'(+0.181); interesting_calls::printStackTrace(+0.177); interesting_calls::getSystemService(+0.175); interesting_calls::getPackageInfo(+0.173),True,new_cluster
2017-01,25,578,1,11,False,False,False,1,0.8488042950630188,0.5384615384615384,0.04152249134948097,0.2093425605536332,interesting_calls::getPackageInfo(+0.163); api_permissions::android_permission_WAKE_LOCK(+0.160); api_permissions::android_permission_VIBRATE(+0.159); intents::android_intent_action_MAIN(+0.155); app_permissions::name='android_permission_INTERNET'(+0.155); intents::android_intent_category_LAUNCHER(+0.154); interesting_calls::Obfuscation(Base64)(+0.153); api_permissions::android_permission_INTERNET(+0.153); interesting_calls::getSystemService(+0.153); interesting_calls::Read/Write External Storage(+0.151),True,new_cluster
2017-01,11,425,0,13,False,False,False,1,0.6229382157325745,0.42857142857142855,0.20941176470588235,0.20470588235294118,interesting_calls::getPackageInfo(+0.209); app_permissions::name='android_permission_INTERNET'(+0.207); interesting_calls::Cipher(AES/CBC/PKCS5Padding)(+0.205); intents::android_intent_action_MAIN(+0.203); intents::android_intent_category_LAUNCHER(+0.203); app_permissions::name='android_permission_ACCESS_NETWORK_STATE'(+0.203); interesting_calls::getSystemService(+0.202); api_permissions::android_permission_ACCESS_NETWORK_STATE(+0.202); api_permissions::android_permission_INTERNET(+0.202); interesting_calls::Obfuscation(Base64)(+0.202),True,new_cluster
2017-01,45,51,6,5,False,False,False,1,0.8920260667800903,0.5384615384615384,0.0,0.17647058823529413,intents::android_intent_action_MAIN(+0.299); intents::android_intent_category_LAUNCHER(+0.298); interesting_calls::getSystemService(+0.268); api_permissions::android_permission_INTERNET(+0.266); app_permissions::name='android_permission_INTERNET'(+0.262); interesting_calls::printStackTrace(+0.259); app_permissions::name='android_permission_WRITE_EXTERNAL_STORAGE'(+0.230); interesting_calls::Read/Write External Storage(+0.217); api_calls::android/app/Activity;->startActivity(+0.215); app_permissions::name='android_permission_ACCESS_NETWORK_STATE'(+0.205),True,new_cluster
2017-02,51,32,13,0,True,False,False,2,0.8657546639442444,0.6666666666666666,0.0625,0.09375,intents::android_intent_action_MAIN(+0.293); intents::android_intent_category_LAUNCHER(+0.289); interesting_calls::getSystemService(+0.254); api_permissions::android_permission_INTERNET(+0.249); app_permissions::name='android_permission_INTERNET'(+0.243); intents::android_intent_category_DEFAULT(+0.222); app_permissions::name='android_permission_WRITE_EXTERNAL_STORAGE'(+0.213); activities::_MainActivity(+0.211); interesting_calls::Read/Write External Storage(+0.198); api_permissions::android_permission_ACCESS_NETWORK_STATE(+0.198),True,new_cluster
2017-02,52,20,13,0,True,False,False,2,0.8795733451843262,0.25,0.0,0.0,urls::http://en_wikipedia_org/wiki/Ghillies(+0.031); urls::http://commons_wikimedia_org/wiki/File:Raffles_singapura_cat_jpg(+0.031); urls::http://en_wikipedia_org/wiki/Common_Cow-wheat(+0.031); urls::http://commons_wikimedia_org/wiki/File:Biscuit_tins_VA_2486_JPG(+0.031); urls::http://en_wikipedia_org/wiki/File:Capepetrel_kinggeorgeisland_jpg(+0.031); urls::http://en_wikipedia_org/wiki/File:RhB_ABe_4-4_III_Kreisviadukt_Brusio_jpg(+0.031); urls::http://en_wikipedia_org/wiki/Lunar_plaque(+0.031); urls::http://commons_wikimedia_org/wiki/File:Ruisleip%C3%A4-limppu_reik%C3%A4leip%C3%A4_reissumies_hapankorppu-1_JPG(+0.031); urls::http://commons_wikimedia_org/wiki/File:Aceros_cassidix_1_%28Frank_Wouters%29_jpg(+0.031); urls::http://www_flickr_com/photos/harrynguyen/2703204075/(+0.031),True,new_cluster
2017-02,27,30,1,11,False,False,False,2,0.828682005405426,0.25,0.23333333333333334,0.5,intents::android_intent_category_DEFAULT(+0.142); interesting_calls::getPackageInfo(+0.132); api_permissions::android_permission_ACCESS_WIFI_STATE(+0.132); app_permissions::name='android_permission_ACCESS_WIFI_STATE'(+0.131); app_permissions::name='android_permission_WRITE_EXTERNAL_STORAGE'(+0.130); interesting_calls::Read/Write External Storage(+0.129); interesting_calls::getDeviceId(+0.127); app_permissions::name='android_permission_ACCESS_NETWORK_STATE'(+0.127); api_permissions::android_permission_READ_PHONE_STATE(+0.126); interesting_calls::printStackTrace(+0.126),True,new_cluster
2017-02,10,43,0,12,False,False,False,2,0.845385730266571,0.8181818181818182,0.06976744186046512,0.20930232558139536,intents::android_intent_action_MAIN(+0.347); intents::android_intent_category_LAUNCHER(+0.345); interesting_calls::getSystemService(+0.304); api_permissions::android_permission_INTERNET(+0.304); app_permissions::name='android_permission_INTERNET'(+0.303); api_calls::android/webkit/WebView(+0.232); api_permissions::android_permission_ACCESS_NETWORK_STATE(+0.228); app_permissions::name='android_permission_ACCESS_NETWORK_STATE'(+0.225); activities::_MainActivity(+0.197); interesting_calls::getPackageInfo(+0.191),True,new_cluster
2017-02,37,5,3,8,False,False,False,2,0.7616344690322876,0.0,0.2,0.2,urls::https://api_weibo_com/2/statuses/hot/repost_daily_json(+0.086); interesting_calls::getPackageInfo(+0.082); intents::android_intent_category_DEFAULT(+0.082); api_permissions::android_permission_ACCESS_WIFI_STATE(+0.080); app_permissions::name='android_permission_ACCESS_WIFI_STATE'(+0.079); app_permissions::name='android_permission_ACCESS_NETWORK_STATE'(+0.078); interesting_calls::getDeviceId(+0.077); app_permissions::name='android_permission_INTERNET'(+0.075); app_permissions::name='android_permission_WRITE_EXTERNAL_STORAGE'(+0.074); intents::android_intent_category_LAUNCHER(+0.074),True,new_cluster
2017-02,46,440,7,6,False,False,False,2,0.8259585499763489,0.42857142857142855,0.31363636363636366,0.11818181818181818,api_permissions::android_permission_ACCESS_NETWORK_STATE(+0.227); interesting_calls::getSystemService(+0.222); api_calls::android/net/ConnectivityManager;->getActiveNetworkInfo(+0.221); interesting_calls::getPackageInfo(+0.220); api_permissions::android_permission_INTERNET(+0.220); intents::android_intent_action_MAIN(+0.218); intents::android_intent_category_LAUNCHER(+0.218); app_permissions::name='android_permission_INTERNET'(+0.214); interesting_calls::Obfuscation(Base64)(+0.210); app_permissions::name='android_permission_ACCESS_NETWORK_STATE'(+0.208),True,new_cluster
2017-02,17,17,0,14,False,False,False,2,0.9244148135185242,0.3333333333333333,0.0,0.11764705882352941,interesting_calls::getPackageInfo(+0.149); interesting_calls::Obfuscation(Base64)(+0.146); app_permissions::name='android_permission_INTERNET'(+0.144); api_permissions::android_permission_READ_CONTACTS(+0.143); intents::android_intent_action_MAIN(+0.142); intents::android_intent_category_LAUNCHER(+0.141); api_permissions::android_permission_INTERNET(+0.141); api_permissions::android_permission_VIBRATE(+0.141); interesting_calls::getSystemService(+0.141); api_permissions::android_permission_ACCESS_NETWORK_STATE(+0.141),True,new_cluster
2017-02,14,88,0,13,False,False,False,2,0.8092599511146545,0.42857142857142855,0.5681818181818182,0.11363636363636363,app_permissions::name='android_permission_WRITE_EXTERNAL_STORAGE'(+0.190); app_permissions::name='android_permission_READ_PHONE_STATE'(+0.187); app_permissions::name='android_permission_ACCESS_WIFI_STATE'(+0.183); intents::android_intent_action_MAIN(+0.183); intents::android_intent_category_LAUNCHER(+0.183); app_permissions::name='android_permission_INTERNET'(+0.182); app_permissions::name='android_permission_ACCESS_NETWORK_STATE'(+0.181); interesting_calls::printStackTrace(+0.177); interesting_calls::getSystemService(+0.175); interesting_calls::getPackageInfo(+0.173),True,new_cluster
2017-02,9,9,0,12,False,False,False,2,0.8825193643569946,0.3333333333333333,0.0,0.1111111111111111,intents::android_intent_action_MAIN(+0.134); intents::android_intent_category_LAUNCHER(+0.132); interesting_calls::getSystemService(+0.132); api_permissions::android_permission_INTERNET(+0.132); app_permissions::name='android_permission_INTERNET'(+0.131); api_permissions::android_permission_READ_CONTACTS(+0.130); api_permissions::android_permission_ACCESS_NETWORK_STATE(+0.130); interesting_calls::getPackageInfo(+0.129); interesting_calls::Obfuscation(Base64)(+0.129); app_permissions::name='android_permission_ACCESS_NETWORK_STATE'(+0.128),True,new_cluster
2017-02,47,10,7,4,False,False,False,2,0.8965822458267212,0.6666666666666666,0.0,0.1,intents::android_intent_action_MAIN(+0.243); api_permissions::android_permission_WAKE_LOCK(+0.241); intents::android_intent_category_LAUNCHER(+0.239); interesting_calls::getSystemService(+0.234); api_permissions::android_permission_INTERNET(+0.228); app_permissions::name='android_permission_INTERNET'(+0.215); api_permissions::android_permission_ACCESS_NETWORK_STATE(+0.215); api_permissions::android_permission_VIBRATE(+0.211); interesting_calls::getPackageInfo(+0.199); interesting_calls::Read/Write External Storage(+0.196),True,new_cluster
2017-03,51,37,14,0,True,True,False,2,0.8595399260520935,0.5384615384615384,0.05405405405405406,0.05405405405405406,intents::android_intent_action_MAIN(+0.245); intents::android_intent_category_LAUNCHER(+0.235); interesting_calls::getSystemService(+0.225); api_permissions::android_permission_INTERNET(+0.220); api_permissions::android_permission_WAKE_LOCK(+0.220); app_permissions::name='android_permission_INTERNET'(+0.210); interesting_calls::Read/Write External Storage(+0.205); api_permissions::android_permission_ACCESS_NETWORK_STATE(+0.205); api_calls::android/net/ConnectivityManager;->getActiveNetworkInfo(+0.182); app_permissions::name='android_permission_ACCESS_NETWORK_STATE'(+0.181),True,new_cluster
2017-03,52,7,14,0,True,True,False,2,0.8373882174491882,0.6666666666666666,0.0,0.0,app_permissions::name='android_permission_READ_PHONE_STATE'(+0.293); intents::android_intent_action_MAIN(+0.274); intents::android_intent_category_LAUNCHER(+0.274); app_permissions::name='android_permission_INTERNET'(+0.256); app_permissions::name='android_permission_ACCESS_WIFI_STATE'(+0.240); interesting_calls::getSystemService(+0.227); api_permissions::android_permission_INTERNET(+0.224); app_permissions::name='android_permission_WRITE_EXTERNAL_STORAGE'(+0.222); app_permissions::name='android_permission_ACCESS_NETWORK_STATE'(+0.218); interesting_calls::getPackageInfo(+0.187),True,new_cluster
2017-03,35,3,3,9,False,True,False,2,0.8003466129302979,0.05263157894736842,0.6666666666666666,0.6666666666666666,urls::https://api_weibo_com/2/statuses/hot/repost_daily_json(+0.086); intents::android_intent_category_DEFAULT(+0.082); interesting_calls::getPackageInfo(+0.082); api_permissions::android_permission_ACCESS_WIFI_STATE(+0.079); app_permissions::name='android_permission_ACCESS_WIFI_STATE'(+0.079); app_permissions::name='android_permission_ACCESS_NETWORK_STATE'(+0.078); interesting_calls::getDeviceId(+0.077); app_permissions::name='android_permission_INTERNET'(+0.075); app_permissions::name='android_permission_WRITE_EXTERNAL_STORAGE'(+0.075); api_permissions::android_permission_VIBRATE(+0.074),True,new_cluster
2017-03,14,14,0,14,False,True,False,2,0.8496434688568115,0.1111111111111111,0.5,0.5,interesting_calls::Obfuscation(Base64)(+0.140); app_permissions::name='android_permission_INTERNET'(+0.137); interesting_calls::getDeviceId(+0.137); interesting_calls::getPackageInfo(+0.136); api_permissions::android_permission_INTERNET(+0.136); intents::android_intent_action_MAIN(+0.136); app_permissions::name='android_permission_ACCESS_NETWORK_STATE'(+0.136); intents::android_intent_category_LAUNCHER(+0.135); interesting_calls::getSystemService(+0.135); api_permissions::android_permission_ACCESS_NETWORK_STATE(+0.135),True,new_cluster
2017-03,13,108,0,14,False,True,False,2,0.8767538070678711,0.42857142857142855,0.5277777777777778,0.1574074074074074,app_permissions::name='android_permission_WRITE_EXTERNAL_STORAGE'(+0.190); app_permissions::name='android_permission_READ_PHONE_STATE'(+0.187); app_permissions::name='android_permission_ACCESS_WIFI_STATE'(+0.183); intents::android_intent_action_MAIN(+0.183); intents::android_intent_category_LAUNCHER(+0.183); app_permissions::name='android_permission_INTERNET'(+0.182); app_permissions::name='android_permission_ACCESS_NETWORK_STATE'(+0.181); interesting_calls::printStackTrace(+0.177); interesting_calls::getSystemService(+0.175); interesting_calls::getPackageInfo(+0.173),True,new_cluster
2017-03,38,36,4,9,False,True,False,2,0.8339919447898865,0.6666666666666666,0.1111111111111111,0.1111111111111111,intents::android_intent_action_MAIN(+0.249); intents::android_intent_category_LAUNCHER(+0.247); app_permissions::name='android_permission_WRITE_EXTERNAL_STORAGE'(+0.233); interesting_calls::getSystemService(+0.233); api_permissions::android_permission_INTERNET(+0.226); app_permissions::name='android_permission_INTERNET'(+0.216); api_permissions::android_permission_ACCESS_NETWORK_STATE(+0.206); interesting_calls::Read/Write External Storage(+0.204); api_permissions::android_permission_WAKE_LOCK(+0.197); api_calls::android/net/ConnectivityManager;->getActiveNetworkInfo(+0.193),True,new_cluster
2017-03,25,53,1,12,False,True,False,2,0.8623266816139221,0.25,0.18867924528301888,0.09433962264150944,intents::android_intent_category_DEFAULT(+0.142); interesting_calls::getPackageInfo(+0.132); api_permissions::android_permission_ACCESS_WIFI_STATE(+0.132); app_permissions::name='android_permission_ACCESS_WIFI_STATE'(+0.131); app_permissions::name='android_permission_WRITE_EXTERNAL_STORAGE'(+0.131); interesting_calls::Read/Write External Storage(+0.130); interesting_calls::getDeviceId(+0.127); app_permissions::name='android_permission_ACCESS_NETWORK_STATE'(+0.127); interesting_calls::printStackTrace(+0.127); api_permissions::android_permission_READ_PHONE_STATE(+0.127),True,new_cluster
2017-03,6,118,0,15,False,True,False,2,0.9290226101875305,0.6666666666666666,0.09322033898305085,0.0847457627118644,intents::android_intent_action_MAIN(+0.233); intents::android_intent_category_LAUNCHER(+0.232); interesting_calls::getSystemService(+0.231); api_permissions::android_permission_INTERNET(+0.230); app_permissions::name='android_permission_INTERNET'(+0.216); api_permissions::android_permission_ACCESS_NETWORK_STATE(+0.215); interesting_calls::Read/Write External Storage(+0.211); api_calls::android/net/ConnectivityManager;->getActiveNetworkInfo(+0.194); api_permissions::android_permission_WAKE_LOCK(+0.185); app_permissions::name='android_permission_ACCESS_NETWORK_STATE'(+0.184),True,new_cluster
2017-03,28,96,2,11,False,True,False,2,0.8284238576889038,0.5384615384615384,0.07291666666666667,0.07291666666666667,api_permissions::android_permission_WAKE_LOCK(+0.262); intents::android_intent_action_MAIN(+0.252); intents::android_intent_category_LAUNCHER(+0.251); interesting_calls::getSystemService(+0.239); api_permissions::android_permission_INTERNET(+0.234); api_permissions::android_permission_RECORD_AUDIO(+0.233); interesting_calls::Read/Write External Storage(+0.219); api_permissions::android_permission_ACCESS_NETWORK_STATE(+0.216); app_permissions::name='android_permission_INTERNET'(+0.205); api_permissions::android_permission_CAMERA(+0.200),True,new_cluster
2017-03,19,104,0,13,False,True,False,2,0.7238712310791016,0.6666666666666666,0.9807692307692307,0.0673076923076923,app_permissions::name='android_permission_WRITE_EXTERNAL_STORAGE'(+0.357); app_permissions::name='android_permission_READ_PHONE_STATE'(+0.286); app_permissions::name='android_permission_ACCESS_WIFI_STATE'(+0.262); interesting_calls::printStackTrace(+0.223); app_permissions::name='android_permission_ACCESS_NETWORK_STATE'(+0.212); app_permissions::name='android_permission_INTERNET'(+0.198); app_permissions::name='android_permission_WAKE_LOCK'(+0.194); intents::android_intent_action_MAIN(+0.189); intents::android_intent_category_LAUNCHER(+0.187); app_permissions::name='android_permission_GET_TASKS'(+0.157),True,new_cluster
2017-04,53,36,15,0,True,False,True,1,0.7093545794487,0.6666666666666666,0.05555555555555555,0.027777777777777776,intents::android_intent_action_MAIN(+0.257); intents::android_intent_category_LAUNCHER(+0.241); app_permissions::name='android_permission_WRITE_EXTERNAL_STORAGE'(+0.239); api_permissions::android_permission_WAKE_LOCK(+0.224); interesting_calls::getSystemService(+0.222); api_permissions::android_permission_INTERNET(+0.215); interesting_calls::Read/Write External Storage(+0.210); app_permissions::name='android_permission_INTERNET'(+0.210); api_permissions::android_permission_ACCESS_NETWORK_STATE(+0.185); app_permissions::name='android_permission_ACCESS_NETWORK_STATE'(+0.177),True,new_cluster
2017-04,35,6,3,10,False,False,True,1,0.8446996808052063,0.05263157894736842,0.0,0.6666666666666666,urls::https://api_weibo_com/2/statuses/hot/repost_daily_json(+0.086); intents::android_intent_category_DEFAULT(+0.082); interesting_calls::getPackageInfo(+0.082); api_permissions::android_permission_ACCESS_WIFI_STATE(+0.079); app_permissions::name='android_permission_ACCESS_WIFI_STATE'(+0.079); app_permissions::name='android_permission_ACCESS_NETWORK_STATE'(+0.078); interesting_calls::getDeviceId(+0.078); app_permissions::name='android_permission_INTERNET'(+0.075); app_permissions::name='android_permission_WRITE_EXTERNAL_STORAGE'(+0.075); api_permissions::android_permission_VIBRATE(+0.074),True,new_cluster
2017-04,25,66,1,13,False,False,True,1,0.8339951634407043,0.25,0.10606060606060606,0.42424242424242425,intents::android_intent_category_DEFAULT(+0.142); interesting_calls::getPackageInfo(+0.133); api_permissions::android_permission_ACCESS_WIFI_STATE(+0.132); app_permissions::name='android_permission_WRITE_EXTERNAL_STORAGE'(+0.132); app_permissions::name='android_permission_ACCESS_WIFI_STATE'(+0.131); interesting_calls::Read/Write External Storage(+0.130); interesting_calls::printStackTrace(+0.128); api_permissions::android_permission_VIBRATE(+0.127); interesting_calls::getDeviceId(+0.127); app_permissions::name='android_permission_ACCESS_NETWORK_STATE'(+0.127),True,new_cluster
2017-04,14,7,0,15,False,False,True,1,0.8375152945518494,0.1111111111111111,0.14285714285714285,0.14285714285714285,interesting_calls::Obfuscation(Base64)(+0.140); app_permissions::name='android_permission_INTERNET'(+0.137); interesting_calls::getDeviceId(+0.137); interesting_calls::getPackageInfo(+0.136); api_permissions::android_permission_INTERNET(+0.136); intents::android_intent_action_MAIN(+0.136); app_permissions::name='android_permission_ACCESS_NETWORK_STATE'(+0.136); intents::android_intent_category_LAUNCHER(+0.135); interesting_calls::getSystemService(+0.135); api_permissions::android_permission_ACCESS_NETWORK_STATE(+0.135),True,new_cluster
2017-04,44,427,7,8,False,False,True,1,0.8299523591995239,0.42857142857142855,0.2857142857142857,0.12646370023419204,api_permissions::android_permission_ACCESS_NETWORK_STATE(+0.226); interesting_calls::getSystemService(+0.221); api_calls::android/net/ConnectivityManager;->getActiveNetworkInfo(+0.220); interesting_calls::getPackageInfo(+0.219); api_permissions::android_permission_INTERNET(+0.218); intents::android_intent_action_MAIN(+0.217); intents::android_intent_category_LAUNCHER(+0.216); app_permissions::name='android_permission_INTERNET'(+0.212); interesting_calls::Obfuscation(Base64)(+0.211); app_permissions::name='android_permission_ACCESS_NETWORK_STATE'(+0.207),True,new_cluster
2017-04,32,10,3,11,False,False,True,1,0.7113330364227295,0.05263157894736842,0.0,0.1,interesting_calls::Read/Write External Storage(+0.124); api_permissions::android_permission_WAKE_LOCK(+0.123); interesting_calls::getPackageInfo(+0.122); api_permissions::android_permission_ACCESS_FINE_LOCATION(+0.118); interesting_calls::getDeviceId(+0.118); api_permissions::android_permission_ACCESS_NETWORK_STATE(+0.117); api_permissions::android_permission_VIBRATE(+0.116); interesting_calls::getSystemService(+0.115); intents::android_intent_action_MAIN(+0.115); api_permissions::android_permission_INTERNET(+0.115),True,new_cluster
2017-04,13,215,0,15,False,False,True,1,0.8805902600288391,0.42857142857142855,0.4325581395348837,0.09302325581395349,app_permissions::name='android_permission_WRITE_EXTERNAL_STORAGE'(+0.190); app_permissions::name='android_permission_READ_PHONE_STATE'(+0.187); app_permissions::name='android_permission_ACCESS_WIFI_STATE'(+0.183); intents::android_intent_action_MAIN(+0.183); intents::android_intent_category_LAUNCHER(+0.183); app_permissions::name='android_permission_INTERNET'(+0.182); app_permissions::name='android_permission_ACCESS_NETWORK_STATE'(+0.181); interesting_calls::printStackTrace(+0.176); interesting_calls::getSystemService(+0.175); interesting_calls::getPackageInfo(+0.173),True,new_cluster
2017-04,10,45,0,14,False,False,True,1,0.8608699440956116,0.8181818181818182,0.06666666666666667,0.06666666666666667,intents::android_intent_action_MAIN(+0.347); intents::android_intent_category_LAUNCHER(+0.345); interesting_calls::getSystemService(+0.305); api_permissions::android_permission_INTERNET(+0.305); app_permissions::name='android_permission_INTERNET'(+0.303); api_calls::android/webkit/WebView(+0.233); api_permissions::android_permission_ACCESS_NETWORK_STATE(+0.228); app_permissions::name='android_permission_ACCESS_NETWORK_STATE'(+0.226); activities::_MainActivity(+0.196); interesting_calls::getPackageInfo(+0.191),True,new_cluster
2017-04,40,30,5,8,False,False,True,1,0.9194468259811401,0.6666666666666666,0.06666666666666667,0.06666666666666667,intents::android_intent_action_MAIN(+0.280); intents::android_intent_category_LAUNCHER(+0.279); app_permissions::name='android_permission_WRITE_EXTERNAL_STORAGE'(+0.266); interesting_calls::printStackTrace(+0.263); interesting_calls::getSystemService(+0.259); api_permissions::android_permission_INTERNET(+0.252); interesting_calls::Read/Write External Storage(+0.246); app_permissions::name='android_permission_INTERNET'(+0.240); api_permissions::android_permission_WAKE_LOCK(+0.219); api_permissions::android_permission_ACCESS_NETWORK_STATE(+0.201),True,new_cluster
2017-04,23,487,1,14,False,False,True,1,0.8633083701133728,0.6666666666666666,0.053388090349075976,0.059548254620123205,api_permissions::android_permission_WAKE_LOCK(+0.164); interesting_calls::getPackageInfo(+0.164); api_permissions::android_permission_VIBRATE(+0.161); intents::android_intent_action_MAIN(+0.157); app_permissions::name='android_permission_INTERNET'(+0.156); intents::android_intent_category_LAUNCHER(+0.156); interesting_calls::Obfuscation(Base64)(+0.154); interesting_calls::getSystemService(+0.154); api_permissions::android_permission_INTERNET(+0.154); interesting_calls::Read/Write External Storage(+0.153),True,new_cluster
2017-05,55,25,16,0,True,False,False,2,0.8397204875946045,0.6666666666666666,0.12,0.04,intents::android_intent_action_MAIN(+0.300); intents::android_intent_category_LAUNCHER(+0.299); interesting_calls::getSystemService(+0.263); api_permissions::android_permission_INTERNET(+0.255); activities::_MainActivity(+0.236); interesting_calls::Read/Write External Storage(+0.231); app_permissions::name='android_permission_INTERNET'(+0.229); api_permissions::android_permission_WAKE_LOCK(+0.225); app_permissions::name='android_permission_WRITE_EXTERNAL_STORAGE'(+0.206); api_permissions::android_permission_ACCESS_NETWORK_STATE(+0.197),True,new_cluster
2017-05,54,19,16,0,True,False,False,2,0.7865444421768188,0.6666666666666666,0.0,0.0,intents::android_intent_action_MAIN(+0.196); api_permissions::android_permission_INTERNET(+0.178); interesting_calls::getSystemService(+0.176); api_permissions::android_permission_ACCESS_FINE_LOCATION(+0.175); intents::android_intent_category_LAUNCHER(+0.174); app_permissions::name='android_permission_INTERNET'(+0.174); api_permissions::android_permission_READ_CONTACTS(+0.173); interesting_calls::Obfuscation(Base64)(+0.168); api_permissions::android_permission_ACCESS_NETWORK_STATE(+0.167); app_permissions::name='android_permission_ACCESS_NETWORK_STATE'(+0.161),True,new_cluster
2017-05,52,9,14,2,False,False,False,2,0.835011899471283,0.6666666666666666,0.0,0.2222222222222222,app_permissions::name='android_permission_READ_PHONE_STATE'(+0.320); intents::android_intent_action_MAIN(+0.289); intents::android_intent_category_LAUNCHER(+0.288); app_permissions::name='android_permission_INTERNET'(+0.271); interesting_calls::getSystemService(+0.242); api_permissions::android_permission_INTERNET(+0.241); app_permissions::name='android_permission_ACCESS_NETWORK_STATE'(+0.227); app_permissions::name='android_permission_ACCESS_WIFI_STATE'(+0.209); api_permissions::android_permission_READ_PHONE_STATE(+0.202); activities::_MainActivity(+0.193),True,new_cluster
2017-05,20,232,0,16,False,False,False,2,0.7234694957733154,0.6666666666666666,0.21120689655172414,0.1810344827586207,api_permissions::android_permission_ACCESS_NETWORK_STATE(+0.197); interesting_calls::getPackageInfo(+0.197); interesting_calls::getSystemService(+0.195); api_permissions::android_permission_INTERNET(+0.194); intents::android_intent_action_MAIN(+0.193); intents::android_intent_category_LAUNCHER(+0.192); interesting_calls::Obfuscation(Base64)(+0.190); app_permissions::name='android_permission_INTERNET'(+0.184); api_calls::android/net/ConnectivityManager;->getActiveNetworkInfo(+0.180); app_permissions::name='android_permission_ACCESS_NETWORK_STATE'(+0.179),True,new_cluster
2017-05,33,7,3,11,False,False,False,2,0.8484529852867126,0.05263157894736842,0.14285714285714285,0.14285714285714285,api_permissions::android_permission_ACCESS_FINE_LOCATION(+0.170); app_permissions::name='android_permission_INTERNET'(+0.168); intents::android_intent_action_MAIN(+0.165); interesting_calls::getPackageInfo(+0.165); intents::android_intent_category_LAUNCHER(+0.165); interesting_calls::printStackTrace(+0.162); interesting_calls::Obfuscation(Base64)(+0.162); interesting_calls::getSystemService(+0.161); app_permissions::name='android_permission_ACCESS_NETWORK_STATE'(+0.161); api_permissions::android_permission_INTERNET(+0.161),True,new_cluster
2017-05,38,24,4,11,False,False,False,2,0.913048267364502,0.6666666666666666,0.125,0.125,intents::android_intent_action_MAIN(+0.244); intents::android_intent_category_LAUNCHER(+0.243); app_permissions::name='android_permission_WRITE_EXTERNAL_STORAGE'(+0.233); interesting_calls::getSystemService(+0.230); api_permissions::android_permission_INTERNET(+0.224); app_permissions::name='android_permission_INTERNET'(+0.214); api_permissions::android_permission_ACCESS_NETWORK_STATE(+0.207); interesting_calls::Read/Write External Storage(+0.204); api_permissions::android_permission_WAKE_LOCK(+0.198); api_calls::android/net/ConnectivityManager;->getActiveNetworkInfo(+0.193),True,new_cluster
2017-05,35,9,3,11,False,False,False,2,0.8439093828201294,0.0,0.1111111111111111,0.1111111111111111,urls::https://api_weibo_com/2/statuses/hot/repost_daily_json(+0.086); interesting_calls::getPackageInfo(+0.082); intents::android_intent_category_DEFAULT(+0.082); api_permissions::android_permission_ACCESS_WIFI_STATE(+0.079); app_permissions::name='android_permission_ACCESS_NETWORK_STATE'(+0.079); app_permissions::name='android_permission_ACCESS_WIFI_STATE'(+0.078); interesting_calls::getDeviceId(+0.078); app_permissions::name='android_permission_WRITE_EXTERNAL_STORAGE'(+0.075); app_permissions::name='android_permission_INTERNET'(+0.075); api_permissions::android_permission_VIBRATE(+0.075),True,new_cluster
2017-05,25,102,1,14,False,False,False,2,0.8434150218963623,0.17647058823529413,0.10784313725490197,0.10784313725490197,intents::android_intent_category_DEFAULT(+0.143); interesting_calls::getPackageInfo(+0.133); api_permissions::android_permission_ACCESS_WIFI_STATE(+0.133); app_permissions::name='android_permission_WRITE_EXTERNAL_STORAGE'(+0.133); app_permissions::name='android_permission_ACCESS_WIFI_STATE'(+0.131); interesting_calls::Read/Write External Storage(+0.131); interesting_calls::printStackTrace(+0.128); api_permissions::android_permission_VIBRATE(+0.128); app_permissions::name='android_permission_ACCESS_NETWORK_STATE'(+0.128); interesting_calls::getDeviceId(+0.127),True,new_cluster
2017-05,10,97,0,15,False,False,False,2,0.851887583732605,0.8181818181818182,0.10309278350515463,0.10309278350515463,intents::android_intent_action_MAIN(+0.347); intents::android_intent_category_LAUNCHER(+0.345); interesting_calls::getSystemService(+0.305); api_permissions::android_permission_INTERNET(+0.305); app_permissions::name='android_permission_INTERNET'(+0.303); api_calls::android/webkit/WebView(+0.234); api_permissions::android_permission_ACCESS_NETWORK_STATE(+0.228); app_permissions::name='android_permission_ACCESS_NETWORK_STATE'(+0.225); activities::_MainActivity(+0.196); interesting_calls::getPackageInfo(+0.191),True,new_cluster
2017-05,13,192,0,16,False,False,False,2,0.8103441596031189,0.5384615384615384,0.6145833333333334,0.08333333333333333,app_permissions::name='android_permission_WRITE_EXTERNAL_STORAGE'(+0.190); app_permissions::name='android_permission_READ_PHONE_STATE'(+0.187); intents::android_intent_action_MAIN(+0.183); app_permissions::name='android_permission_ACCESS_WIFI_STATE'(+0.183); intents::android_intent_category_LAUNCHER(+0.183); app_permissions::name='android_permission_INTERNET'(+0.182); app_permissions::name='android_permission_ACCESS_NETWORK_STATE'(+0.180); interesting_calls::printStackTrace(+0.176); interesting_calls::getSystemService(+0.175); interesting_calls::getPackageInfo(+0.173),True,new_cluster
2017-06,56,39,17,0,True,False,False,1,0.8219125270843506,0.6666666666666666,0.05128205128205128,0.10256410256410256,activities::_MainActivity(+0.321); intents::android_intent_action_MAIN(+0.305); intents::android_intent_category_LAUNCHER(+0.304); interesting_calls::getSystemService(+0.263); api_permissions::android_permission_INTERNET(+0.258); app_permissions::name='android_permission_INTERNET'(+0.241); api_permissions::android_permission_ACCESS_NETWORK_STATE(+0.202); interesting_calls::Read/Write External Storage(+0.185); app_permissions::name='android_permission_ACCESS_NETWORK_STATE'(+0.174); interesting_calls::getPackageInfo(+0.166),True,new_cluster
2017-06,20,264,0,17,False,False,False,1,0.7458709478378296,0.5384615384615384,0.42803030303030304,0.4015151515151515,api_permissions::android_permission_ACCESS_NETWORK_STATE(+0.197); interesting_calls::getPackageInfo(+0.197); interesting_calls::getSystemService(+0.195); api_permissions::android_permission_INTERNET(+0.193); intents::android_intent_action_MAIN(+0.192); intents::android_intent_category_LAUNCHER(+0.191); interesting_calls::Obfuscation(Base64)(+0.190); app_permissions::name='android_permission_INTERNET'(+0.184); api_calls::android/net/ConnectivityManager;->getActiveNetworkInfo(+0.180); app_permissions::name='android_permission_ACCESS_NETWORK_STATE'(+0.179),True,new_cluster
2017-06,52,3,14,3,False,False,False,1,0.7532084584236145,0.42857142857142855,0.3333333333333333,0.3333333333333333,app_permissions::name='android_permission_READ_PHONE_STATE'(+0.323); intents::android_intent_action_MAIN(+0.291); intents::android_intent_category_LAUNCHER(+0.291); app_permissions::name='android_permission_INTERNET'(+0.274); interesting_calls::getSystemService(+0.245); api_permissions::android_permission_INTERNET(+0.244); app_permissions::name='android_permission_ACCESS_NETWORK_STATE'(+0.230); app_permissions::name='android_permission_ACCESS_WIFI_STATE'(+0.207); api_permissions::android_permission_READ_PHONE_STATE(+0.203); interesting_calls::getPackageInfo(+0.192),True,new_cluster
2017-06,39,5,4,9,False,False,False,1,0.8899826407432556,0.0,0.2,0.2,intents::android_intent_action_MAIN(+0.144); intents::android_intent_category_LAUNCHER(+0.143); api_permissions::android_permission_INTERNET(+0.143); interesting_calls::getSystemService(+0.142); app_permissions::name='android_permission_INTERNET'(+0.139); api_permissions::android_permission_ACCESS_NETWORK_STATE(+0.138); interesting_calls::getPackageInfo(+0.131); interesting_calls::Obfuscation(Base64)(+0.130); app_permissions::name='android_permission_ACCESS_NETWORK_STATE'(+0.129); interesting_calls::Read/Write External Storage(+0.127),True,new_cluster
2017-06,25,88,1,15,False,False,False,1,0.837354838848114,0.25,0.2159090909090909,0.17045454545454544,intents::android_intent_category_DEFAULT(+0.143); interesting_calls::getPackageInfo(+0.134); app_permissions::name='android_permission_WRITE_EXTERNAL_STORAGE'(+0.133); api_permissions::android_permission_ACCESS_WIFI_STATE(+0.132); app_permissions::name='android_permission_ACCESS_WIFI_STATE'(+0.131); interesting_calls::Read/Write External Storage(+0.131); interesting_calls::printStackTrace(+0.129); api_permissions::android_permission_VIBRATE(+0.128); app_permissions::name='android_permission_ACCESS_NETWORK_STATE'(+0.128); interesting_calls::getDeviceId(+0.127),True,new_cluster
2017-06,13,125,0,17,False,False,False,1,0.9261167645454407,0.5384615384615384,0.36,0.168,app_permissions::name='android_permission_WRITE_EXTERNAL_STORAGE'(+0.190); app_permissions::name='android_permission_READ_PHONE_STATE'(+0.187); intents::android_intent_action_MAIN(+0.183); app_permissions::name='android_permission_ACCESS_WIFI_STATE'(+0.183); intents::android_intent_category_LAUNCHER(+0.183); app_permissions::name='android_permission_INTERNET'(+0.182); app_permissions::name='android_permission_ACCESS_NETWORK_STATE'(+0.180); interesting_calls::printStackTrace(+0.177); interesting_calls::getSystemService(+0.175); interesting_calls::getPackageInfo(+0.173),True,new_cluster
2017-06,14,9,0,17,False,False,False,1,0.8249239921569824,0.1111111111111111,0.1111111111111111,0.1111111111111111,interesting_calls::Obfuscation(Base64)(+0.140); app_permissions::name='android_permission_INTERNET'(+0.137); interesting_calls::getDeviceId(+0.137); interesting_calls::getPackageInfo(+0.136); api_permissions::android_permission_INTERNET(+0.136); intents::android_intent_action_MAIN(+0.136); app_permissions::name='android_permission_ACCESS_NETWORK_STATE'(+0.136); intents::android_intent_category_LAUNCHER(+0.136); interesting_calls::getSystemService(+0.136); api_permissions::android_permission_ACCESS_NETWORK_STATE(+0.135),True,new_cluster
2017-06,49,9,13,4,False,False,False,1,0.8275572061538696,0.6666666666666666,0.0,0.1111111111111111,intents::android_intent_action_MAIN(+0.293); intents::android_intent_category_LAUNCHER(+0.290); intents::android_intent_category_DEFAULT(+0.268); interesting_calls::getSystemService(+0.256); app_permissions::name='android_permission_INTERNET'(+0.251); api_permissions::android_permission_INTERNET(+0.251); app_permissions::name='android_permission_WRITE_EXTERNAL_STORAGE'(+0.227); intents::android_intent_action_VIEW(+0.205); app_permissions::name='android_permission_ACCESS_NETWORK_STATE'(+0.196); api_permissions::android_permission_ACCESS_NETWORK_STATE(+0.194),True,new_cluster
2017-06,10,55,0,16,False,False,False,1,0.8619438409805298,0.8181818181818182,0.09090909090909091,0.10909090909090909,intents::android_intent_action_MAIN(+0.347); intents::android_intent_category_LAUNCHER(+0.345); interesting_calls::getSystemService(+0.305); api_permissions::android_permission_INTERNET(+0.305); app_permissions::name='android_permission_INTERNET'(+0.303); api_calls::android/webkit/WebView(+0.235); api_permissions::android_permission_ACCESS_NETWORK_STATE(+0.228); app_permissions::name='android_permission_ACCESS_NETWORK_STATE'(+0.225); activities::_MainActivity(+0.197); interesting_calls::getPackageInfo(+0.191),True,new_cluster
2017-06,24,10,1,15,False,False,False,1,0.8284361958503723,0.17647058823529413,0.9,0.1,interesting_calls::Obfuscation(Base64)(+0.151); api_permissions::android_permission_MANAGE_ACCOUNTS(+0.147); interesting_calls::getDeviceId(+0.146); api_calls::android/accounts/AccountManager;->invalidateAuthToken(+0.143); api_permissions::android_permission_VIBRATE(+0.143); api_calls::org/apache/http/impl/client/DefaultHttpClient(+0.143); api_permissions::android_permission_RECORD_AUDIO(+0.142); api_permissions::android_permission_ACCESS_FINE_LOCATION(+0.141); api_permissions::android_permission_WAKE_LOCK(+0.141); api_calls::android/content/Context;->startActivity(+0.139),True,new_cluster
2017-07,56,36,18,0,True,False,False,1,0.8144787549972534,0.5384615384615384,0.1388888888888889,0.05555555555555555,intents::android_intent_action_MAIN(+0.283); intents::android_intent_category_LAUNCHER(+0.282); interesting_calls::getSystemService(+0.252); api_permissions::android_permission_INTERNET(+0.248); app_permissions::name='android_permission_INTERNET'(+0.241); api_permissions::android_permission_READ_LOGS(+0.214); api_calls::java/lang/Runtime;->exec(+0.214); api_permissions::android_permission_ACCESS_NETWORK_STATE(+0.207); app_permissions::name='android_permission_ACCESS_NETWORK_STATE'(+0.189); interesting_calls::getPackageInfo(+0.183),True,new_cluster
2017-07,19,133,0,17,False,False,False,1,0.7321898341178894,0.6666666666666666,0.9849624060150376,0.2631578947368421,app_permissions::name='android_permission_WRITE_EXTERNAL_STORAGE'(+0.348); app_permissions::name='android_permission_READ_PHONE_STATE'(+0.280); app_permissions::name='android_permission_ACCESS_WIFI_STATE'(+0.256); interesting_calls::printStackTrace(+0.213); app_permissions::name='android_permission_ACCESS_NETWORK_STATE'(+0.205); app_permissions::name='android_permission_WAKE_LOCK'(+0.196); app_permissions::name='android_permission_INTERNET'(+0.191); intents::android_intent_action_MAIN(+0.182); intents::android_intent_category_LAUNCHER(+0.180); intents::android_intent_category_DEFAULT(+0.170),True,new_cluster
2017-07,55,4,17,1,False,False,False,1,0.6533116102218628,0.3333333333333333,0.0,0.25,activities::_MainActivity(+0.346); intents::android_intent_action_MAIN(+0.308); intents::android_intent_category_LAUNCHER(+0.307); interesting_calls::getSystemService(+0.263); api_permissions::android_permission_INTERNET(+0.259); app_permissions::name='android_permission_INTERNET'(+0.242); api_permissions::android_permission_ACCESS_NETWORK_STATE(+0.201); interesting_calls::Read/Write External Storage(+0.183); app_permissions::name='android_permission_ACCESS_NETWORK_STATE'(+0.174); interesting_calls::getPackageInfo(+0.165),True,new_cluster
2017-07,24,16,1,16,False,False,False,1,0.7919646501541138,0.1111111111111111,0.8125,0.1875,interesting_calls::Obfuscation(Base64)(+0.152); api_permissions::android_permission_MANAGE_ACCOUNTS(+0.147); interesting_calls::getDeviceId(+0.146); api_calls::android/accounts/AccountManager;->invalidateAuthToken(+0.144); api_permissions::android_permission_VIBRATE(+0.144); api_calls::org/apache/http/impl/client/DefaultHttpClient(+0.143); api_permissions::android_permission_RECORD_AUDIO(+0.142); api_permissions::android_permission_WAKE_LOCK(+0.141); api_permissions::android_permission_ACCESS_FINE_LOCATION(+0.141); api_calls::android/content/Context;->startActivity(+0.140),True,new_cluster
2017-07,45,60,7,9,False,False,False,1,0.9350676536560059,0.5384615384615384,0.16666666666666666,0.16666666666666666,api_permissions::android_permission_WAKE_LOCK(+0.253); intents::android_intent_action_MAIN(+0.239); interesting_calls::getSystemService(+0.238); intents::android_intent_category_LAUNCHER(+0.238); api_permissions::android_permission_INTERNET(+0.233); api_permissions::android_permission_VIBRATE(+0.225); api_permissions::android_permission_ACCESS_NETWORK_STATE(+0.223); interesting_calls::Read/Write External Storage(+0.211); app_permissions::name='android_permission_INTERNET'(+0.207); api_calls::android/net/ConnectivityManager;->getActiveNetworkInfo(+0.199),True,new_cluster
2017-07,20,283,0,18,False,False,False,1,0.6796371936798096,0.5384615384615384,0.5901060070671378,0.1166077738515901,interesting_calls::getPackageInfo(+0.196); api_permissions::android_permission_ACCESS_NETWORK_STATE(+0.196); interesting_calls::getSystemService(+0.194); api_permissions::android_permission_INTERNET(+0.192); intents::android_intent_action_MAIN(+0.191); intents::android_intent_category_LAUNCHER(+0.190); interesting_calls::Obfuscation(Base64)(+0.189); app_permissions::name='android_permission_INTERNET'(+0.183); api_calls::android/net/ConnectivityManager;->getActiveNetworkInfo(+0.179); app_permissions::name='android_permission_ACCESS_NETWORK_STATE'(+0.178),True,new_cluster
2017-07,13,101,0,18,False,False,False,1,0.934454083442688,0.5384615384615384,0.19801980198019803,0.07920792079207921,app_permissions::name='android_permission_WRITE_EXTERNAL_STORAGE'(+0.190); app_permissions::name='android_permission_READ_PHONE_STATE'(+0.187); intents::android_intent_action_MAIN(+0.183); app_permissions::name='android_permission_ACCESS_WIFI_STATE'(+0.183); intents::android_intent_category_LAUNCHER(+0.183); app_permissions::name='android_permission_INTERNET'(+0.182); app_permissions::name='android_permission_ACCESS_NETWORK_STATE'(+0.180); interesting_calls::printStackTrace(+0.177); interesting_calls::getSystemService(+0.175); interesting_calls::getPackageInfo(+0.173),True,new_cluster
2017-07,25,84,1,16,False,False,False,1,0.8527073860168457,0.25,0.08333333333333333,0.07142857142857142,intents::android_intent_category_DEFAULT(+0.143); interesting_calls::getPackageInfo(+0.134); app_permissions::name='android_permission_WRITE_EXTERNAL_STORAGE'(+0.133); api_permissions::android_permission_ACCESS_WIFI_STATE(+0.133); app_permissions::name='android_permission_ACCESS_WIFI_STATE'(+0.132); interesting_calls::Read/Write External Storage(+0.131); interesting_calls::printStackTrace(+0.129); api_permissions::android_permission_VIBRATE(+0.128); app_permissions::name='android_permission_ACCESS_NETWORK_STATE'(+0.128); api_permissions::android_permission_READ_PHONE_STATE(+0.127),True,new_cluster
2017-07,38,32,4,13,False,False,False,1,0.9354053139686584,0.6666666666666666,0.09375,0.0625,intents::android_intent_action_MAIN(+0.241); intents::android_intent_category_LAUNCHER(+0.240); app_permissions::name='android_permission_WRITE_EXTERNAL_STORAGE'(+0.229); interesting_calls::getSystemService(+0.228); api_permissions::android_permission_INTERNET(+0.221); app_permissions::name='android_permission_INTERNET'(+0.211); api_permissions::android_permission_ACCESS_NETWORK_STATE(+0.206); interesting_calls::Read/Write External Storage(+0.204); api_permissions::android_permission_WAKE_LOCK(+0.199); api_calls::android/net/ConnectivityManager;->getActiveNetworkInfo(+0.193),True,new_cluster
2017-07,44,235,7,11,False,False,False,1,0.809540867805481,0.42857142857142855,0.5957446808510638,0.059574468085106386,api_permissions::android_permission_ACCESS_NETWORK_STATE(+0.225); interesting_calls::getSystemService(+0.221); api_calls::android/net/ConnectivityManager;->getActiveNetworkInfo(+0.220); interesting_calls::getPackageInfo(+0.219); api_permissions::android_permission_INTERNET(+0.218); intents::android_intent_action_MAIN(+0.216); intents::android_intent_category_LAUNCHER(+0.215); app_permissions::name='android_permission_INTERNET'(+0.212); interesting_calls::Obfuscation(Base64)(+0.212); app_permissions::name='android_permission_ACCESS_NETWORK_STATE'(+0.207),True,new_cluster
2017-08,57,26,19,0,True,False,False,1,0.8533380031585693,0.6666666666666666,0.07692307692307693,0.0,intents::android_intent_action_MAIN(+0.259); intents::android_intent_category_LAUNCHER(+0.257); interesting_calls::getSystemService(+0.237); api_permissions::android_permission_WAKE_LOCK(+0.235); api_permissions::android_permission_INTERNET(+0.230); app_permissions::name='android_permission_WRITE_EXTERNAL_STORAGE'(+0.229); intents::android_intent_category_DEFAULT(+0.227); interesting_calls::Read/Write External Storage(+0.219); app_permissions::name='android_permission_INTERNET'(+0.214); api_permissions::android_permission_ACCESS_NETWORK_STATE(+0.194),True,new_cluster
2017-08,56,8,18,1,False,False,False,1,0.808558464050293,0.6666666666666666,0.25,0.25,intents::android_intent_action_MAIN(+0.281); intents::android_intent_category_LAUNCHER(+0.280); interesting_calls::getSystemService(+0.249); api_permissions::android_permission_INTERNET(+0.245); app_permissions::name='android_permission_INTERNET'(+0.241); api_permissions::android_permission_READ_LOGS(+0.225); api_calls::java/lang/Runtime;->exec(+0.225); api_permissions::android_permission_ACCESS_NETWORK_STATE(+0.203); app_permissions::name='android_permission_ACCESS_NETWORK_STATE'(+0.191); interesting_calls::getPackageInfo(+0.184),True,new_cluster
2017-08,55,18,17,2,False,False,False,1,0.7701454758644104,0.5384615384615384,0.2777777777777778,0.16666666666666666,activities::_MainActivity(+0.411); intents::android_intent_action_MAIN(+0.315); intents::android_intent_category_LAUNCHER(+0.313); interesting_calls::getSystemService(+0.265); api_permissions::android_permission_INTERNET(+0.261); app_permissions::name='android_permission_INTERNET'(+0.245); api_permissions::android_permission_ACCESS_NETWORK_STATE(+0.197); api_calls::android/webkit/WebView(+0.176); app_permissions::name='android_permission_ACCESS_NETWORK_STATE'(+0.172); interesting_calls::Read/Write External Storage(+0.166),True,new_cluster
2017-08,13,105,0,19,False,False,False,1,0.9284685850143433,0.42857142857142855,0.20952380952380953,0.1619047619047619,app_permissions::name='android_permission_WRITE_EXTERNAL_STORAGE'(+0.190); app_permissions::name='android_permission_READ_PHONE_STATE'(+0.187); intents::android_intent_action_MAIN(+0.183); app_permissions::name='android_permission_ACCESS_WIFI_STATE'(+0.183); intents::android_intent_category_LAUNCHER(+0.183); app_permissions::name='android_permission_INTERNET'(+0.182); app_permissions::name='android_permission_ACCESS_NETWORK_STATE'(+0.180); interesting_calls::printStackTrace(+0.177); interesting_calls::getSystemService(+0.175); interesting_calls::getPackageInfo(+0.173),True,new_cluster
2017-08,25,75,1,17,False,False,False,1,0.8326858282089233,0.1111111111111111,0.04,0.08,intents::android_intent_category_DEFAULT(+0.143); interesting_calls::getPackageInfo(+0.134); app_permissions::name='android_permission_WRITE_EXTERNAL_STORAGE'(+0.134); api_permissions::android_permission_ACCESS_WIFI_STATE(+0.133); app_permissions::name='android_permission_ACCESS_WIFI_STATE'(+0.132); interesting_calls::Read/Write External Storage(+0.131); interesting_calls::printStackTrace(+0.130); api_permissions::android_permission_VIBRATE(+0.129); app_permissions::name='android_permission_ACCESS_NETWORK_STATE'(+0.128); api_permissions::android_permission_READ_PHONE_STATE(+0.127),True,new_cluster
2017-08,20,270,0,19,False,False,False,1,0.7028712630271912,0.6666666666666666,0.5037037037037037,0.07037037037037037,interesting_calls::getPackageInfo(+0.196); api_permissions::android_permission_ACCESS_NETWORK_STATE(+0.196); interesting_calls::getSystemService(+0.193); api_permissions::android_permission_INTERNET(+0.192); intents::android_intent_action_MAIN(+0.190); intents::android_intent_category_LAUNCHER(+0.189); interesting_calls::Obfuscation(Base64)(+0.189); app_permissions::name='android_permission_INTERNET'(+0.182); api_calls::android/net/ConnectivityManager;->getActiveNetworkInfo(+0.178); app_permissions::name='android_permission_ACCESS_NETWORK_STATE'(+0.178),True,new_cluster
2017-08,24,31,1,17,False,False,False,1,0.7876731753349304,0.0,0.9354838709677419,0.06451612903225806,interesting_calls::Obfuscation(Base64)(+0.153); api_permissions::android_permission_MANAGE_ACCOUNTS(+0.148); interesting_calls::getDeviceId(+0.146); api_permissions::android_permission_VIBRATE(+0.145); api_calls::android/accounts/AccountManager;->invalidateAuthToken(+0.145); api_permissions::android_permission_ACCESS_FINE_LOCATION(+0.142); api_permissions::android_permission_WAKE_LOCK(+0.142); api_permissions::android_permission_RECORD_AUDIO(+0.142); api_calls::org/apache/http/impl/client/DefaultHttpClient(+0.142); api_calls::android/content/Context;->startActivity(+0.139),True,new_cluster
2017-08,11,93,0,20,False,False,False,1,0.8976641297340393,0.5384615384615384,0.8064516129032258,0.053763440860215055,interesting_calls::Cipher(AES/CBC/PKCS5Padding)(+0.210); interesting_calls::getPackageInfo(+0.209); app_permissions::name='android_permission_INTERNET'(+0.208); urls::http://media_admob_com/mraid/v1/mraid_app_expanded_banner_js(+0.205); urls::http://media_admob_com/mraid/v1/mraid_app_banner_js(+0.205); urls::http://media_admob_com/mraid/v1/mraid_app_interstitial_js(+0.205); app_permissions::name='android_permission_ACCESS_NETWORK_STATE'(+0.204); intents::android_intent_action_MAIN(+0.204); intents::android_intent_category_LAUNCHER(+0.204); api_permissions::android_permission_ACCESS_NETWORK_STATE(+0.202),True,new_cluster
2017-08,8,70,0,20,False,False,False,1,0.9445306062698364,0.5384615384615384,0.02857142857142857,0.04285714285714286,intents::android_intent_action_MAIN(+0.243); intents::android_intent_category_LAUNCHER(+0.243); interesting_calls::getSystemService(+0.237); api_permissions::android_permission_INTERNET(+0.234); app_permissions::name='android_permission_INTERNET'(+0.224); api_permissions::android_permission_ACCESS_NETWORK_STATE(+0.215); interesting_calls::printStackTrace(+0.211); interesting_calls::Read/Write External Storage(+0.208); api_permissions::android_permission_WAKE_LOCK(+0.200); api_calls::android/net/ConnectivityManager;->getActiveNetworkInfo(+0.198),True,new_cluster
2017-08,44,232,7,12,False,False,False,1,0.7821794152259827,0.6666666666666666,0.771551724137931,0.03879310344827586,api_permissions::android_permission_ACCESS_NETWORK_STATE(+0.225); interesting_calls::getSystemService(+0.221); interesting_calls::getPackageInfo(+0.220); api_calls::android/net/ConnectivityManager;->getActiveNetworkInfo(+0.220); api_permissions::android_permission_INTERNET(+0.218); intents::android_intent_action_MAIN(+0.216); intents::android_intent_category_LAUNCHER(+0.216); app_permissions::name='android_permission_INTERNET'(+0.212); interesting_calls::Obfuscation(Base64)(+0.211); app_permissions::name='android_permission_ACCESS_NETWORK_STATE'(+0.208),True,new_cluster
2017-09,57,16,20,0,True,False,False,1,0.8545227646827698,0.6666666666666666,0.0,0.0625,interesting_calls::printStackTrace(+0.254); intents::android_intent_action_MAIN(+0.251); intents::android_intent_category_LAUNCHER(+0.249); app_permissions::name='android_permission_WRITE_EXTERNAL_STORAGE'(+0.231); interesting_calls::getSystemService(+0.228); app_permissions::name='android_permission_INTERNET'(+0.224); api_permissions::android_permission_INTERNET(+0.223); interesting_calls::Read/Write External Storage(+0.202); app_permissions::name='android_permission_ACCESS_NETWORK_STATE'(+0.186); api_permissions::android_permission_ACCESS_NETWORK_STATE(+0.185),True,new_cluster
2017-09,51,3,14,6,False,False,False,1,0.739387035369873,0.6666666666666666,0.0,0.3333333333333333,app_permissions::name='android_permission_READ_PHONE_STATE'(+0.318); intents::android_intent_action_MAIN(+0.295); intents::android_intent_category_LAUNCHER(+0.294); app_permissions::name='android_permission_INTERNET'(+0.280); interesting_calls::getSystemService(+0.252); api_permissions::android_permission_INTERNET(+0.251); app_permissions::name='android_permission_ACCESS_NETWORK_STATE'(+0.236); app_permissions::name='android_permission_ACCESS_WIFI_STATE'(+0.206); interesting_calls::getPackageInfo(+0.197); api_permissions::android_permission_READ_PHONE_STATE(+0.196),True,new_cluster
2017-09,19,146,0,19,False,False,False,1,0.8063457012176514,0.6666666666666666,0.9452054794520548,0.2945205479452055,app_permissions::name='android_permission_WRITE_EXTERNAL_STORAGE'(+0.347); app_permissions::name='android_permission_READ_PHONE_STATE'(+0.279); app_permissions::name='android_permission_ACCESS_WIFI_STATE'(+0.254); interesting_calls::printStackTrace(+0.211); app_permissions::name='android_permission_ACCESS_NETWORK_STATE'(+0.202); app_permissions::name='android_permission_WAKE_LOCK'(+0.196); app_permissions::name='android_permission_INTERNET'(+0.188); intents::android_intent_action_MAIN(+0.178); intents::android_intent_category_LAUNCHER(+0.176); intents::android_intent_category_DEFAULT(+0.175),True,new_cluster
2017-09,35,12,3,15,False,False,False,1,0.8847064971923828,0.0,0.16666666666666666,0.16666666666666666,urls::https://api_weibo_com/2/statuses/hot/repost_daily_json(+0.086); intents::android_intent_category_DEFAULT(+0.082); interesting_calls::getPackageInfo(+0.082); api_permissions::android_permission_ACCESS_WIFI_STATE(+0.078); app_permissions::name='android_permission_ACCESS_NETWORK_STATE'(+0.078); interesting_calls::getDeviceId(+0.077); app_permissions::name='android_permission_WRITE_EXTERNAL_STORAGE'(+0.076); app_permissions::name='android_permission_ACCESS_WIFI_STATE'(+0.076); api_permissions::android_permission_VIBRATE(+0.076); app_permissions::name='android_permission_INTERNET'(+0.075),True,new_cluster
2017-09,13,100,0,20,False,False,False,1,0.9105815291404724,0.42857142857142855,0.26,0.14,app_permissions::name='android_permission_WRITE_EXTERNAL_STORAGE'(+0.190); app_permissions::name='android_permission_READ_PHONE_STATE'(+0.187); intents::android_intent_action_MAIN(+0.183); app_permissions::name='android_permission_ACCESS_WIFI_STATE'(+0.182); intents::android_intent_category_LAUNCHER(+0.182); app_permissions::name='android_permission_INTERNET'(+0.181); app_permissions::name='android_permission_ACCESS_NETWORK_STATE'(+0.180); interesting_calls::printStackTrace(+0.176); interesting_calls::getSystemService(+0.175); interesting_calls::getPackageInfo(+0.173),True,new_cluster
2017-09,55,8,18,2,False,False,False,1,0.7524011731147766,0.8181818181818182,0.5,0.125,intents::android_intent_action_MAIN(+0.281); intents::android_intent_category_LAUNCHER(+0.279); interesting_calls::getSystemService(+0.246); app_permissions::name='android_permission_INTERNET'(+0.244); api_permissions::android_permission_INTERNET(+0.242); api_permissions::android_permission_READ_LOGS(+0.242); api_calls::java/lang/Runtime;->exec(+0.242); api_permissions::android_permission_ACCESS_NETWORK_STATE(+0.199); app_permissions::name='android_permission_WRITE_EXTERNAL_STORAGE'(+0.196); app_permissions::name='android_permission_ACCESS_NETWORK_STATE'(+0.196),True,new_cluster
2017-09,49,10,13,7,False,False,False,1,0.7340348958969116,0.5384615384615384,0.0,0.1,intents::android_intent_category_DEFAULT(+0.293); intents::android_intent_action_MAIN(+0.293); intents::android_intent_category_LAUNCHER(+0.290); interesting_calls::getSystemService(+0.259); app_permissions::name='android_permission_INTERNET'(+0.255); api_permissions::android_permission_INTERNET(+0.254); app_permissions::name='android_permission_WRITE_EXTERNAL_STORAGE'(+0.225); intents::android_intent_action_VIEW(+0.224); app_permissions::name='android_permission_ACCESS_NETWORK_STATE'(+0.199); api_permissions::android_permission_ACCESS_NETWORK_STATE(+0.198),True,new_cluster
2017-09,44,241,7,13,False,False,False,1,0.808875560760498,0.5384615384615384,0.6348547717842323,0.0912863070539419,api_permissions::android_permission_ACCESS_NETWORK_STATE(+0.225); interesting_calls::getSystemService(+0.221); interesting_calls::getPackageInfo(+0.220); api_calls::android/net/ConnectivityManager;->getActiveNetworkInfo(+0.220); api_permissions::android_permission_INTERNET(+0.218); intents::android_intent_action_MAIN(+0.217); intents::android_intent_category_LAUNCHER(+0.216); app_permissions::name='android_permission_INTERNET'(+0.213); interesting_calls::Obfuscation(Base64)(+0.210); app_permissions::name='android_permission_ACCESS_NETWORK_STATE'(+0.208),True,new_cluster
2017-09,27,11,2,16,False,False,False,1,0.8759413361549377,0.8181818181818182,0.0,0.09090909090909091,intents::android_intent_action_MAIN(+0.252); intents::android_intent_category_LAUNCHER(+0.251); interesting_calls::getSystemService(+0.237); api_permissions::android_permission_INTERNET(+0.232); app_permissions::name='android_permission_INTERNET'(+0.229); app_permissions::name='android_permission_WRITE_EXTERNAL_STORAGE'(+0.209); api_permissions::android_permission_ACCESS_NETWORK_STATE(+0.208); app_permissions::name='android_permission_ACCESS_NETWORK_STATE'(+0.204); interesting_calls::Read/Write External Storage(+0.196); interesting_calls::getPackageInfo(+0.192),True,new_cluster
2017-09,25,76,1,18,False,False,False,1,0.8369473814964294,0.3333333333333333,0.10526315789473684,0.07894736842105263,intents::android_intent_category_DEFAULT(+0.143); app_permissions::name='android_permission_WRITE_EXTERNAL_STORAGE'(+0.135); interesting_calls::getPackageInfo(+0.134); api_permissions::android_permission_ACCESS_WIFI_STATE(+0.133); app_permissions::name='android_permission_ACCESS_WIFI_STATE'(+0.132); interesting_calls::Read/Write External Storage(+0.131); interesting_calls::printStackTrace(+0.130); api_permissions::android_permission_VIBRATE(+0.129); app_permissions::name='android_permission_ACCESS_NETWORK_STATE'(+0.128); api_permissions::android_permission_READ_PHONE_STATE(+0.128),True,new_cluster
2017-10,58,18,21,0,True,False,False,1,0.8741500377655029,0.6666666666666666,0.1111111111111111,0.05555555555555555,intents::android_intent_action_MAIN(+0.258); intents::android_intent_category_LAUNCHER(+0.257); interesting_calls::getSystemService(+0.235); app_permissions::name='android_permission_INTERNET'(+0.234); api_permissions::android_permission_INTERNET(+0.233); app_permissions::name='android_permission_ACCESS_NETWORK_STATE'(+0.205); api_permissions::android_permission_ACCESS_NETWORK_STATE(+0.205); app_permissions::name='android_permission_WRITE_EXTERNAL_STORAGE'(+0.204); interesting_calls::printStackTrace(+0.182); interesting_calls::getPackageInfo(+0.181),True,new_cluster
2017-10,19,126,0,20,False,False,False,1,0.7978333830833435,0.6666666666666666,0.9761904761904762,0.2619047619047619,app_permissions::name='android_permission_WRITE_EXTERNAL_STORAGE'(+0.346); app_permissions::name='android_permission_READ_PHONE_STATE'(+0.278); app_permissions::name='android_permission_ACCESS_WIFI_STATE'(+0.253); interesting_calls::printStackTrace(+0.209); app_permissions::name='android_permission_ACCESS_NETWORK_STATE'(+0.201); app_permissions::name='android_permission_WAKE_LOCK'(+0.197); app_permissions::name='android_permission_INTERNET'(+0.186); intents::android_intent_category_DEFAULT(+0.177); intents::android_intent_action_MAIN(+0.176); intents::android_intent_category_LAUNCHER(+0.174),True,new_cluster
2017-10,25,68,1,19,False,False,False,1,0.8102223873138428,0.25,0.14705882352941177,0.19117647058823528,intents::android_intent_category_DEFAULT(+0.144); app_permissions::name='android_permission_WRITE_EXTERNAL_STORAGE'(+0.135); interesting_calls::getPackageInfo(+0.135); api_permissions::android_permission_ACCESS_WIFI_STATE(+0.134); app_permissions::name='android_permission_ACCESS_WIFI_STATE'(+0.132); interesting_calls::Read/Write External Storage(+0.132); interesting_calls::printStackTrace(+0.130); api_permissions::android_permission_VIBRATE(+0.130); app_permissions::name='android_permission_ACCESS_NETWORK_STATE'(+0.128); api_permissions::android_permission_READ_PHONE_STATE(+0.128),True,new_cluster
2017-10,13,115,0,21,False,False,False,1,0.8373281359672546,0.42857142857142855,0.22608695652173913,0.1565217391304348,app_permissions::name='android_permission_WRITE_EXTERNAL_STORAGE'(+0.190); app_permissions::name='android_permission_READ_PHONE_STATE'(+0.186); intents::android_intent_action_MAIN(+0.183); app_permissions::name='android_permission_ACCESS_WIFI_STATE'(+0.182); intents::android_intent_category_LAUNCHER(+0.182); app_permissions::name='android_permission_INTERNET'(+0.181); app_permissions::name='android_permission_ACCESS_NETWORK_STATE'(+0.180); interesting_calls::printStackTrace(+0.176); interesting_calls::getSystemService(+0.175); interesting_calls::getPackageInfo(+0.173),True,new_cluster
2017-10,24,38,1,19,False,False,False,1,0.7441365718841553,0.0,0.9210526315789473,0.10526315789473684,interesting_calls::Obfuscation(Base64)(+0.155); api_permissions::android_permission_MANAGE_ACCOUNTS(+0.152); api_calls::android/accounts/AccountManager;->invalidateAuthToken(+0.148); interesting_calls::getDeviceId(+0.147); api_permissions::android_permission_VIBRATE(+0.147); api_permissions::android_permission_ACCESS_FINE_LOCATION(+0.145); api_permissions::android_permission_WAKE_LOCK(+0.143); api_permissions::android_permission_RECORD_AUDIO(+0.142); api_calls::android/app/NotificationManager;->notify(+0.141); api_permissions::android_permission_READ_CONTACTS(+0.141),True,new_cluster
2017-10,55,12,18,3,False,False,False,1,0.8209042549133301,0.8181818181818182,0.4166666666666667,0.08333333333333333,intents::android_intent_action_MAIN(+0.280); intents::android_intent_category_LAUNCHER(+0.279); api_permissions::android_permission_READ_LOGS(+0.256); api_calls::java/lang/Runtime;->exec(+0.255); app_permissions::name='android_permission_INTERNET'(+0.247); interesting_calls::getSystemService(+0.243); api_permissions::android_permission_INTERNET(+0.239); interesting_calls::printStackTrace(+0.209); app_permissions::name='android_permission_WRITE_EXTERNAL_STORAGE'(+0.208); app_permissions::name='android_permission_ACCESS_NETWORK_STATE'(+0.201),True,new_cluster
2017-10,49,16,13,8,False,False,False,1,0.8989641666412354,0.6666666666666666,0.0625,0.0625,intents::android_intent_category_DEFAULT(+0.302); intents::android_intent_action_MAIN(+0.292); intents::android_intent_category_LAUNCHER(+0.289); interesting_calls::getSystemService(+0.259); app_permissions::name='android_permission_INTERNET'(+0.255); api_permissions::android_permission_INTERNET(+0.254); intents::android_intent_action_VIEW(+0.231); app_permissions::name='android_permission_WRITE_EXTERNAL_STORAGE'(+0.221); app_permissions::name='android_permission_ACCESS_NETWORK_STATE'(+0.200); api_permissions::android_permission_ACCESS_NETWORK_STATE(+0.199),True,new_cluster
2017-10,54,16,17,4,False,False,False,1,0.7355576157569885,0.6666666666666666,0.4375,0.0625,activities::_MainActivity(+0.435); intents::android_intent_action_MAIN(+0.317); intents::android_intent_category_LAUNCHER(+0.316); interesting_calls::getSystemService(+0.265); api_permissions::android_permission_INTERNET(+0.262); app_permissions::name='android_permission_INTERNET'(+0.248); api_calls::android/webkit/WebView(+0.196); api_permissions::android_permission_ACCESS_NETWORK_STATE(+0.193); app_permissions::name='android_permission_ACCESS_NETWORK_STATE'(+0.173); api_calls::android/content/Context;->startActivity(+0.171),True,new_cluster
2017-10,44,215,7,14,False,False,False,1,0.8043423891067505,0.5384615384615384,0.6651162790697674,0.06046511627906977,api_permissions::android_permission_ACCESS_NETWORK_STATE(+0.226); interesting_calls::getSystemService(+0.221); interesting_calls::getPackageInfo(+0.220); api_calls::android/net/ConnectivityManager;->getActiveNetworkInfo(+0.220); api_permissions::android_permission_INTERNET(+0.218); intents::android_intent_action_MAIN(+0.217); intents::android_intent_category_LAUNCHER(+0.217); app_permissions::name='android_permission_INTERNET'(+0.213); interesting_calls::Obfuscation(Base64)(+0.209); app_permissions::name='android_permission_ACCESS_NETWORK_STATE'(+0.209),True,new_cluster
2017-10,32,17,3,17,False,False,False,1,0.7778993844985962,0.0,0.058823529411764705,0.058823529411764705,interesting_calls::Read/Write External Storage(+0.125); api_permissions::android_permission_WAKE_LOCK(+0.122); interesting_calls::getPackageInfo(+0.122); api_permissions::android_permission_ACCESS_FINE_LOCATION(+0.120); interesting_calls::getDeviceId(+0.118); api_permissions::android_permission_ACCESS_NETWORK_STATE(+0.117); api_permissions::android_permission_VIBRATE(+0.117); interesting_calls::getSystemService(+0.116); intents::android_intent_action_MAIN(+0.115); api_permissions::android_permission_INTERNET(+0.115),True,new_cluster
2017-11,59,7,22,0,True,False,False,1,0.7037600874900818,0.42857142857142855,0.0,0.0,intents::android_intent_action_MAIN(+0.266); intents::android_intent_category_LAUNCHER(+0.261); interesting_calls::getSystemService(+0.244); api_permissions::android_permission_INTERNET(+0.244); app_permissions::name='android_permission_INTERNET'(+0.232); api_permissions::android_permission_ACCESS_NETWORK_STATE(+0.218); api_calls::android/net/ConnectivityManager;->getActiveNetworkInfo(+0.202); app_permissions::name='android_permission_ACCESS_NETWORK_STATE'(+0.191); api_permissions::android_permission_READ_CONTACTS(+0.182); interesting_calls::getPackageInfo(+0.165),True,new_cluster
2017-11,35,3,3,17,False,False,False,1,0.7519652843475342,0.0,0.0,0.3333333333333333,urls::https://api_weibo_com/2/statuses/hot/repost_daily_json(+0.086); intents::android_intent_category_DEFAULT(+0.083); interesting_calls::getPackageInfo(+0.082); app_permissions::name='android_permission_ACCESS_NETWORK_STATE'(+0.078); api_permissions::android_permission_ACCESS_WIFI_STATE(+0.078); interesting_calls::getDeviceId(+0.077); app_permissions::name='android_permission_WRITE_EXTERNAL_STORAGE'(+0.076); app_permissions::name='android_permission_ACCESS_WIFI_STATE'(+0.076); api_permissions::android_permission_VIBRATE(+0.075); app_permissions::name='android_permission_INTERNET'(+0.075),True,new_cluster
2017-11,25,80,1,20,False,False,False,1,0.843578040599823,0.05263157894736842,0.175,0.2625,intents::android_intent_category_DEFAULT(+0.144); app_permissions::name='android_permission_WRITE_EXTERNAL_STORAGE'(+0.135); interesting_calls::getPackageInfo(+0.135); api_permissions::android_permission_ACCESS_WIFI_STATE(+0.134); interesting_calls::Read/Write External Storage(+0.132); app_permissions::name='android_permission_ACCESS_WIFI_STATE'(+0.132); interesting_calls::printStackTrace(+0.131); api_permissions::android_permission_VIBRATE(+0.130); app_permissions::name='android_permission_ACCESS_NETWORK_STATE'(+0.129); api_permissions::android_permission_READ_PHONE_STATE(+0.128),True,new_cluster
2017-11,55,9,18,4,False,False,False,1,0.7673213481903076,0.8181818181818182,0.4444444444444444,0.2222222222222222,intents::android_intent_action_MAIN(+0.279); intents::android_intent_category_LAUNCHER(+0.277); api_permissions::android_permission_READ_LOGS(+0.262); api_calls::java/lang/Runtime;->exec(+0.262); app_permissions::name='android_permission_INTERNET'(+0.247); interesting_calls::getSystemService(+0.241); api_permissions::android_permission_INTERNET(+0.236); app_permissions::name='android_permission_WRITE_EXTERNAL_STORAGE'(+0.221); interesting_calls::printStackTrace(+0.217); app_permissions::name='android_permission_ACCESS_NETWORK_STATE'(+0.202),True,new_cluster
2017-11,20,229,0,22,False,False,False,1,0.6916496753692627,0.5384615384615384,0.5545851528384279,0.21397379912663755,interesting_calls::getPackageInfo(+0.196); api_permissions::android_permission_ACCESS_NETWORK_STATE(+0.194); interesting_calls::getSystemService(+0.191); api_permissions::android_permission_INTERNET(+0.190); intents::android_intent_action_MAIN(+0.188); interesting_calls::Obfuscation(Base64)(+0.188); intents::android_intent_category_LAUNCHER(+0.188); app_permissions::name='android_permission_INTERNET'(+0.181); app_permissions::name='android_permission_ACCESS_NETWORK_STATE'(+0.177); api_permissions::android_permission_VIBRATE(+0.177),True,new_cluster
2017-11,13,142,0,22,False,False,False,1,0.8869134187698364,0.42857142857142855,0.23943661971830985,0.14084507042253522,app_permissions::name='android_permission_WRITE_EXTERNAL_STORAGE'(+0.190); app_permissions::name='android_permission_READ_PHONE_STATE'(+0.186); intents::android_intent_action_MAIN(+0.183); app_permissions::name='android_permission_ACCESS_WIFI_STATE'(+0.182); intents::android_intent_category_LAUNCHER(+0.182); app_permissions::name='android_permission_INTERNET'(+0.181); app_permissions::name='android_permission_ACCESS_NETWORK_STATE'(+0.180); interesting_calls::printStackTrace(+0.177); interesting_calls::getSystemService(+0.175); interesting_calls::getPackageInfo(+0.173),True,new_cluster
2017-11,21,9,0,20,False,False,False,1,0.788140594959259,0.25,0.1111111111111111,0.1111111111111111,interesting_calls::printStackTrace(+0.163); interesting_calls::getPackageInfo(+0.133); intents::android_intent_category_LAUNCHER(+0.133); intents::android_intent_action_MAIN(+0.133); interesting_calls::getSystemService(+0.131); app_permissions::name='android_permission_INTERNET'(+0.131); api_permissions::android_permission_INTERNET(+0.131); interesting_calls::Obfuscation(Base64)(+0.129); api_permissions::android_permission_ACCESS_NETWORK_STATE(+0.128); app_permissions::name='android_permission_ACCESS_NETWORK_STATE'(+0.127),True,new_cluster
2017-11,44,184,7,15,False,False,False,1,0.7986854910850525,0.6666666666666666,0.717391304347826,0.07065217391304347,api_permissions::android_permission_ACCESS_NETWORK_STATE(+0.226); interesting_calls::getSystemService(+0.221); interesting_calls::getPackageInfo(+0.221); api_calls::android/net/ConnectivityManager;->getActiveNetworkInfo(+0.219); api_permissions::android_permission_INTERNET(+0.219); intents::android_intent_action_MAIN(+0.218); intents::android_intent_category_LAUNCHER(+0.217); app_permissions::name='android_permission_INTERNET'(+0.214); app_permissions::name='android_permission_ACCESS_NETWORK_STATE'(+0.209); interesting_calls::Obfuscation(Base64)(+0.209),True,new_cluster
2017-11,54,15,17,5,False,False,False,1,0.7839411497116089,0.6666666666666666,0.6,0.06666666666666667,activities::_MainActivity(+0.441); intents::android_intent_action_MAIN(+0.316); intents::android_intent_category_LAUNCHER(+0.315); interesting_calls::getSystemService(+0.263); api_permissions::android_permission_INTERNET(+0.260); app_permissions::name='android_permission_INTERNET'(+0.249); api_calls::android/webkit/WebView(+0.206); api_permissions::android_permission_ACCESS_NETWORK_STATE(+0.189); api_calls::android/content/Context;->startActivity(+0.181); app_permissions::name='android_permission_ACCESS_NETWORK_STATE'(+0.174),True,new_cluster
2017-11,19,162,0,21,False,False,False,1,0.7939186096191406,0.6666666666666666,0.9691358024691358,0.06172839506172839,app_permissions::name='android_permission_WRITE_EXTERNAL_STORAGE'(+0.345); app_permissions::name='android_permission_READ_PHONE_STATE'(+0.278); app_permissions::name='android_permission_ACCESS_WIFI_STATE'(+0.252); interesting_calls::printStackTrace(+0.208); app_permissions::name='android_permission_ACCESS_NETWORK_STATE'(+0.200); app_permissions::name='android_permission_WAKE_LOCK'(+0.197); app_permissions::name='android_permission_INTERNET'(+0.184); intents::android_intent_category_DEFAULT(+0.179); intents::android_intent_action_MAIN(+0.174); intents::android_intent_category_LAUNCHER(+0.172),True,new_cluster
2017-12,60,16,23,0,True,False,False,1,0.7263748049736023,0.5384615384615384,0.0,0.0625,intents::android_intent_action_MAIN(+0.239); intents::android_intent_category_LAUNCHER(+0.238); interesting_calls::getSystemService(+0.237); api_permissions::android_permission_INTERNET(+0.237); api_permissions::android_permission_READ_CONTACTS(+0.226); app_permissions::name='android_permission_INTERNET'(+0.220); api_permissions::android_permission_ACCESS_NETWORK_STATE(+0.220); api_calls::android/net/ConnectivityManager;->getActiveNetworkInfo(+0.188); interesting_calls::getPackageInfo(+0.187); app_permissions::name='android_permission_ACCESS_NETWORK_STATE'(+0.184),True,new_cluster
2017-12,57,3,20,3,False,False,False,1,0.7282646298408508,0.42857142857142855,0.0,0.3333333333333333,interesting_calls::printStackTrace(+0.252); intents::android_intent_action_MAIN(+0.249); intents::android_intent_category_LAUNCHER(+0.247); app_permissions::name='android_permission_WRITE_EXTERNAL_STORAGE'(+0.230); interesting_calls::getSystemService(+0.228); api_permissions::android_permission_INTERNET(+0.223); app_permissions::name='android_permission_INTERNET'(+0.219); interesting_calls::Read/Write External Storage(+0.217); api_permissions::android_permission_ACCESS_NETWORK_STATE(+0.187); app_permissions::name='android_permission_ACCESS_NETWORK_STATE'(+0.182),True,new_cluster
2017-12,25,79,1,21,False,False,False,1,0.8526602983474731,0.25,0.13924050632911392,0.21518987341772153,intents::android_intent_category_DEFAULT(+0.145); app_permissions::name='android_permission_WRITE_EXTERNAL_STORAGE'(+0.136); interesting_calls::getPackageInfo(+0.135); api_permissions::android_permission_ACCESS_WIFI_STATE(+0.134); app_permissions::name='android_permission_ACCESS_WIFI_STATE'(+0.132); interesting_calls::Read/Write External Storage(+0.132); interesting_calls::printStackTrace(+0.131); api_permissions::android_permission_VIBRATE(+0.130); app_permissions::name='android_permission_ACCESS_NETWORK_STATE'(+0.129); api_permissions::android_permission_READ_PHONE_STATE(+0.128),True,new_cluster
2017-12,49,11,13,10,False,False,False,1,0.8577437996864319,0.6666666666666666,0.09090909090909091,0.18181818181818182,intents::android_intent_category_DEFAULT(+0.305); intents::android_intent_action_MAIN(+0.290); intents::android_intent_category_LAUNCHER(+0.288); interesting_calls::getSystemService(+0.258); app_permissions::name='android_permission_INTERNET'(+0.254); api_permissions::android_permission_INTERNET(+0.253); intents::android_intent_action_VIEW(+0.232); app_permissions::name='android_permission_WRITE_EXTERNAL_STORAGE'(+0.228); app_permissions::name='android_permission_ACCESS_NETWORK_STATE'(+0.201); api_permissions::android_permission_ACCESS_NETWORK_STATE(+0.199),True,new_cluster
2017-12,55,18,18,5,False,False,False,1,0.7981465458869934,0.6666666666666666,0.6666666666666666,0.16666666666666666,api_permissions::android_permission_READ_LOGS(+0.277); api_calls::java/lang/Runtime;->exec(+0.277); intents::android_intent_action_MAIN(+0.276); intents::android_intent_category_LAUNCHER(+0.274); app_permissions::name='android_permission_INTERNET'(+0.247); interesting_calls::getSystemService(+0.236); api_permissions::android_permission_INTERNET(+0.232); interesting_calls::printStackTrace(+0.224); app_permissions::name='android_permission_WRITE_EXTERNAL_STORAGE'(+0.222); app_permissions::name='android_permission_ACCESS_NETWORK_STATE'(+0.207),True,new_cluster
2017-12,24,26,1,21,False,False,False,1,0.7470555901527405,0.05263157894736842,0.9230769230769231,0.15384615384615385,interesting_calls::Obfuscation(Base64)(+0.156); api_permissions::android_permission_MANAGE_ACCOUNTS(+0.154); api_calls::android/accounts/AccountManager;->invalidateAuthToken(+0.150); interesting_calls::getDeviceId(+0.149); api_permissions::android_permission_VIBRATE(+0.148); api_permissions::android_permission_ACCESS_FINE_LOCATION(+0.145); api_permissions::android_permission_WAKE_LOCK(+0.144); interesting_calls::Read/Write External Storage(+0.143); api_calls::android/app/NotificationManager;->notify(+0.142); api_permissions::android_permission_READ_CONTACTS(+0.142),True,new_cluster
2017-12,20,184,0,23,False,False,False,1,0.7080647349357605,0.6666666666666666,0.6086956521739131,0.14130434782608695,interesting_calls::getPackageInfo(+0.196); api_permissions::android_permission_ACCESS_NETWORK_STATE(+0.194); interesting_calls::getSystemService(+0.191); api_permissions::android_permission_INTERNET(+0.190); intents::android_intent_action_MAIN(+0.188); interesting_calls::Obfuscation(Base64)(+0.188); intents::android_intent_category_LAUNCHER(+0.187); app_permissions::name='android_permission_INTERNET'(+0.180); api_permissions::android_permission_VIBRATE(+0.177); app_permissions::name='android_permission_ACCESS_NETWORK_STATE'(+0.177),True,new_cluster
2017-12,19,181,0,22,False,False,False,1,0.8117579221725464,0.6666666666666666,0.9502762430939227,0.13812154696132597,app_permissions::name='android_permission_WRITE_EXTERNAL_STORAGE'(+0.344); app_permissions::name='android_permission_READ_PHONE_STATE'(+0.277); app_permissions::name='android_permission_ACCESS_WIFI_STATE'(+0.251); interesting_calls::printStackTrace(+0.206); app_permissions::name='android_permission_ACCESS_NETWORK_STATE'(+0.198); app_permissions::name='android_permission_WAKE_LOCK'(+0.197); app_permissions::name='android_permission_INTERNET'(+0.183); intents::android_intent_category_DEFAULT(+0.180); intents::android_intent_action_MAIN(+0.172); intents::android_intent_category_LAUNCHER(+0.170),True,new_cluster
2017-12,48,10,12,11,False,False,False,1,0.8079107999801636,0.8181818181818182,0.0,0.1,intents::android_intent_action_MAIN(+0.298); intents::android_intent_category_LAUNCHER(+0.295); api_calls::android/webkit/WebView(+0.271); interesting_calls::getSystemService(+0.251); api_permissions::android_permission_INTERNET(+0.251); app_permissions::name='android_permission_INTERNET'(+0.244); activities::_MainActivity(+0.227); app_permissions::name='android_permission_WRITE_EXTERNAL_STORAGE'(+0.225); interesting_calls::Read/Write External Storage(+0.220); api_permissions::android_permission_RECORD_AUDIO(+0.204),True,new_cluster
2017-12,13,132,0,23,False,False,False,1,0.8222395181655884,0.42857142857142855,0.22727272727272727,0.09090909090909091,app_permissions::name='android_permission_WRITE_EXTERNAL_STORAGE'(+0.190); app_permissions::name='android_permission_READ_PHONE_STATE'(+0.186); intents::android_intent_action_MAIN(+0.183); app_permissions::name='android_permission_ACCESS_WIFI_STATE'(+0.182); intents::android_intent_category_LAUNCHER(+0.182); app_permissions::name='android_permission_INTERNET'(+0.181); app_permissions::name='android_permission_ACCESS_NETWORK_STATE'(+0.180); interesting_calls::printStackTrace(+0.177); interesting_calls::getSystemService(+0.175); interesting_calls::getPackageInfo(+0.173),True,new_cluster
2018-01,61,10,24,0,True,False,False,1,0.819241464138031,0.5384615384615384,0.1,0.0,api_calls::android/content/ContentResolver;->query(+0.237); intents::android_intent_action_MAIN(+0.236); intents::android_intent_category_LAUNCHER(+0.236); api_permissions::android_permission_INTERNET(+0.233); interesting_calls::getSystemService(+0.233); api_permissions::android_permission_READ_CONTACTS(+0.232); api_permissions::android_permission_ACCESS_NETWORK_STATE(+0.217); app_permissions::name='android_permission_INTERNET'(+0.216); app_permissions::name='android_permission_ACCESS_NETWORK_STATE'(+0.183); api_calls::android/net/ConnectivityManager;->getActiveNetworkInfo(+0.181),True,new_cluster
2018-01,24,93,1,22,False,False,False,1,0.7088408470153809,0.05263157894736842,0.043010752688172046,0.956989247311828,interesting_calls::Obfuscation(Base64)(+0.161); api_permissions::android_permission_MANAGE_ACCOUNTS(+0.159); api_calls::android/accounts/AccountManager;->invalidateAuthToken(+0.155); api_permissions::android_permission_VIBRATE(+0.150); api_permissions::android_permission_ACCESS_FINE_LOCATION(+0.149); interesting_calls::Read/Write External Storage(+0.147); interesting_calls::getDeviceId(+0.146); api_permissions::android_permission_READ_CONTACTS(+0.145); api_permissions::android_permission_WAKE_LOCK(+0.145); api_calls::android/app/NotificationManager;->notify(+0.145),True,new_cluster
2018-01,55,26,18,6,False,False,False,1,0.8405994772911072,0.6666666666666666,0.5384615384615384,0.19230769230769232,api_permissions::android_permission_READ_LOGS(+0.282); api_calls::java/lang/Runtime;->exec(+0.282); intents::android_intent_action_MAIN(+0.270); intents::android_intent_category_LAUNCHER(+0.268); app_permissions::name='android_permission_INTERNET'(+0.247); app_permissions::name='android_permission_WRITE_EXTERNAL_STORAGE'(+0.247); interesting_calls::printStackTrace(+0.241); interesting_calls::getSystemService(+0.228); api_permissions::android_permission_INTERNET(+0.224); app_permissions::name='android_permission_ACCESS_NETWORK_STATE'(+0.210),True,new_cluster
2018-01,19,156,0,23,False,False,False,1,0.8148249983787537,0.6666666666666666,0.8782051282051282,0.1858974358974359,app_permissions::name='android_permission_WRITE_EXTERNAL_STORAGE'(+0.344); app_permissions::name='android_permission_READ_PHONE_STATE'(+0.277); app_permissions::name='android_permission_ACCESS_WIFI_STATE'(+0.250); interesting_calls::printStackTrace(+0.205); app_permissions::name='android_permission_ACCESS_NETWORK_STATE'(+0.198); app_permissions::name='android_permission_WAKE_LOCK'(+0.197); app_permissions::name='android_permission_INTERNET'(+0.182); intents::android_intent_category_DEFAULT(+0.181); intents::android_intent_action_MAIN(+0.171); intents::android_intent_category_LAUNCHER(+0.169),True,new_cluster
2018-01,37,35,4,19,False,False,False,1,0.7921000719070435,0.05263157894736842,0.02857142857142857,0.17142857142857143,api_permissions::android_permission_WAKE_LOCK(+0.155); interesting_calls::getPackageInfo(+0.143); api_permissions::android_permission_VIBRATE(+0.138); interesting_calls::Obfuscation(Base64)(+0.138); api_permissions::android_permission_ACCESS_NETWORK_STATE(+0.132); app_permissions::name='android_permission_INTERNET'(+0.131); app_permissions::name='android_permission_ACCESS_NETWORK_STATE'(+0.131); intents::android_intent_action_MAIN(+0.131); api_permissions::android_permission_INTERNET(+0.130); intents::android_intent_category_LAUNCHER(+0.130),True,new_cluster
2018-01,31,13,2,21,False,False,False,1,0.7216312885284424,0.05263157894736842,0.15384615384615385,0.15384615384615385,interesting_calls::Read/Write External Storage(+0.181); api_permissions::android_permission_READ_CONTACTS(+0.164); interesting_calls::Obfuscation(Base64)(+0.160); app_permissions::name='android_permission_WRITE_EXTERNAL_STORAGE'(+0.159); api_calls::android/app/NotificationManager;->notify(+0.153); interesting_calls::printStackTrace(+0.139); api_permissions::android_permission_INTERNET(+0.135); interesting_calls::getSystemService(+0.134); intents::android_intent_action_MAIN(+0.132); intents::android_intent_category_LAUNCHER(+0.132),True,new_cluster
2018-01,53,7,16,8,False,False,False,1,0.5657013654708862,0.42857142857142855,0.0,0.14285714285714285,api_permissions::android_permission_WAKE_LOCK(+0.314); intents::android_intent_action_MAIN(+0.294); intents::android_intent_category_LAUNCHER(+0.293); api_calls::android/media/MediaPlayer;->start(+0.292); interesting_calls::getSystemService(+0.265); api_permissions::android_permission_INTERNET(+0.255); interesting_calls::Read/Write External Storage(+0.224); app_permissions::name='android_permission_INTERNET'(+0.214); api_permissions::android_permission_ACCESS_NETWORK_STATE(+0.205); activities::_MainActivity(+0.205),True,new_cluster
2018-01,44,204,7,17,False,False,False,1,0.8087750673294067,0.5384615384615384,0.5294117647058824,0.08823529411764706,api_permissions::android_permission_ACCESS_NETWORK_STATE(+0.226); interesting_calls::getSystemService(+0.222); interesting_calls::getPackageInfo(+0.221); api_permissions::android_permission_INTERNET(+0.219); api_calls::android/net/ConnectivityManager;->getActiveNetworkInfo(+0.219); intents::android_intent_action_MAIN(+0.219); intents::android_intent_category_LAUNCHER(+0.218); app_permissions::name='android_permission_INTERNET'(+0.214); app_permissions::name='android_permission_ACCESS_NETWORK_STATE'(+0.209); interesting_calls::Obfuscation(Base64)(+0.207),True,new_cluster
2018-01,25,97,1,22,False,False,False,1,0.8438871502876282,0.42857142857142855,0.09278350515463918,0.08247422680412371,intents::android_intent_category_DEFAULT(+0.145); app_permissions::name='android_permission_WRITE_EXTERNAL_STORAGE'(+0.136); interesting_calls::getPackageInfo(+0.135); api_permissions::android_permission_ACCESS_WIFI_STATE(+0.135); app_permissions::name='android_permission_ACCESS_WIFI_STATE'(+0.132); interesting_calls::Read/Write External Storage(+0.132); interesting_calls::printStackTrace(+0.131); api_permissions::android_permission_VIBRATE(+0.130); app_permissions::name='android_permission_ACCESS_NETWORK_STATE'(+0.129); api_permissions::android_permission_READ_PHONE_STATE(+0.128),True,new_cluster
2018-01,54,18,17,7,False,False,False,1,0.6760541796684265,0.8181818181818182,0.3333333333333333,0.05555555555555555,activities::_MainActivity(+0.458); intents::android_intent_action_MAIN(+0.317); intents::android_intent_category_LAUNCHER(+0.315); interesting_calls::getSystemService(+0.262); api_permissions::android_permission_INTERNET(+0.260); app_permissions::name='android_permission_INTERNET'(+0.249); api_calls::android/webkit/WebView(+0.213); api_calls::android/content/Context;->startActivity(+0.190); api_permissions::android_permission_ACCESS_NETWORK_STATE(+0.188); app_permissions::name='android_permission_ACCESS_NETWORK_STATE'(+0.173),True,new_cluster
2018-02,62,12,25,0,True,False,False,1,0.8034080862998962,0.5384615384615384,0.0,0.3333333333333333,intents::android_intent_action_MAIN(+0.256); intents::android_intent_category_LAUNCHER(+0.255); interesting_calls::getSystemService(+0.246); api_permissions::android_permission_INTERNET(+0.245); app_permissions::name='android_permission_INTERNET'(+0.228); api_permissions::android_permission_ACCESS_NETWORK_STATE(+0.215); api_permissions::android_permission_READ_CONTACTS(+0.198); api_calls::android/content/ContentResolver;->query(+0.185); app_permissions::name='android_permission_ACCESS_NETWORK_STATE'(+0.184); api_calls::android/net/ConnectivityManager;->getActiveNetworkInfo(+0.179),True,new_cluster
2018-02,58,19,21,4,False,False,False,1,0.5408657193183899,0.3333333333333333,0.0,0.7368421052631579,intents::android_intent_action_MAIN(+0.243); intents::android_intent_category_LAUNCHER(+0.241); interesting_calls::getSystemService(+0.227); api_permissions::android_permission_INTERNET(+0.225); app_permissions::name='android_permission_WRITE_EXTERNAL_STORAGE'(+0.217); app_permissions::name='android_permission_INTERNET'(+0.217); api_permissions::android_permission_ACCESS_NETWORK_STATE(+0.206); app_permissions::name='android_permission_ACCESS_NETWORK_STATE'(+0.191); interesting_calls::printStackTrace(+0.187); interesting_calls::Read/Write External Storage(+0.185),True,new_cluster
2018-02,61,3,24,1,False,False,False,1,0.7399455904960632,0.5384615384615384,0.3333333333333333,0.6666666666666666,intents::android_intent_action_MAIN(+0.238); intents::android_intent_category_LAUNCHER(+0.237); api_permissions::android_permission_INTERNET(+0.233); interesting_calls::getSystemService(+0.233); api_calls::android/content/ContentResolver;->query(+0.231); api_permissions::android_permission_READ_CONTACTS(+0.231); app_permissions::name='android_permission_INTERNET'(+0.217); api_permissions::android_permission_ACCESS_NETWORK_STATE(+0.214); app_permissions::name='android_permission_ACCESS_NETWORK_STATE'(+0.184); interesting_calls::getPackageInfo(+0.180),True,new_cluster
2018-02,57,4,20,5,False,False,False,1,0.6999542713165283,0.42857142857142855,0.0,0.5,interesting_calls::printStackTrace(+0.250); intents::android_intent_action_MAIN(+0.249); intents::android_intent_category_LAUNCHER(+0.247); interesting_calls::getSystemService(+0.229); api_permissions::android_permission_INTERNET(+0.224); app_permissions::name='android_permission_WRITE_EXTERNAL_STORAGE'(+0.224); app_permissions::name='android_permission_INTERNET'(+0.220); interesting_calls::Read/Write External Storage(+0.213); api_permissions::android_permission_ACCESS_NETWORK_STATE(+0.189); app_permissions::name='android_permission_ACCESS_NETWORK_STATE'(+0.185),True,new_cluster
2018-02,24,48,1,23,False,False,False,1,0.7234369516372681,0.05263157894736842,0.4166666666666667,0.3958333333333333,interesting_calls::Obfuscation(Base64)(+0.163); api_permissions::android_permission_MANAGE_ACCOUNTS(+0.160); api_calls::android/accounts/AccountManager;->invalidateAuthToken(+0.156); api_permissions::android_permission_ACCESS_FINE_LOCATION(+0.151); api_permissions::android_permission_VIBRATE(+0.150); interesting_calls::Read/Write External Storage(+0.150); api_permissions::android_permission_READ_CONTACTS(+0.147); api_calls::android/app/NotificationManager;->notify(+0.146); api_permissions::android_permission_WAKE_LOCK(+0.146); interesting_calls::getDeviceId(+0.145),True,new_cluster
2018-02,48,13,12,13,False,False,False,1,0.7502298951148987,0.8181818181818182,0.0,0.38461538461538464,intents::android_intent_action_MAIN(+0.297); intents::android_intent_category_LAUNCHER(+0.295); api_calls::android/webkit/WebView(+0.279); api_permissions::android_permission_INTERNET(+0.249); interesting_calls::getSystemService(+0.249); app_permissions::name='android_permission_INTERNET'(+0.242); activities::_MainActivity(+0.239); interesting_calls::Read/Write External Storage(+0.220); app_permissions::name='android_permission_WRITE_EXTERNAL_STORAGE'(+0.220); api_permissions::android_permission_RECORD_AUDIO(+0.212),True,new_cluster
2018-02,40,12,5,18,False,False,False,1,0.8776754140853882,0.8181818181818182,0.0,0.25,app_permissions::name='android_permission_WRITE_EXTERNAL_STORAGE'(+0.287); intents::android_intent_action_MAIN(+0.282); intents::android_intent_category_LAUNCHER(+0.281); interesting_calls::printStackTrace(+0.268); interesting_calls::getSystemService(+0.262); api_permissions::android_permission_INTERNET(+0.254); interesting_calls::Read/Write External Storage(+0.252); app_permissions::name='android_permission_INTERNET'(+0.244); api_permissions::android_permission_WAKE_LOCK(+0.213); api_permissions::android_permission_ACCESS_NETWORK_STATE(+0.203),True,new_cluster
2018-02,25,76,1,23,False,False,False,1,0.8704256415367126,0.17647058823529413,0.07894736842105263,0.17105263157894737,intents::android_intent_category_DEFAULT(+0.145); app_permissions::name='android_permission_WRITE_EXTERNAL_STORAGE'(+0.136); interesting_calls::getPackageInfo(+0.136); api_permissions::android_permission_ACCESS_WIFI_STATE(+0.135); app_permissions::name='android_permission_ACCESS_WIFI_STATE'(+0.132); interesting_calls::Read/Write External Storage(+0.132); interesting_calls::printStackTrace(+0.131); api_permissions::android_permission_VIBRATE(+0.131); app_permissions::name='android_permission_ACCESS_NETWORK_STATE'(+0.129); api_permissions::android_permission_READ_PHONE_STATE(+0.129),True,new_cluster
2018-02,55,12,18,7,False,False,False,1,0.83172607421875,0.6666666666666666,0.4166666666666667,0.16666666666666666,api_permissions::android_permission_READ_LOGS(+0.282); api_calls::java/lang/Runtime;->exec(+0.281); intents::android_intent_action_MAIN(+0.269); intents::android_intent_category_LAUNCHER(+0.267); app_permissions::name='android_permission_WRITE_EXTERNAL_STORAGE'(+0.252); app_permissions::name='android_permission_INTERNET'(+0.247); interesting_calls::printStackTrace(+0.244); interesting_calls::getSystemService(+0.226); api_permissions::android_permission_INTERNET(+0.222); app_permissions::name='android_permission_ACCESS_NETWORK_STATE'(+0.212),True,new_cluster
2018-02,19,128,0,24,False,False,False,1,0.7993960380554199,0.6666666666666666,0.8515625,0.1484375,app_permissions::name='android_permission_WRITE_EXTERNAL_STORAGE'(+0.343); app_permissions::name='android_permission_READ_PHONE_STATE'(+0.276); app_permissions::name='android_permission_ACCESS_WIFI_STATE'(+0.249); interesting_calls::printStackTrace(+0.204); app_permissions::name='android_permission_WAKE_LOCK'(+0.197); app_permissions::name='android_permission_ACCESS_NETWORK_STATE'(+0.197); intents::android_intent_category_DEFAULT(+0.183); app_permissions::name='android_permission_INTERNET'(+0.181); intents::android_intent_action_MAIN(+0.170); intents::android_intent_category_LAUNCHER(+0.168),True,new_cluster
2018-03,63,10,26,0,True,False,False,1,0.787606954574585,0.6666666666666666,0.2,0.2,intents::android_intent_action_MAIN(+0.262); intents::android_intent_category_LAUNCHER(+0.261); intents::android_intent_category_DEFAULT(+0.246); interesting_calls::getSystemService(+0.229); app_permissions::name='android_permission_INTERNET'(+0.223); api_permissions::android_permission_INTERNET(+0.222); interesting_calls::printStackTrace(+0.200); app_permissions::name='android_permission_ACCESS_NETWORK_STATE'(+0.177); api_permissions::android_permission_ACCESS_NETWORK_STATE(+0.176); intents::android_intent_action_VIEW(+0.175),True,new_cluster
2018-03,20,943,0,26,False,False,False,1,0.5668740272521973,0.6666666666666666,0.09968186638388123,0.8430540827147401,interesting_calls::getPackageInfo(+0.194); api_permissions::android_permission_ACCESS_NETWORK_STATE(+0.191); interesting_calls::getSystemService(+0.187); api_permissions::android_permission_INTERNET(+0.185); interesting_calls::Obfuscation(Base64)(+0.184); intents::android_intent_action_MAIN(+0.183); intents::android_intent_category_LAUNCHER(+0.182); app_permissions::name='android_permission_INTERNET'(+0.177); api_permissions::android_permission_VIBRATE(+0.176); interesting_calls::Read/Write External Storage(+0.174),True,new_cluster
2018-03,35,4,3,21,False,False,False,1,0.7518277764320374,0.0,0.5,0.5,urls::https://api_weibo_com/2/statuses/hot/repost_daily_json(+0.086); intents::android_intent_category_DEFAULT(+0.083); interesting_calls::getPackageInfo(+0.082); app_permissions::name='android_permission_ACCESS_NETWORK_STATE'(+0.078); api_permissions::android_permission_ACCESS_WIFI_STATE(+0.078); interesting_calls::getDeviceId(+0.077); app_permissions::name='android_permission_ACCESS_WIFI_STATE'(+0.076); app_permissions::name='android_permission_WRITE_EXTERNAL_STORAGE'(+0.076); api_permissions::android_permission_VIBRATE(+0.075); app_permissions::name='android_permission_INTERNET'(+0.075),True,new_cluster
2018-03,24,24,1,24,False,False,False,1,0.7184845209121704,0.1111111111111111,0.5833333333333334,0.4166666666666667,interesting_calls::Obfuscation(Base64)(+0.163); api_permissions::android_permission_MANAGE_ACCOUNTS(+0.161); api_calls::android/accounts/AccountManager;->invalidateAuthToken(+0.157); interesting_calls::Read/Write External Storage(+0.151); api_permissions::android_permission_ACCESS_FINE_LOCATION(+0.151); api_permissions::android_permission_VIBRATE(+0.150); api_permissions::android_permission_READ_CONTACTS(+0.147); api_calls::android/app/NotificationManager;->notify(+0.147); api_permissions::android_permission_WAKE_LOCK(+0.146); interesting_calls::printStackTrace(+0.145),True,new_cluster
2018-03,9,4,0,25,False,False,False,1,0.7418467402458191,0.1111111111111111,0.0,0.25,intents::android_intent_action_MAIN(+0.134); intents::android_intent_category_LAUNCHER(+0.132); interesting_calls::getSystemService(+0.132); api_permissions::android_permission_INTERNET(+0.132); app_permissions::name='android_permission_INTERNET'(+0.132); api_permissions::android_permission_READ_CONTACTS(+0.130); api_permissions::android_permission_ACCESS_NETWORK_STATE(+0.130); interesting_calls::getPackageInfo(+0.129); app_permissions::name='android_permission_ACCESS_NETWORK_STATE'(+0.129); interesting_calls::Obfuscation(Base64)(+0.128),True,new_cluster
2018-03,21,9,0,24,False,False,False,1,0.8036547899246216,0.25,0.2222222222222222,0.2222222222222222,interesting_calls::printStackTrace(+0.164); intents::android_intent_category_LAUNCHER(+0.134); intents::android_intent_action_MAIN(+0.134); interesting_calls::getPackageInfo(+0.133); interesting_calls::getSystemService(+0.132); api_permissions::android_permission_INTERNET(+0.132); app_permissions::name='android_permission_INTERNET'(+0.132); api_permissions::android_permission_ACCESS_NETWORK_STATE(+0.129); interesting_calls::Obfuscation(Base64)(+0.128); interesting_calls::Read/Write External Storage(+0.128),True,new_cluster
2018-03,54,29,17,9,False,False,False,1,0.8304166793823242,0.6666666666666666,0.7241379310344828,0.20689655172413793,activities::_MainActivity(+0.459); intents::android_intent_action_MAIN(+0.318); intents::android_intent_category_LAUNCHER(+0.317); interesting_calls::getSystemService(+0.261); api_permissions::android_permission_INTERNET(+0.261); app_permissions::name='android_permission_INTERNET'(+0.253); api_calls::android/webkit/WebView(+0.235); api_calls::android/content/Context;->startActivity(+0.198); api_permissions::android_permission_ACCESS_NETWORK_STATE(+0.185); app_permissions::name='android_permission_ACCESS_NETWORK_STATE'(+0.176),True,new_cluster
2018-03,19,185,0,25,False,False,False,1,0.8147910833358765,0.6666666666666666,0.9405405405405406,0.1945945945945946,app_permissions::name='android_permission_WRITE_EXTERNAL_STORAGE'(+0.342); app_permissions::name='android_permission_READ_PHONE_STATE'(+0.275); app_permissions::name='android_permission_ACCESS_WIFI_STATE'(+0.249); interesting_calls::printStackTrace(+0.203); app_permissions::name='android_permission_WAKE_LOCK'(+0.198); app_permissions::name='android_permission_ACCESS_NETWORK_STATE'(+0.196); intents::android_intent_category_DEFAULT(+0.184); app_permissions::name='android_permission_INTERNET'(+0.180); intents::android_intent_action_MAIN(+0.169); intents::android_intent_category_LAUNCHER(+0.167),True,new_cluster
2018-03,44,226,7,19,False,False,False,1,0.8218521475791931,0.6666666666666666,0.6194690265486725,0.1415929203539823,api_permissions::android_permission_ACCESS_NETWORK_STATE(+0.226); interesting_calls::getSystemService(+0.222); interesting_calls::getPackageInfo(+0.220); api_permissions::android_permission_INTERNET(+0.220); intents::android_intent_action_MAIN(+0.220); intents::android_intent_category_LAUNCHER(+0.219); api_calls::android/net/ConnectivityManager;->getActiveNetworkInfo(+0.219); app_permissions::name='android_permission_INTERNET'(+0.214); app_permissions::name='android_permission_ACCESS_NETWORK_STATE'(+0.209); interesting_calls::Obfuscation(Base64)(+0.206),True,new_cluster
2018-03,25,96,1,24,False,False,False,1,0.8175551295280457,0.17647058823529413,0.15625,0.10416666666666667,intents::android_intent_category_DEFAULT(+0.144); app_permissions::name='android_permission_WRITE_EXTERNAL_STORAGE'(+0.136); api_permissions::android_permission_ACCESS_WIFI_STATE(+0.135); interesting_calls::getPackageInfo(+0.135); app_permissions::name='android_permission_ACCESS_WIFI_STATE'(+0.132); interesting_calls::Read/Write External Storage(+0.132); interesting_calls::printStackTrace(+0.131); api_permissions::android_permission_VIBRATE(+0.130); app_permissions::name='android_permission_ACCESS_NETWORK_STATE'(+0.129); api_permissions::android_permission_READ_PHONE_STATE(+0.128),True,new_cluster
2018-04,64,8,27,0,True,False,False,1,0.7115920782089233,0.6666666666666666,0.0,0.125,intents::android_intent_action_MAIN(+0.257); intents::android_intent_category_LAUNCHER(+0.255); api_permissions::android_permission_INTERNET(+0.238); interesting_calls::getSystemService(+0.238); app_permissions::name='android_permission_INTERNET'(+0.226); api_permissions::android_permission_READ_CONTACTS(+0.209); api_permissions::android_permission_ACCESS_NETWORK_STATE(+0.208); api_calls::android/net/ConnectivityManager;->getActiveNetworkInfo(+0.186); app_permissions::name='android_permission_ACCESS_NETWORK_STATE'(+0.179); api_calls::android/content/ContentResolver;->query(+0.172),True,new_cluster
2018-04,48,17,12,15,False,False,False,1,0.6619298458099365,0.6666666666666666,0.0,0.7647058823529411,intents::android_intent_action_MAIN(+0.295); intents::android_intent_category_LAUNCHER(+0.293); api_calls::android/webkit/WebView(+0.286); activities::_MainActivity(+0.253); api_permissions::android_permission_INTERNET(+0.246); interesting_calls::getSystemService(+0.246); app_permissions::name='android_permission_INTERNET'(+0.240); app_permissions::name='android_permission_WRITE_EXTERNAL_STORAGE'(+0.225); interesting_calls::Read/Write External Storage(+0.220); api_permissions::android_permission_RECORD_AUDIO(+0.215),True,new_cluster
2018-04,10,27,0,26,False,False,False,1,0.8165315985679626,0.6666666666666666,0.0,0.6296296296296297,intents::android_intent_action_MAIN(+0.348); intents::android_intent_category_LAUNCHER(+0.346); api_permissions::android_permission_INTERNET(+0.306); interesting_calls::getSystemService(+0.306); app_permissions::name='android_permission_INTERNET'(+0.305); api_calls::android/webkit/WebView(+0.239); api_permissions::android_permission_ACCESS_NETWORK_STATE(+0.229); app_permissions::name='android_permission_ACCESS_NETWORK_STATE'(+0.226); activities::_MainActivity(+0.193); interesting_calls::getPackageInfo(+0.191),True,new_cluster
2018-04,40,10,5,20,False,False,False,1,0.898430585861206,0.6666666666666666,0.0,0.4,app_permissions::name='android_permission_WRITE_EXTERNAL_STORAGE'(+0.287); intents::android_intent_action_MAIN(+0.282); intents::android_intent_category_LAUNCHER(+0.281); interesting_calls::printStackTrace(+0.268); interesting_calls::getSystemService(+0.261); api_permissions::android_permission_INTERNET(+0.254); interesting_calls::Read/Write External Storage(+0.251); app_permissions::name='android_permission_INTERNET'(+0.244); api_permissions::android_permission_WAKE_LOCK(+0.212); api_permissions::android_permission_ACCESS_NETWORK_STATE(+0.203),True,new_cluster
2018-04,14,3,0,26,False,False,False,1,0.8238561749458313,0.25,0.0,0.3333333333333333,interesting_calls::Obfuscation(Base64)(+0.139); app_permissions::name='android_permission_INTERNET'(+0.138); intents::android_intent_action_MAIN(+0.137); api_permissions::android_permission_INTERNET(+0.137); interesting_calls::getDeviceId(+0.137); intents::android_intent_category_LAUNCHER(+0.137); app_permissions::name='android_permission_ACCESS_NETWORK_STATE'(+0.136); interesting_calls::getSystemService(+0.136); api_permissions::android_permission_VIBRATE(+0.136); interesting_calls::getPackageInfo(+0.136),True,new_cluster
2018-04,49,7,13,14,False,False,False,1,0.74815833568573,0.6666666666666666,0.0,0.2857142857142857,intents::android_intent_category_DEFAULT(+0.310); intents::android_intent_action_MAIN(+0.290); intents::android_intent_category_LAUNCHER(+0.288); interesting_calls::getSystemService(+0.259); app_permissions::name='android_permission_INTERNET'(+0.256); api_permissions::android_permission_INTERNET(+0.254); intents::android_intent_action_VIEW(+0.237); app_permissions::name='android_permission_WRITE_EXTERNAL_STORAGE'(+0.222); app_permissions::name='android_permission_ACCESS_NETWORK_STATE'(+0.202); api_permissions::android_permission_ACCESS_NETWORK_STATE(+0.200),True,new_cluster
2018-04,9,8,0,26,False,False,False,1,0.8591282367706299,0.25,0.0,0.25,intents::android_intent_action_MAIN(+0.134); intents::android_intent_category_LAUNCHER(+0.132); interesting_calls::getSystemService(+0.132); api_permissions::android_permission_INTERNET(+0.132); app_permissions::name='android_permission_INTERNET'(+0.132); api_permissions::android_permission_READ_CONTACTS(+0.130); api_permissions::android_permission_ACCESS_NETWORK_STATE(+0.130); interesting_calls::getPackageInfo(+0.130); app_permissions::name='android_permission_ACCESS_NETWORK_STATE'(+0.129); interesting_calls::Obfuscation(Base64)(+0.128),True,new_cluster
2018-04,51,4,14,12,False,False,False,1,0.8149314522743225,0.5384615384615384,0.0,0.25,app_permissions::name='android_permission_READ_PHONE_STATE'(+0.313); intents::android_intent_action_MAIN(+0.293); intents::android_intent_category_LAUNCHER(+0.292); app_permissions::name='android_permission_INTERNET'(+0.282); interesting_calls::getSystemService(+0.252); api_permissions::android_permission_INTERNET(+0.250); app_permissions::name='android_permission_ACCESS_NETWORK_STATE'(+0.241); app_permissions::name='android_permission_ACCESS_WIFI_STATE'(+0.209); interesting_calls::getPackageInfo(+0.200); api_permissions::android_permission_ACCESS_NETWORK_STATE(+0.191),True,new_cluster
2018-04,21,19,0,25,False,False,False,1,0.840406596660614,0.1111111111111111,0.0,0.21052631578947367,interesting_calls::printStackTrace(+0.164); intents::android_intent_category_LAUNCHER(+0.134); intents::android_intent_action_MAIN(+0.134); interesting_calls::getPackageInfo(+0.133); interesting_calls::getSystemService(+0.132); app_permissions::name='android_permission_INTERNET'(+0.132); api_permissions::android_permission_INTERNET(+0.132); api_permissions::android_permission_ACCESS_NETWORK_STATE(+0.128); interesting_calls::Obfuscation(Base64)(+0.128); app_permissions::name='android_permission_ACCESS_NETWORK_STATE'(+0.127),True,new_cluster
2018-04,27,30,2,23,False,False,False,1,0.9053241014480591,0.6666666666666666,0.03333333333333333,0.2,intents::android_intent_action_MAIN(+0.248); intents::android_intent_category_LAUNCHER(+0.247); interesting_calls::getSystemService(+0.237); api_permissions::android_permission_INTERNET(+0.232); app_permissions::name='android_permission_INTERNET'(+0.227); api_permissions::android_permission_ACCESS_NETWORK_STATE(+0.213); app_permissions::name='android_permission_WRITE_EXTERNAL_STORAGE'(+0.209); app_permissions::name='android_permission_ACCESS_NETWORK_STATE'(+0.204); interesting_calls::Read/Write External Storage(+0.204); interesting_calls::getPackageInfo(+0.194),True,new_cluster
2018-05,65,8,28,0,True,False,False,1,0.7982531189918518,0.5384615384615384,0.0,0.0,api_calls::android/app/NotificationManager;->notify(+0.223); app_permissions::name='android_permission_WRITE_EXTERNAL_STORAGE'(+0.221); api_permissions::android_permission_VIBRATE(+0.213); intents::android_intent_action_MAIN(+0.195); intents::android_intent_category_LAUNCHER(+0.195); app_permissions::name='android_permission_INTERNET'(+0.189); interesting_calls::getPackageInfo(+0.187); app_permissions::name='android_permission_ACCESS_NETWORK_STATE'(+0.182); interesting_calls::getSystemService(+0.182); api_permissions::android_permission_INTERNET(+0.177),True,new_cluster
2018-05,54,13,17,11,False,False,False,1,0.8170439600944519,0.8181818181818182,1.0,0.5384615384615384,activities::_MainActivity(+0.459); intents::android_intent_action_MAIN(+0.319); intents::android_intent_category_LAUNCHER(+0.318); interesting_calls::getSystemService(+0.262); api_permissions::android_permission_INTERNET(+0.261); app_permissions::name='android_permission_INTERNET'(+0.255); api_calls::android/webkit/WebView(+0.243); api_calls::android/content/Context;->startActivity(+0.201); api_permissions::android_permission_ACCESS_NETWORK_STATE(+0.184); app_permissions::name='android_permission_ACCESS_NETWORK_STATE'(+0.177),True,new_cluster
2018-05,35,3,3,23,False,False,False,1,0.7407435178756714,0.0,0.3333333333333333,0.3333333333333333,urls::https://api_weibo_com/2/statuses/hot/repost_daily_json(+0.086); intents::android_intent_category_DEFAULT(+0.083); interesting_calls::getPackageInfo(+0.082); app_permissions::name='android_permission_ACCESS_NETWORK_STATE'(+0.078); api_permissions::android_permission_ACCESS_WIFI_STATE(+0.078); interesting_calls::getDeviceId(+0.077); app_permissions::name='android_permission_ACCESS_WIFI_STATE'(+0.076); app_permissions::name='android_permission_WRITE_EXTERNAL_STORAGE'(+0.076); api_permissions::android_permission_VIBRATE(+0.075); app_permissions::name='android_permission_INTERNET'(+0.075),True,new_cluster
2018-05,51,3,14,13,False,False,False,1,0.5712341666221619,0.6666666666666666,0.0,0.3333333333333333,app_permissions::name='android_permission_READ_PHONE_STATE'(+0.310); intents::android_intent_action_MAIN(+0.293); intents::android_intent_category_LAUNCHER(+0.292); app_permissions::name='android_permission_INTERNET'(+0.283); interesting_calls::getSystemService(+0.252); api_permissions::android_permission_INTERNET(+0.250); app_permissions::name='android_permission_ACCESS_NETWORK_STATE'(+0.242); app_permissions::name='android_permission_ACCESS_WIFI_STATE'(+0.208); interesting_calls::getPackageInfo(+0.201); app_permissions::name='android_permission_WRITE_EXTERNAL_STORAGE'(+0.196),True,new_cluster
2018-05,24,28,1,26,False,False,False,1,0.6906694769859314,0.0,0.8214285714285714,0.17857142857142858,interesting_calls::Obfuscation(Base64)(+0.165); api_permissions::android_permission_MANAGE_ACCOUNTS(+0.162); api_calls::android/accounts/AccountManager;->invalidateAuthToken(+0.158); interesting_calls::Read/Write External Storage(+0.154); api_permissions::android_permission_ACCESS_FINE_LOCATION(+0.153); api_permissions::android_permission_VIBRATE(+0.151); api_permissions::android_permission_READ_CONTACTS(+0.149); api_calls::android/app/NotificationManager;->notify(+0.148); interesting_calls::printStackTrace(+0.147); api_permissions::android_permission_WAKE_LOCK(+0.147),True,new_cluster
2018-05,45,46,7,19,False,False,False,1,0.9535568952560425,0.5384615384615384,0.17391304347826086,0.15217391304347827,api_permissions::android_permission_WAKE_LOCK(+0.247); interesting_calls::getSystemService(+0.233); intents::android_intent_action_MAIN(+0.232); intents::android_intent_category_LAUNCHER(+0.231); api_permissions::android_permission_INTERNET(+0.228); interesting_calls::Read/Write External Storage(+0.217); api_permissions::android_permission_VIBRATE(+0.216); api_permissions::android_permission_ACCESS_NETWORK_STATE(+0.215); app_permissions::name='android_permission_INTERNET'(+0.204); api_permissions::android_permission_READ_CONTACTS(+0.196),True,new_cluster
2018-05,10,7,0,27,False,False,False,1,0.7462238669395447,0.5384615384615384,0.0,0.14285714285714285,intents::android_intent_action_MAIN(+0.348); intents::android_intent_category_LAUNCHER(+0.346); api_permissions::android_permission_INTERNET(+0.306); interesting_calls::getSystemService(+0.306); app_permissions::name='android_permission_INTERNET'(+0.305); api_calls::android/webkit/WebView(+0.239); api_permissions::android_permission_ACCESS_NETWORK_STATE(+0.229); app_permissions::name='android_permission_ACCESS_NETWORK_STATE'(+0.226); activities::_MainActivity(+0.193); interesting_calls::getPackageInfo(+0.192),True,new_cluster
2018-05,62,7,25,3,False,False,False,1,0.7659011483192444,0.17647058823529413,0.14285714285714285,0.14285714285714285,intents::android_intent_action_MAIN(+0.222); intents::android_intent_category_LAUNCHER(+0.222); interesting_calls::getSystemService(+0.219); api_permissions::android_permission_INTERNET(+0.218); app_permissions::name='android_permission_INTERNET'(+0.207); api_permissions::android_permission_ACCESS_NETWORK_STATE(+0.202); api_permissions::android_permission_READ_CONTACTS(+0.186); app_permissions::name='android_permission_ACCESS_NETWORK_STATE'(+0.179); api_calls::android/net/ConnectivityManager;->getActiveNetworkInfo(+0.175); app_permissions::name='android_permission_ACCESS_FINE_LOCATION'(+0.170),True,new_cluster
2018-05,25,92,1,26,False,False,False,1,0.7896445393562317,0.3333333333333333,0.14130434782608695,0.08695652173913043,intents::android_intent_category_DEFAULT(+0.143); app_permissions::name='android_permission_WRITE_EXTERNAL_STORAGE'(+0.136); api_permissions::android_permission_ACCESS_WIFI_STATE(+0.136); interesting_calls::getPackageInfo(+0.135); app_permissions::name='android_permission_ACCESS_WIFI_STATE'(+0.132); interesting_calls::Read/Write External Storage(+0.130); api_permissions::android_permission_VIBRATE(+0.130); interesting_calls::printStackTrace(+0.129); app_permissions::name='android_permission_ACCESS_NETWORK_STATE'(+0.129); api_permissions::android_permission_READ_PHONE_STATE(+0.128),True,new_cluster
2018-05,11,24,0,29,False,False,False,1,0.9247614741325378,0.5384615384615384,0.7083333333333334,0.08333333333333333,interesting_calls::Cipher(AES/CBC/PKCS5Padding)(+0.213); urls::http://media_admob_com/mraid/v1/mraid_app_expanded_banner_js(+0.210); urls::http://media_admob_com/mraid/v1/mraid_app_banner_js(+0.210); urls::http://media_admob_com/mraid/v1/mraid_app_interstitial_js(+0.210); interesting_calls::getPackageInfo(+0.209); app_permissions::name='android_permission_INTERNET'(+0.208); app_permissions::name='android_permission_ACCESS_NETWORK_STATE'(+0.206); intents::android_intent_action_MAIN(+0.204); intents::android_intent_category_LAUNCHER(+0.204); api_permissions::android_permission_ACCESS_NETWORK_STATE(+0.202),True,new_cluster
2018-06,66,12,29,0,True,False,False,1,0.7443887591362,0.5384615384615384,0.0,0.08333333333333333,api_permissions::android_permission_WAKE_LOCK(+0.238); intents::android_intent_category_DEFAULT(+0.216); intents::android_intent_action_MAIN(+0.212); api_calls::android/media/MediaPlayer;->start(+0.211); intents::android_intent_category_LAUNCHER(+0.209); app_permissions::name='android_permission_WRITE_EXTERNAL_STORAGE'(+0.208); interesting_calls::getSystemService(+0.195); api_permissions::android_permission_INTERNET(+0.184); app_permissions::name='android_permission_VIBRATE'(+0.184); interesting_calls::printStackTrace(+0.174),True,new_cluster
2018-06,24,29,1,27,False,False,False,1,0.6911645531654358,0.1111111111111111,0.7241379310344828,0.6206896551724138,interesting_calls::Obfuscation(Base64)(+0.166); api_permissions::android_permission_MANAGE_ACCOUNTS(+0.163); api_calls::android/accounts/AccountManager;->invalidateAuthToken(+0.159); interesting_calls::Read/Write External Storage(+0.155); api_permissions::android_permission_ACCESS_FINE_LOCATION(+0.154); api_permissions::android_permission_VIBRATE(+0.151); api_permissions::android_permission_READ_CONTACTS(+0.150); api_calls::android/app/NotificationManager;->notify(+0.149); interesting_calls::printStackTrace(+0.147); api_permissions::android_permission_WAKE_LOCK(+0.147),True,new_cluster
2018-06,10,23,0,28,False,False,False,1,0.7901224493980408,0.5384615384615384,0.0,0.2608695652173913,intents::android_intent_action_MAIN(+0.348); intents::android_intent_category_LAUNCHER(+0.346); api_permissions::android_permission_INTERNET(+0.306); interesting_calls::getSystemService(+0.306); app_permissions::name='android_permission_INTERNET'(+0.305); api_calls::android/webkit/WebView(+0.239); api_permissions::android_permission_ACCESS_NETWORK_STATE(+0.229); app_permissions::name='android_permission_ACCESS_NETWORK_STATE'(+0.226); activities::_MainActivity(+0.192); interesting_calls::getPackageInfo(+0.192),True,new_cluster
2018-06,11,12,0,30,False,False,False,1,0.9320371747016907,0.5384615384615384,0.4166666666666667,0.25,interesting_calls::Cipher(AES/CBC/PKCS5Padding)(+0.213); urls::http://media_admob_com/mraid/v1/mraid_app_expanded_banner_js(+0.210); urls::http://media_admob_com/mraid/v1/mraid_app_banner_js(+0.210); urls::http://media_admob_com/mraid/v1/mraid_app_interstitial_js(+0.210); interesting_calls::getPackageInfo(+0.209); app_permissions::name='android_permission_INTERNET'(+0.208); app_permissions::name='android_permission_ACCESS_NETWORK_STATE'(+0.206); intents::android_intent_action_MAIN(+0.204); intents::android_intent_category_LAUNCHER(+0.204); api_permissions::android_permission_ACCESS_NETWORK_STATE(+0.202),True,new_cluster
2018-06,21,22,0,27,False,False,False,1,0.7897405028343201,0.25,0.045454545454545456,0.18181818181818182,interesting_calls::printStackTrace(+0.165); intents::android_intent_category_LAUNCHER(+0.134); intents::android_intent_action_MAIN(+0.134); interesting_calls::getPackageInfo(+0.133); interesting_calls::getSystemService(+0.132); app_permissions::name='android_permission_INTERNET'(+0.132); api_permissions::android_permission_INTERNET(+0.132); api_permissions::android_permission_ACCESS_NETWORK_STATE(+0.128); interesting_calls::Obfuscation(Base64)(+0.128); app_permissions::name='android_permission_ACCESS_NETWORK_STATE'(+0.127),True,new_cluster
2018-06,13,128,0,29,False,False,False,1,0.8838759660720825,0.42857142857142855,0.5,0.171875,app_permissions::name='android_permission_WRITE_EXTERNAL_STORAGE'(+0.190); app_permissions::name='android_permission_READ_PHONE_STATE'(+0.186); app_permissions::name='android_permission_ACCESS_WIFI_STATE'(+0.182); intents::android_intent_action_MAIN(+0.182); intents::android_intent_category_LAUNCHER(+0.182); app_permissions::name='android_permission_INTERNET'(+0.181); app_permissions::name='android_permission_ACCESS_NETWORK_STATE'(+0.180); interesting_calls::printStackTrace(+0.176); interesting_calls::getSystemService(+0.174); interesting_calls::getPackageInfo(+0.174),True,new_cluster
2018-06,51,6,14,14,False,False,False,1,0.6577779650688171,0.8181818181818182,0.0,0.16666666666666666,app_permissions::name='android_permission_READ_PHONE_STATE'(+0.304); intents::android_intent_action_MAIN(+0.294); intents::android_intent_category_LAUNCHER(+0.292); app_permissions::name='android_permission_INTERNET'(+0.284); interesting_calls::getSystemService(+0.253); api_permissions::android_permission_INTERNET(+0.251); app_permissions::name='android_permission_ACCESS_NETWORK_STATE'(+0.245); app_permissions::name='android_permission_WRITE_EXTERNAL_STORAGE'(+0.206); app_permissions::name='android_permission_ACCESS_WIFI_STATE'(+0.206); interesting_calls::getPackageInfo(+0.205),True,new_cluster
2018-06,25,95,1,27,False,False,False,1,0.8415436744689941,0.3333333333333333,0.24210526315789474,0.15789473684210525,intents::android_intent_category_DEFAULT(+0.143); api_permissions::android_permission_ACCESS_WIFI_STATE(+0.136); app_permissions::name='android_permission_WRITE_EXTERNAL_STORAGE'(+0.136); interesting_calls::getPackageInfo(+0.135); app_permissions::name='android_permission_ACCESS_WIFI_STATE'(+0.132); interesting_calls::Read/Write External Storage(+0.131); interesting_calls::printStackTrace(+0.130); api_permissions::android_permission_VIBRATE(+0.130); app_permissions::name='android_permission_ACCESS_NETWORK_STATE'(+0.129); api_permissions::android_permission_READ_PHONE_STATE(+0.128),True,new_cluster
2018-06,38,16,4,24,False,False,False,1,0.8084185123443604,0.8181818181818182,0.0,0.125,intents::android_intent_action_MAIN(+0.235); intents::android_intent_category_LAUNCHER(+0.233); app_permissions::name='android_permission_WRITE_EXTERNAL_STORAGE'(+0.226); interesting_calls::getSystemService(+0.224); api_permissions::android_permission_INTERNET(+0.217); app_permissions::name='android_permission_INTERNET'(+0.207); interesting_calls::Read/Write External Storage(+0.206); api_permissions::android_permission_WAKE_LOCK(+0.204); api_permissions::android_permission_ACCESS_NETWORK_STATE(+0.203); api_calls::android/net/ConnectivityManager;->getActiveNetworkInfo(+0.189),True,new_cluster
2018-06,57,18,20,9,False,False,False,1,0.8205927014350891,0.6666666666666666,0.0,0.1111111111111111,intents::android_intent_action_MAIN(+0.247); intents::android_intent_category_LAUNCHER(+0.245); interesting_calls::printStackTrace(+0.239); interesting_calls::getSystemService(+0.230); interesting_calls::Read/Write External Storage(+0.226); api_permissions::android_permission_INTERNET(+0.225); app_permissions::name='android_permission_INTERNET'(+0.217); app_permissions::name='android_permission_WRITE_EXTERNAL_STORAGE'(+0.216); api_permissions::android_permission_ACCESS_NETWORK_STATE(+0.193); api_permissions::android_permission_VIBRATE(+0.192),True,new_cluster
2018-07,67,16,30,0,True,False,False,1,0.8147661685943604,0.5384615384615384,0.0625,0.0625,intents::android_intent_action_MAIN(+0.233); intents::android_intent_category_LAUNCHER(+0.232); app_permissions::name='android_permission_INTERNET'(+0.227); api_permissions::android_permission_INTERNET(+0.218); interesting_calls::getSystemService(+0.217); app_permissions::name='android_permission_ACCESS_NETWORK_STATE'(+0.197); interesting_calls::getPackageInfo(+0.191); api_permissions::android_permission_READ_PHONE_STATE(+0.186); api_permissions::android_permission_ACCESS_NETWORK_STATE(+0.184); app_permissions::name='android_permission_READ_PHONE_STATE'(+0.162),True,new_cluster
2018-07,25,74,1,28,False,False,False,1,0.804405152797699,0.3333333333333333,0.1891891891891892,0.2972972972972973,intents::android_intent_category_DEFAULT(+0.144); api_permissions::android_permission_ACCESS_WIFI_STATE(+0.136); app_permissions::name='android_permission_WRITE_EXTERNAL_STORAGE'(+0.136); interesting_calls::getPackageInfo(+0.135); app_permissions::name='android_permission_ACCESS_WIFI_STATE'(+0.132); interesting_calls::Read/Write External Storage(+0.131); api_permissions::android_permission_VIBRATE(+0.130); interesting_calls::printStackTrace(+0.130); app_permissions::name='android_permission_ACCESS_NETWORK_STATE'(+0.129); api_permissions::android_permission_READ_PHONE_STATE(+0.128),True,new_cluster
2018-07,51,4,14,15,False,False,False,1,0.7669423818588257,0.6666666666666666,0.0,0.25,app_permissions::name='android_permission_READ_PHONE_STATE'(+0.304); intents::android_intent_action_MAIN(+0.293); intents::android_intent_category_LAUNCHER(+0.291); app_permissions::name='android_permission_INTERNET'(+0.283); interesting_calls::getSystemService(+0.253); api_permissions::android_permission_INTERNET(+0.251); app_permissions::name='android_permission_ACCESS_NETWORK_STATE'(+0.244); app_permissions::name='android_permission_WRITE_EXTERNAL_STORAGE'(+0.206); app_permissions::name='android_permission_ACCESS_WIFI_STATE'(+0.206); interesting_calls::getPackageInfo(+0.204),True,new_cluster
2018-07,24,42,1,28,False,False,False,1,0.6528430581092834,0.05263157894736842,0.8095238095238095,0.23809523809523808,interesting_calls::Obfuscation(Base64)(+0.167); api_permissions::android_permission_MANAGE_ACCOUNTS(+0.164); api_calls::android/accounts/AccountManager;->invalidateAuthToken(+0.161); interesting_calls::Read/Write External Storage(+0.156); api_permissions::android_permission_ACCESS_FINE_LOCATION(+0.155); api_permissions::android_permission_VIBRATE(+0.151); api_permissions::android_permission_READ_CONTACTS(+0.151); api_calls::android/app/NotificationManager;->notify(+0.149); interesting_calls::printStackTrace(+0.148); api_permissions::android_permission_WAKE_LOCK(+0.147),True,new_cluster
2018-07,45,25,7,21,False,False,False,1,0.9281163215637207,0.6666666666666666,0.0,0.2,api_permissions::android_permission_WAKE_LOCK(+0.247); interesting_calls::getSystemService(+0.232); intents::android_intent_action_MAIN(+0.231); intents::android_intent_category_LAUNCHER(+0.230); api_permissions::android_permission_INTERNET(+0.227); interesting_calls::Read/Write External Storage(+0.218); api_permissions::android_permission_VIBRATE(+0.215); api_permissions::android_permission_ACCESS_NETWORK_STATE(+0.214); app_permissions::name='android_permission_INTERNET'(+0.203); api_permissions::android_permission_READ_CONTACTS(+0.196),True,new_cluster
2018-07,61,13,24,6,False,False,False,1,0.7880997657775879,0.3333333333333333,0.07692307692307693,0.15384615384615385,intents::android_intent_action_MAIN(+0.200); intents::android_intent_category_LAUNCHER(+0.199); api_permissions::android_permission_READ_CONTACTS(+0.195); interesting_calls::getSystemService(+0.195); api_permissions::android_permission_INTERNET(+0.194); app_permissions::name='android_permission_INTERNET'(+0.184); api_permissions::android_permission_ACCESS_NETWORK_STATE(+0.180); api_calls::android/content/ContentResolver;->query(+0.177); interesting_calls::Read/Write External Storage(+0.168); interesting_calls::getPackageInfo(+0.164),True,new_cluster
2018-07,21,28,0,28,False,False,False,1,0.7768599987030029,0.42857142857142855,0.03571428571428571,0.14285714285714285,interesting_calls::printStackTrace(+0.165); intents::android_intent_category_LAUNCHER(+0.134); intents::android_intent_action_MAIN(+0.134); interesting_calls::getPackageInfo(+0.133); interesting_calls::getSystemService(+0.132); api_permissions::android_permission_INTERNET(+0.132); app_permissions::name='android_permission_INTERNET'(+0.132); api_permissions::android_permission_ACCESS_NETWORK_STATE(+0.128); interesting_calls::Obfuscation(Base64)(+0.128); app_permissions::name='android_permission_ACCESS_NETWORK_STATE'(+0.127),True,new_cluster
2018-07,55,24,18,12,False,False,False,1,0.8111919164657593,0.6666666666666666,0.8333333333333334,0.125,api_permissions::android_permission_READ_LOGS(+0.296); api_calls::java/lang/Runtime;->exec(+0.295); app_permissions::name='android_permission_WRITE_EXTERNAL_STORAGE'(+0.279); interesting_calls::printStackTrace(+0.259); intents::android_intent_action_MAIN(+0.255); intents::android_intent_category_LAUNCHER(+0.253); app_permissions::name='android_permission_INTERNET'(+0.242); app_permissions::name='android_permission_ACCESS_NETWORK_STATE'(+0.216); interesting_calls::getSystemService(+0.208); api_permissions::android_permission_INTERNET(+0.203),True,new_cluster
2018-07,13,121,0,30,False,False,False,1,0.88475501537323,0.42857142857142855,0.4380165289256198,0.11570247933884298,app_permissions::name='android_permission_WRITE_EXTERNAL_STORAGE'(+0.191); app_permissions::name='android_permission_READ_PHONE_STATE'(+0.186); app_permissions::name='android_permission_ACCESS_WIFI_STATE'(+0.182); intents::android_intent_action_MAIN(+0.182); intents::android_intent_category_LAUNCHER(+0.182); app_permissions::name='android_permission_INTERNET'(+0.181); app_permissions::name='android_permission_ACCESS_NETWORK_STATE'(+0.180); interesting_calls::printStackTrace(+0.176); interesting_calls::getSystemService(+0.174); interesting_calls::getPackageInfo(+0.174),True,new_cluster
2018-07,44,304,7,23,False,False,False,1,0.830394446849823,0.3333333333333333,0.23684210526315788,0.08881578947368421,api_permissions::android_permission_ACCESS_NETWORK_STATE(+0.231); interesting_calls::getSystemService(+0.228); api_permissions::android_permission_INTERNET(+0.226); intents::android_intent_action_MAIN(+0.226); intents::android_intent_category_LAUNCHER(+0.225); api_calls::android/net/ConnectivityManager;->getActiveNetworkInfo(+0.221); interesting_calls::getPackageInfo(+0.217); app_permissions::name='android_permission_INTERNET'(+0.216); app_permissions::name='android_permission_ACCESS_NETWORK_STATE'(+0.206); interesting_calls::Obfuscation(Base64)(+0.204),True,new_cluster
2018-08,68,15,31,0,True,False,False,1,0.7133384346961975,0.5384615384615384,0.26666666666666666,0.2,intents::android_intent_action_MAIN(+0.250); intents::android_intent_category_LAUNCHER(+0.248); app_permissions::name='android_permission_INTERNET'(+0.233); app_permissions::name='android_permission_WRITE_EXTERNAL_STORAGE'(+0.232); interesting_calls::getSystemService(+0.212); api_permissions::android_permission_INTERNET(+0.209); app_permissions::name='android_permission_ACCESS_NETWORK_STATE'(+0.206); app_permissions::name='android_permission_WAKE_LOCK'(+0.198); interesting_calls::printStackTrace(+0.195); interesting_calls::getPackageInfo(+0.180),True,new_cluster
2018-08,42,3,6,23,False,False,False,1,0.5775559544563293,0.05263157894736842,0.6666666666666666,0.6666666666666666,api_permissions::android_permission_WAKE_LOCK(+0.139); api_permissions::android_permission_VIBRATE(+0.121); interesting_calls::getPackageInfo(+0.121); api_permissions::android_permission_ACCESS_FINE_LOCATION(+0.114); urls::http://www_w3_org/XML/1998/namespace(+0.114); interesting_calls::Read/Write External Storage(+0.113); api_calls::android/app/NotificationManager;->notify(+0.112); interesting_calls::Cipher(AES/CBC/PKCS5Padding)(+0.112); intents::android_intent_action_MAIN(+0.109); intents::android_intent_category_LAUNCHER(+0.109),True,new_cluster
2018-08,51,3,14,16,False,False,False,1,0.39718934893608093,0.25,1.0,0.6666666666666666,app_permissions::name='android_permission_READ_PHONE_STATE'(+0.304); intents::android_intent_action_MAIN(+0.293); intents::android_intent_category_LAUNCHER(+0.291); app_permissions::name='android_permission_INTERNET'(+0.284); interesting_calls::getSystemService(+0.252); api_permissions::android_permission_INTERNET(+0.250); app_permissions::name='android_permission_ACCESS_NETWORK_STATE'(+0.247); app_permissions::name='android_permission_WRITE_EXTERNAL_STORAGE'(+0.211); app_permissions::name='android_permission_ACCESS_WIFI_STATE'(+0.210); interesting_calls::getPackageInfo(+0.205),True,new_cluster
2018-08,54,5,17,14,False,False,False,1,0.8182212710380554,0.8181818181818182,0.8,0.6,activities::_MainActivity(+0.453); intents::android_intent_action_MAIN(+0.318); intents::android_intent_category_LAUNCHER(+0.317); interesting_calls::getSystemService(+0.261); api_permissions::android_permission_INTERNET(+0.261); app_permissions::name='android_permission_INTERNET'(+0.256); api_calls::android/webkit/WebView(+0.249); api_calls::android/content/Context;->startActivity(+0.206); api_permissions::android_permission_ACCESS_NETWORK_STATE(+0.183); app_permissions::name='android_permission_ACCESS_NETWORK_STATE'(+0.179),True,new_cluster
2018-08,24,18,1,29,False,False,False,1,0.6860734820365906,0.05263157894736842,0.2777777777777778,0.5,interesting_calls::Obfuscation(Base64)(+0.167); api_permissions::android_permission_MANAGE_ACCOUNTS(+0.165); api_calls::android/accounts/AccountManager;->invalidateAuthToken(+0.161); interesting_calls::Read/Write External Storage(+0.157); api_permissions::android_permission_ACCESS_FINE_LOCATION(+0.155); api_permissions::android_permission_READ_CONTACTS(+0.151); api_permissions::android_permission_VIBRATE(+0.151); api_calls::android/app/NotificationManager;->notify(+0.149); interesting_calls::printStackTrace(+0.148); api_permissions::android_permission_WAKE_LOCK(+0.147),True,new_cluster
2018-08,11,63,0,32,False,False,False,1,0.9141229391098022,0.42857142857142855,0.38095238095238093,0.38095238095238093,interesting_calls::Cipher(AES/CBC/PKCS5Padding)(+0.213); urls::http://media_admob_com/mraid/v1/mraid_app_expanded_banner_js(+0.210); urls::http://media_admob_com/mraid/v1/mraid_app_banner_js(+0.210); urls::http://media_admob_com/mraid/v1/mraid_app_interstitial_js(+0.210); interesting_calls::getPackageInfo(+0.209); app_permissions::name='android_permission_INTERNET'(+0.209); app_permissions::name='android_permission_ACCESS_NETWORK_STATE'(+0.206); intents::android_intent_action_MAIN(+0.204); intents::android_intent_category_LAUNCHER(+0.204); api_permissions::android_permission_INTERNET(+0.202),True,new_cluster
2018-08,13,137,0,31,False,False,False,1,0.870954155921936,0.42857142857142855,0.49635036496350365,0.30656934306569344,app_permissions::name='android_permission_WRITE_EXTERNAL_STORAGE'(+0.191); app_permissions::name='android_permission_READ_PHONE_STATE'(+0.186); app_permissions::name='android_permission_ACCESS_WIFI_STATE'(+0.183); intents::android_intent_action_MAIN(+0.182); intents::android_intent_category_LAUNCHER(+0.182); app_permissions::name='android_permission_INTERNET'(+0.181); app_permissions::name='android_permission_ACCESS_NETWORK_STATE'(+0.180); interesting_calls::printStackTrace(+0.176); interesting_calls::getSystemService(+0.174); interesting_calls::getPackageInfo(+0.174),True,new_cluster
2018-08,25,61,1,29,False,False,False,1,0.7928802371025085,0.17647058823529413,0.29508196721311475,0.29508196721311475,intents::android_intent_category_DEFAULT(+0.144); api_permissions::android_permission_ACCESS_WIFI_STATE(+0.137); app_permissions::name='android_permission_WRITE_EXTERNAL_STORAGE'(+0.136); interesting_calls::getPackageInfo(+0.135); app_permissions::name='android_permission_ACCESS_WIFI_STATE'(+0.132); interesting_calls::Read/Write External Storage(+0.131); interesting_calls::printStackTrace(+0.130); api_permissions::android_permission_VIBRATE(+0.130); app_permissions::name='android_permission_ACCESS_NETWORK_STATE'(+0.129); api_permissions::android_permission_READ_PHONE_STATE(+0.128),True,new_cluster
2018-08,55,35,18,13,False,False,False,1,0.7618532776832581,0.5384615384615384,0.8571428571428571,0.22857142857142856,api_permissions::android_permission_READ_LOGS(+0.300); api_calls::java/lang/Runtime;->exec(+0.299); app_permissions::name='android_permission_WRITE_EXTERNAL_STORAGE'(+0.278); intents::android_intent_action_MAIN(+0.253); intents::android_intent_category_LAUNCHER(+0.251); interesting_calls::printStackTrace(+0.249); app_permissions::name='android_permission_INTERNET'(+0.242); app_permissions::name='android_permission_ACCESS_NETWORK_STATE'(+0.217); interesting_calls::getSystemService(+0.205); api_permissions::android_permission_INTERNET(+0.201),True,new_cluster
2018-08,19,404,0,30,False,False,False,1,0.7798027992248535,0.42857142857142855,0.9504950495049505,0.10396039603960396,app_permissions::name='android_permission_WRITE_EXTERNAL_STORAGE'(+0.333); app_permissions::name='android_permission_READ_PHONE_STATE'(+0.272); app_permissions::name='android_permission_ACCESS_WIFI_STATE'(+0.245); app_permissions::name='android_permission_WAKE_LOCK'(+0.200); intents::android_intent_category_DEFAULT(+0.194); app_permissions::name='android_permission_ACCESS_NETWORK_STATE'(+0.188); interesting_calls::printStackTrace(+0.183); app_permissions::name='android_permission_VIBRATE'(+0.175); app_permissions::name='android_permission_INTERNET'(+0.170); api_permissions::android_permission_READ_LOGS(+0.161),True,new_cluster
2018-09,69,10,32,0,True,False,False,1,0.6624329686164856,0.6666666666666666,0.0,0.0,intents::android_intent_action_MAIN(+0.263); intents::android_intent_category_LAUNCHER(+0.260); app_permissions::name='android_permission_INTERNET'(+0.245); api_permissions::android_permission_INTERNET(+0.244); interesting_calls::getSystemService(+0.243); api_permissions::android_permission_ACCESS_NETWORK_STATE(+0.210); app_permissions::name='android_permission_ACCESS_NETWORK_STATE'(+0.207); interesting_calls::getPackageInfo(+0.198); api_permissions::android_permission_VIBRATE(+0.195); api_calls::android/net/ConnectivityManager;->getActiveNetworkInfo(+0.178),True,new_cluster
2018-09,35,4,3,27,False,False,False,1,0.6859705448150635,0.0,0.75,0.75,urls::https://api_weibo_com/2/statuses/hot/repost_daily_json(+0.085); intents::android_intent_category_DEFAULT(+0.083); interesting_calls::getPackageInfo(+0.082); app_permissions::name='android_permission_ACCESS_NETWORK_STATE'(+0.078); api_permissions::android_permission_ACCESS_WIFI_STATE(+0.078); interesting_calls::getDeviceId(+0.077); app_permissions::name='android_permission_WRITE_EXTERNAL_STORAGE'(+0.076); app_permissions::name='android_permission_ACCESS_WIFI_STATE'(+0.076); app_permissions::name='android_permission_INTERNET'(+0.075); api_permissions::android_permission_READ_PHONE_STATE(+0.074),True,new_cluster
2018-09,11,18,0,33,False,False,False,1,0.9263591170310974,0.17647058823529413,0.5555555555555556,0.5555555555555556,interesting_calls::Cipher(AES/CBC/PKCS5Padding)(+0.213); urls::http://media_admob_com/mraid/v1/mraid_app_expanded_banner_js(+0.210); urls::http://media_admob_com/mraid/v1/mraid_app_banner_js(+0.210); urls::http://media_admob_com/mraid/v1/mraid_app_interstitial_js(+0.210); interesting_calls::getPackageInfo(+0.209); app_permissions::name='android_permission_INTERNET'(+0.209); app_permissions::name='android_permission_ACCESS_NETWORK_STATE'(+0.206); intents::android_intent_action_MAIN(+0.204); intents::android_intent_category_LAUNCHER(+0.204); api_permissions::android_permission_INTERNET(+0.202),True,new_cluster
2018-09,54,15,17,15,False,False,False,1,0.8390265703201294,0.6666666666666666,0.6666666666666666,0.4666666666666667,activities::_MainActivity(+0.450); intents::android_intent_action_MAIN(+0.318); intents::android_intent_category_LAUNCHER(+0.317); interesting_calls::getSystemService(+0.261); api_permissions::android_permission_INTERNET(+0.261); app_permissions::name='android_permission_INTERNET'(+0.257); api_calls::android/webkit/WebView(+0.252); api_calls::android/content/Context;->startActivity(+0.208); api_permissions::android_permission_ACCESS_NETWORK_STATE(+0.183); app_permissions::name='android_permission_ACCESS_NETWORK_STATE'(+0.179),True,new_cluster
2018-09,13,102,0,32,False,False,False,1,0.8535696268081665,0.42857142857142855,0.6764705882352942,0.3333333333333333,app_permissions::name='android_permission_WRITE_EXTERNAL_STORAGE'(+0.191); app_permissions::name='android_permission_READ_PHONE_STATE'(+0.187); app_permissions::name='android_permission_ACCESS_WIFI_STATE'(+0.183); intents::android_intent_action_MAIN(+0.182); intents::android_intent_category_LAUNCHER(+0.182); app_permissions::name='android_permission_INTERNET'(+0.181); app_permissions::name='android_permission_ACCESS_NETWORK_STATE'(+0.180); interesting_calls::printStackTrace(+0.176); interesting_calls::getPackageInfo(+0.174); interesting_calls::getSystemService(+0.174),True,new_cluster
2018-09,32,4,3,28,False,False,False,1,0.6705966591835022,0.05263157894736842,0.25,0.25,interesting_calls::Read/Write External Storage(+0.127); api_permissions::android_permission_WAKE_LOCK(+0.124); interesting_calls::getPackageInfo(+0.123); api_permissions::android_permission_VIBRATE(+0.119); api_permissions::android_permission_ACCESS_FINE_LOCATION(+0.119); api_permissions::android_permission_ACCESS_NETWORK_STATE(+0.118); interesting_calls::getDeviceId(+0.117); interesting_calls::getSystemService(+0.117); intents::android_intent_action_MAIN(+0.117); api_permissions::android_permission_INTERNET(+0.116),True,new_cluster
2018-09,25,56,1,30,False,False,False,1,0.7873210310935974,0.17647058823529413,0.21428571428571427,0.21428571428571427,intents::android_intent_category_DEFAULT(+0.144); api_permissions::android_permission_ACCESS_WIFI_STATE(+0.137); app_permissions::name='android_permission_WRITE_EXTERNAL_STORAGE'(+0.136); interesting_calls::getPackageInfo(+0.136); app_permissions::name='android_permission_ACCESS_WIFI_STATE'(+0.132); interesting_calls::Read/Write External Storage(+0.131); interesting_calls::printStackTrace(+0.130); api_permissions::android_permission_VIBRATE(+0.130); app_permissions::name='android_permission_ACCESS_NETWORK_STATE'(+0.129); api_permissions::android_permission_READ_PHONE_STATE(+0.128),True,new_cluster
2018-09,49,6,13,19,False,False,False,1,0.7208884358406067,0.5384615384615384,0.16666666666666666,0.16666666666666666,intents::android_intent_category_DEFAULT(+0.311); intents::android_intent_action_MAIN(+0.288); intents::android_intent_category_LAUNCHER(+0.286); interesting_calls::getSystemService(+0.258); app_permissions::name='android_permission_INTERNET'(+0.254); api_permissions::android_permission_INTERNET(+0.253); intents::android_intent_action_VIEW(+0.238); app_permissions::name='android_permission_WRITE_EXTERNAL_STORAGE'(+0.224); api_permissions::android_permission_ACCESS_NETWORK_STATE(+0.201); app_permissions::name='android_permission_ACCESS_NETWORK_STATE'(+0.200),True,new_cluster
2018-09,55,24,18,14,False,False,False,1,0.7253659963607788,0.5384615384615384,0.9583333333333334,0.08333333333333333,api_permissions::android_permission_READ_LOGS(+0.302); api_calls::java/lang/Runtime;->exec(+0.302); app_permissions::name='android_permission_WRITE_EXTERNAL_STORAGE'(+0.280); intents::android_intent_action_MAIN(+0.252); intents::android_intent_category_LAUNCHER(+0.250); interesting_calls::printStackTrace(+0.243); app_permissions::name='android_permission_INTERNET'(+0.241); app_permissions::name='android_permission_ACCESS_NETWORK_STATE'(+0.217); interesting_calls::getSystemService(+0.203); api_permissions::android_permission_INTERNET(+0.199),True,new_cluster
2018-09,31,13,2,29,False,False,False,1,0.6878136396408081,0.1111111111111111,0.07692307692307693,0.07692307692307693,interesting_calls::Read/Write External Storage(+0.180); api_permissions::android_permission_READ_CONTACTS(+0.162); app_permissions::name='android_permission_WRITE_EXTERNAL_STORAGE'(+0.161); interesting_calls::Obfuscation(Base64)(+0.159); api_calls::android/app/NotificationManager;->notify(+0.154); interesting_calls::printStackTrace(+0.139); api_permissions::android_permission_INTERNET(+0.134); interesting_calls::getSystemService(+0.132); intents::android_intent_action_MAIN(+0.131); intents::android_intent_category_LAUNCHER(+0.131),True,new_cluster
2018-10,70,11,33,0,True,False,False,1,0.7055221796035767,0.8181818181818182,0.45454545454545453,0.09090909090909091,app_permissions::name='android_permission_WRITE_EXTERNAL_STORAGE'(+0.255); intents::android_intent_action_MAIN(+0.241); intents::android_intent_category_LAUNCHER(+0.239); activities::_MainActivity(+0.226); app_permissions::name='android_permission_INTERNET'(+0.218); interesting_calls::getSystemService(+0.208); api_permissions::android_permission_INTERNET(+0.206); app_permissions::name='android_permission_ACCESS_FINE_LOCATION'(+0.202); app_permissions::name='android_permission_ACCESS_COARSE_LOCATION'(+0.200); app_permissions::name='android_permission_ACCESS_NETWORK_STATE'(+0.198),True,new_cluster
2018-10,68,23,31,2,False,False,False,1,0.5979375839233398,0.3333333333333333,0.7391304347826086,0.30434782608695654,app_permissions::name='android_permission_WAKE_LOCK'(+0.272); app_permissions::name='android_permission_WRITE_EXTERNAL_STORAGE'(+0.257); app_permissions::name='android_permission_INTERNET'(+0.228); intents::android_intent_action_MAIN(+0.227); intents::android_intent_category_LAUNCHER(+0.226); app_permissions::name='android_permission_ACCESS_NETWORK_STATE'(+0.212); api_permissions::android_permission_READ_LOGS(+0.191); api_calls::java/lang/Runtime;->exec(+0.191); interesting_calls::getPackageInfo(+0.189); interesting_calls::getSystemService(+0.185),True,new_cluster
2018-10,24,17,1,31,False,False,False,1,0.6696180701255798,0.05263157894736842,0.35294117647058826,0.29411764705882354,interesting_calls::Obfuscation(Base64)(+0.168); api_permissions::android_permission_MANAGE_ACCOUNTS(+0.166); api_calls::android/accounts/AccountManager;->invalidateAuthToken(+0.162); interesting_calls::Read/Write External Storage(+0.158); api_permissions::android_permission_ACCESS_FINE_LOCATION(+0.156); api_permissions::android_permission_READ_CONTACTS(+0.151); api_permissions::android_permission_VIBRATE(+0.151); api_calls::android/app/NotificationManager;->notify(+0.150); interesting_calls::printStackTrace(+0.149); api_permissions::android_permission_WAKE_LOCK(+0.147),True,new_cluster
2018-10,54,17,17,16,False,False,False,1,0.7784348726272583,0.6666666666666666,0.9411764705882353,0.29411764705882354,activities::_MainActivity(+0.448); intents::android_intent_action_MAIN(+0.318); intents::android_intent_category_LAUNCHER(+0.317); interesting_calls::getSystemService(+0.261); api_permissions::android_permission_INTERNET(+0.261); app_permissions::name='android_permission_INTERNET'(+0.257); api_calls::android/webkit/WebView(+0.254); api_calls::android/content/Context;->startActivity(+0.210); api_permissions::android_permission_ACCESS_NETWORK_STATE(+0.183); app_permissions::name='android_permission_ACCESS_NETWORK_STATE'(+0.181),True,new_cluster
2018-10,19,145,0,32,False,False,False,1,0.8034133315086365,0.5384615384615384,0.9586206896551724,0.2620689655172414,app_permissions::name='android_permission_WRITE_EXTERNAL_STORAGE'(+0.330); app_permissions::name='android_permission_READ_PHONE_STATE'(+0.272); app_permissions::name='android_permission_ACCESS_WIFI_STATE'(+0.245); app_permissions::name='android_permission_WAKE_LOCK'(+0.201); intents::android_intent_category_DEFAULT(+0.197); app_permissions::name='android_permission_ACCESS_NETWORK_STATE'(+0.187); app_permissions::name='android_permission_VIBRATE'(+0.177); interesting_calls::printStackTrace(+0.174); app_permissions::name='android_permission_INTERNET'(+0.168); app_permissions::name='android_permission_ACCESS_COARSE_LOCATION'(+0.164),True,new_cluster
2018-10,51,17,14,17,False,False,False,1,0.6010129451751709,0.5384615384615384,0.7647058823529411,0.23529411764705882,app_permissions::name='android_permission_READ_PHONE_STATE'(+0.315); intents::android_intent_action_MAIN(+0.287); intents::android_intent_category_LAUNCHER(+0.285); app_permissions::name='android_permission_INTERNET'(+0.283); app_permissions::name='android_permission_ACCESS_NETWORK_STATE'(+0.251); interesting_calls::getSystemService(+0.244); api_permissions::android_permission_INTERNET(+0.242); app_permissions::name='android_permission_WRITE_EXTERNAL_STORAGE'(+0.237); app_permissions::name='android_permission_ACCESS_WIFI_STATE'(+0.230); interesting_calls::getPackageInfo(+0.205),True,new_cluster
2018-10,13,82,0,33,False,False,False,1,0.8395875692367554,0.3333333333333333,0.7560975609756098,0.18292682926829268,app_permissions::name='android_permission_WRITE_EXTERNAL_STORAGE'(+0.191); app_permissions::name='android_permission_READ_PHONE_STATE'(+0.187); app_permissions::name='android_permission_ACCESS_WIFI_STATE'(+0.183); intents::android_intent_action_MAIN(+0.183); intents::android_intent_category_LAUNCHER(+0.182); app_permissions::name='android_permission_INTERNET'(+0.181); app_permissions::name='android_permission_ACCESS_NETWORK_STATE'(+0.180); interesting_calls::printStackTrace(+0.176); interesting_calls::getPackageInfo(+0.174); interesting_calls::getSystemService(+0.174),True,new_cluster
2018-10,44,484,7,26,False,False,False,1,0.8312130570411682,0.5384615384615384,0.14049586776859505,0.1487603305785124,api_permissions::android_permission_ACCESS_NETWORK_STATE(+0.233); interesting_calls::getSystemService(+0.231); api_permissions::android_permission_INTERNET(+0.229); intents::android_intent_action_MAIN(+0.229); intents::android_intent_category_LAUNCHER(+0.228); api_calls::android/net/ConnectivityManager;->getActiveNetworkInfo(+0.222); app_permissions::name='android_permission_INTERNET'(+0.215); interesting_calls::getPackageInfo(+0.214); app_permissions::name='android_permission_ACCESS_NETWORK_STATE'(+0.203); interesting_calls::Obfuscation(Base64)(+0.203),True,new_cluster
2018-10,25,7,1,31,False,False,False,1,0.6321999430656433,0.05263157894736842,0.2857142857142857,0.14285714285714285,intents::android_intent_category_DEFAULT(+0.145); api_permissions::android_permission_ACCESS_WIFI_STATE(+0.137); app_permissions::name='android_permission_WRITE_EXTERNAL_STORAGE'(+0.136); interesting_calls::getPackageInfo(+0.136); app_permissions::name='android_permission_ACCESS_WIFI_STATE'(+0.132); interesting_calls::Read/Write External Storage(+0.131); interesting_calls::printStackTrace(+0.130); api_permissions::android_permission_VIBRATE(+0.130); app_permissions::name='android_permission_ACCESS_NETWORK_STATE'(+0.129); api_permissions::android_permission_READ_PHONE_STATE(+0.128),True,new_cluster
2018-10,34,43,3,29,False,False,False,1,0.8572561144828796,0.3333333333333333,0.09302325581395349,0.09302325581395349,api_calls::android/hardware/Camera;->open(+0.185); api_permissions::android_permission_CAMERA(+0.185); api_permissions::android_permission_VIBRATE(+0.178); app_permissions::name='android_permission_CAMERA'(+0.175); intents::android_intent_action_MAIN(+0.166); intents::android_intent_category_LAUNCHER(+0.165); interesting_calls::printStackTrace(+0.164); interesting_calls::getPackageInfo(+0.163); interesting_calls::getSystemService(+0.160); api_permissions::android_permission_INTERNET(+0.158),True,new_cluster
2018-11,71,11,34,0,True,False,False,1,0.5035285949707031,0.3333333333333333,0.45454545454545453,0.2727272727272727,activities::_MainActivity(+0.351); intents::android_intent_action_MAIN(+0.268); intents::android_intent_category_LAUNCHER(+0.265); app_permissions::name='android_permission_INTERNET'(+0.223); interesting_calls::getSystemService(+0.209); api_permissions::android_permission_INTERNET(+0.204); app_permissions::name='android_permission_WRITE_EXTERNAL_STORAGE'(+0.202); interesting_calls::printStackTrace(+0.201); app_permissions::name='android_permission_ACCESS_NETWORK_STATE'(+0.188); app_permissions::name='android_permission_VIBRATE'(+0.181),True,new_cluster
2018-11,16,9,0,35,False,False,False,1,0.8197823166847229,0.25,0.0,0.3333333333333333,interesting_calls::getPackageInfo(+0.149); interesting_calls::Obfuscation(Base64)(+0.146); app_permissions::name='android_permission_INTERNET'(+0.144); api_permissions::android_permission_READ_CONTACTS(+0.143); intents::android_intent_action_MAIN(+0.142); intents::android_intent_category_LAUNCHER(+0.141); api_permissions::android_permission_VIBRATE(+0.141); api_permissions::android_permission_INTERNET(+0.141); interesting_calls::getSystemService(+0.141); api_permissions::android_permission_ACCESS_NETWORK_STATE(+0.141),True,new_cluster
2018-11,10,11,0,33,False,False,False,1,0.6624938249588013,0.42857142857142855,0.36363636363636365,0.2727272727272727,intents::android_intent_action_MAIN(+0.349); intents::android_intent_category_LAUNCHER(+0.346); api_permissions::android_permission_INTERNET(+0.306); interesting_calls::getSystemService(+0.306); app_permissions::name='android_permission_INTERNET'(+0.305); api_calls::android/webkit/WebView(+0.240); api_permissions::android_permission_ACCESS_NETWORK_STATE(+0.229); app_permissions::name='android_permission_ACCESS_NETWORK_STATE'(+0.227); interesting_calls::getPackageInfo(+0.192); activities::_MainActivity(+0.191),True,new_cluster
2018-11,36,4,3,29,False,False,False,1,0.6896178126335144,0.3333333333333333,0.0,0.25,intents::android_intent_action_MAIN(+0.249); intents::android_intent_category_LAUNCHER(+0.247); api_permissions::android_permission_INTERNET(+0.245); interesting_calls::getSystemService(+0.243); app_permissions::name='android_permission_INTERNET'(+0.225); api_permissions::android_permission_ACCESS_NETWORK_STATE(+0.222); api_calls::android/app/NotificationManager;->notify(+0.211); api_calls::android/net/ConnectivityManager;->getActiveNetworkInfo(+0.205); api_permissions::android_permission_VIBRATE(+0.193); app_permissions::name='android_permission_ACCESS_NETWORK_STATE'(+0.188),True,new_cluster
2018-11,55,25,18,16,False,False,False,1,0.7022097706794739,0.6666666666666666,0.76,0.24,api_permissions::android_permission_READ_LOGS(+0.299); api_calls::java/lang/Runtime;->exec(+0.299); app_permissions::name='android_permission_WRITE_EXTERNAL_STORAGE'(+0.276); intents::android_intent_action_MAIN(+0.251); intents::android_intent_category_LAUNCHER(+0.249); app_permissions::name='android_permission_INTERNET'(+0.241); interesting_calls::printStackTrace(+0.234); app_permissions::name='android_permission_ACCESS_NETWORK_STATE'(+0.219); interesting_calls::getSystemService(+0.203); api_permissions::android_permission_INTERNET(+0.199),True,new_cluster
2018-11,13,82,0,34,False,False,False,1,0.8056278824806213,0.25,0.7560975609756098,0.1951219512195122,app_permissions::name='android_permission_WRITE_EXTERNAL_STORAGE'(+0.192); app_permissions::name='android_permission_READ_PHONE_STATE'(+0.187); app_permissions::name='android_permission_ACCESS_WIFI_STATE'(+0.183); intents::android_intent_action_MAIN(+0.183); intents::android_intent_category_LAUNCHER(+0.182); app_permissions::name='android_permission_INTERNET'(+0.182); app_permissions::name='android_permission_ACCESS_NETWORK_STATE'(+0.180); interesting_calls::printStackTrace(+0.176); interesting_calls::getPackageInfo(+0.174); interesting_calls::getSystemService(+0.174),True,new_cluster
2018-11,25,6,1,32,False,False,False,1,0.6316219568252563,0.25,0.5,0.16666666666666666,intents::android_intent_category_DEFAULT(+0.145); api_permissions::android_permission_ACCESS_WIFI_STATE(+0.137); app_permissions::name='android_permission_WRITE_EXTERNAL_STORAGE'(+0.136); interesting_calls::getPackageInfo(+0.136); app_permissions::name='android_permission_ACCESS_WIFI_STATE'(+0.132); interesting_calls::Read/Write External Storage(+0.131); interesting_calls::printStackTrace(+0.130); api_permissions::android_permission_VIBRATE(+0.130); app_permissions::name='android_permission_ACCESS_NETWORK_STATE'(+0.129); api_permissions::android_permission_READ_PHONE_STATE(+0.128),True,new_cluster
2018-11,24,20,1,32,False,False,False,1,0.6846722960472107,0.05263157894736842,0.25,0.15,interesting_calls::Obfuscation(Base64)(+0.168); api_permissions::android_permission_MANAGE_ACCOUNTS(+0.166); api_calls::android/accounts/AccountManager;->invalidateAuthToken(+0.162); interesting_calls::Read/Write External Storage(+0.158); api_permissions::android_permission_ACCESS_FINE_LOCATION(+0.156); api_permissions::android_permission_READ_CONTACTS(+0.151); api_permissions::android_permission_VIBRATE(+0.151); api_calls::android/app/NotificationManager;->notify(+0.150); interesting_calls::printStackTrace(+0.150); api_permissions::android_permission_WAKE_LOCK(+0.148),True,new_cluster
2018-11,67,9,30,4,False,False,False,1,0.7631593346595764,0.42857142857142855,0.3333333333333333,0.1111111111111111,intents::android_intent_action_MAIN(+0.228); intents::android_intent_category_LAUNCHER(+0.227); app_permissions::name='android_permission_INTERNET'(+0.225); interesting_calls::getSystemService(+0.214); api_permissions::android_permission_INTERNET(+0.214); api_permissions::android_permission_READ_PHONE_STATE(+0.205); app_permissions::name='android_permission_ACCESS_NETWORK_STATE'(+0.200); interesting_calls::getPackageInfo(+0.198); api_permissions::android_permission_ACCESS_NETWORK_STATE(+0.185); app_permissions::name='android_permission_READ_PHONE_STATE'(+0.181),True,new_cluster
2018-11,68,29,31,3,False,False,False,1,0.5674436092376709,0.42857142857142855,0.6206896551724138,0.10344827586206896,app_permissions::name='android_permission_WAKE_LOCK'(+0.295); app_permissions::name='android_permission_WRITE_EXTERNAL_STORAGE'(+0.268); app_permissions::name='android_permission_INTERNET'(+0.229); intents::android_intent_action_MAIN(+0.223); intents::android_intent_category_LAUNCHER(+0.222); app_permissions::name='android_permission_ACCESS_NETWORK_STATE'(+0.216); app_permissions::name='android_permission_READ_PHONE_STATE'(+0.195); app_permissions::name='android_permission_ACCESS_WIFI_STATE'(+0.192); interesting_calls::getPackageInfo(+0.190); app_permissions::name='com_google_android_c2dm_permission_RECEIVE'(+0.190),True,new_cluster
2018-12,23,3,1,33,False,False,False,1,0.695628821849823,0.0,0.0,0.6666666666666666,interesting_calls::Obfuscation(Base64)(+0.168); api_permissions::android_permission_MANAGE_ACCOUNTS(+0.166); api_calls::android/accounts/AccountManager;->invalidateAuthToken(+0.162); interesting_calls::Read/Write External Storage(+0.158); api_permissions::android_permission_ACCESS_FINE_LOCATION(+0.156); api_permissions::android_permission_READ_CONTACTS(+0.151); api_permissions::android_permission_VIBRATE(+0.151); api_calls::android/app/NotificationManager;->notify(+0.150); interesting_calls::printStackTrace(+0.150); api_permissions::android_permission_WAKE_LOCK(+0.148),True,new_cluster
2018-12,13,9,0,35,False,False,False,1,0.7730751037597656,0.42857142857142855,0.4444444444444444,0.3333333333333333,app_permissions::name='android_permission_WRITE_EXTERNAL_STORAGE'(+0.192); app_permissions::name='android_permission_READ_PHONE_STATE'(+0.187); app_permissions::name='android_permission_ACCESS_WIFI_STATE'(+0.183); intents::android_intent_action_MAIN(+0.183); intents::android_intent_category_LAUNCHER(+0.182); app_permissions::name='android_permission_INTERNET'(+0.182); app_permissions::name='android_permission_ACCESS_NETWORK_STATE'(+0.180); interesting_calls::printStackTrace(+0.176); interesting_calls::getPackageInfo(+0.175); interesting_calls::getSystemService(+0.174),True,new_cluster
2018-12,7,5,0,36,False,False,False,1,0.9155048727989197,0.25,0.0,0.2,api_permissions::android_permission_READ_CONTACTS(+0.148); api_permissions::android_permission_VIBRATE(+0.148); urls::http://www_google_com(+0.147); urls::https://www_googletagmanager_com(+0.147); urls::http://hostname/?(+0.147); urls::http://media_admob_com/mraid/v1/mraid_app_interstitial_js(+0.147); urls::http://media_admob_com/mraid/v1/mraid_app_banner_js(+0.147); urls::http://media_admob_com/mraid/v1/mraid_app_expanded_banner_js(+0.147); urls::http://plus_google_com/(+0.147); interesting_calls::Cipher(AES/CBC/PKCS5Padding)(+0.146),True,new_cluster
2018-12,67,8,31,4,False,False,False,1,0.5595026612281799,0.5384615384615384,0.75,0.125,app_permissions::name='android_permission_WAKE_LOCK'(+0.297); app_permissions::name='android_permission_WRITE_EXTERNAL_STORAGE'(+0.267); app_permissions::name='android_permission_INTERNET'(+0.227); intents::android_intent_action_MAIN(+0.221); intents::android_intent_category_LAUNCHER(+0.220); app_permissions::name='android_permission_ACCESS_NETWORK_STATE'(+0.216); app_permissions::name='android_permission_READ_PHONE_STATE'(+0.201); app_permissions::name='android_permission_ACCESS_WIFI_STATE'(+0.199); app_permissions::name='com_google_android_c2dm_permission_RECEIVE'(+0.193); interesting_calls::getPackageInfo(+0.189),True,new_cluster
2018-12,50,12,14,19,False,False,False,1,0.6761980056762695,0.5384615384615384,0.6666666666666666,0.08333333333333333,app_permissions::name='android_permission_READ_PHONE_STATE'(+0.321); app_permissions::name='android_permission_INTERNET'(+0.279); app_permissions::name='android_permission_WRITE_EXTERNAL_STORAGE'(+0.279); intents::android_intent_action_MAIN(+0.277); intents::android_intent_category_LAUNCHER(+0.275); app_permissions::name='android_permission_ACCESS_WIFI_STATE'(+0.272); app_permissions::name='android_permission_ACCESS_NETWORK_STATE'(+0.257); interesting_calls::getSystemService(+0.229); api_permissions::android_permission_INTERNET(+0.226); interesting_calls::getPackageInfo(+0.203),True,new_cluster
2018-12,22,119,1,34,False,False,False,1,0.7797881960868835,0.05263157894736842,0.058823529411764705,0.058823529411764705,api_permissions::android_permission_WAKE_LOCK(+0.169); interesting_calls::getPackageInfo(+0.163); api_permissions::android_permission_VIBRATE(+0.163); intents::android_intent_action_MAIN(+0.157); interesting_calls::Read/Write External Storage(+0.157); app_permissions::name='android_permission_INTERNET'(+0.157); intents::android_intent_category_LAUNCHER(+0.156); api_permissions::android_permission_INTERNET(+0.154); interesting_calls::getSystemService(+0.154); interesting_calls::Obfuscation(Base64)(+0.154),True,new_cluster
2018-12,40,82,5,27,False,False,False,1,0.7832029461860657,0.6666666666666666,0.04878048780487805,0.04878048780487805,api_permissions::android_permission_WAKE_LOCK(+0.196); api_permissions::android_permission_VIBRATE(+0.190); intents::android_intent_action_MAIN(+0.181); interesting_calls::getPackageInfo(+0.181); intents::android_intent_category_LAUNCHER(+0.181); interesting_calls::getSystemService(+0.180); api_permissions::android_permission_INTERNET(+0.180); app_permissions::name='android_permission_INTERNET'(+0.177); interesting_calls::Obfuscation(Base64)(+0.176); api_permissions::android_permission_ACCESS_NETWORK_STATE(+0.172),True,new_cluster
2018-12,60,73,24,11,False,False,False,1,0.6895790696144104,0.1111111111111111,0.0136986301369863,0.0273972602739726,interesting_calls::getPackageInfo(+0.155); api_permissions::android_permission_ACCESS_WIFI_STATE(+0.151); app_permissions::name='android_permission_RECEIVE_BOOT_COMPLETED'(+0.149); app_permissions::name='android_permission_WAKE_LOCK'(+0.146); intents::android_intent_action_MAIN(+0.145); intents::android_intent_category_LAUNCHER(+0.144); intents::android_intent_category_DEFAULT(+0.143); app_permissions::name='android_permission_VIBRATE'(+0.141); app_permissions::name='android_permission_ACCESS_NETWORK_STATE'(+0.141); intents::android_intent_action_BOOT_COMPLETED(+0.140),True,new_cluster
2018-12,0,341,0,36,False,False,False,1,0.7966064214706421,0.25,0.020527859237536656,0.011730205278592375,interesting_calls::Obfuscation(Base64)(+0.171); interesting_calls::getPackageInfo(+0.170); api_permissions::android_permission_VIBRATE(+0.165); api_permissions::android_permission_WAKE_LOCK(+0.163); api_permissions::android_permission_ACCESS_NETWORK_STATE(+0.160); interesting_calls::getSystemService(+0.156); api_permissions::android_permission_INTERNET(+0.156); intents::android_intent_action_MAIN(+0.154); intents::android_intent_category_LAUNCHER(+0.153); app_permissions::name='android_permission_INTERNET'(+0.153),True,new_cluster
2018-12,46,25,10,24,False,False,False,1,0.6265915036201477,0.05263157894736842,0.0,0.0,api_permissions::android_permission_WAKE_LOCK(+0.178); interesting_calls::getDeviceId(+0.178); api_permissions::android_permission_VIBRATE(+0.174); interesting_calls::Read/Write External Storage(+0.164); api_calls::android/net/ConnectivityManager;->getActiveNetworkInfo(+0.162); api_permissions::android_permission_ACCESS_FINE_LOCATION(+0.162); api_permissions::android_permission_ACCESS_NETWORK_STATE(+0.161); interesting_calls::Obfuscation(Base64)(+0.158); api_permissions::android_permission_INTERNET(+0.153); api_permissions::android_permission_CAMERA(+0.153),True,new_cluster
